ISO-10303-21;
HEADER;
FILE_DESCRIPTION (( 'STEP AP214' ),
    '1' );
FILE_NAME ('MC78M08ABDTRKG.STEP',
    '2022-08-08T12:41:07',
    ( '' ),
    ( '' ),
    'SwSTEP 2.0',
    'SolidWorks 2018',
    '' );
FILE_SCHEMA (( 'AUTOMOTIVE_DESIGN' ));
ENDSEC;

DATA;
#1 = ORIENTED_EDGE ( 'NONE', *, *, #3029, .F. ) ;
#2 = CARTESIAN_POINT ( 'NONE',  ( 1.719999999999999973, 0.3800000000000001155, 4.250000000000000000 ) ) ;
#3 = VECTOR ( 'NONE', #1731, 1000.000000000000000 ) ;
#4 = EDGE_CURVE ( 'NONE', #348, #3837, #3641, .T. ) ;
#5 = COLOUR_RGB ( '',0.1098039215686274495, 0.1098039215686274495, 0.1098039215686274495 ) ;
#6 = DIRECTION ( 'NONE',  ( 1.000000000000000000, 0.000000000000000000, 0.000000000000000000 ) ) ;
#7 = COLOUR_RGB ( '',0.6666666666666666297, 0.6980392156862744724, 0.7686274509803920907 ) ;
#8 = SURFACE_STYLE_USAGE ( .BOTH. , #1224 ) ;
#9 = FILL_AREA_STYLE_COLOUR ( '', #688 ) ;
#10 =( GEOMETRIC_REPRESENTATION_CONTEXT ( 3 ) GLOBAL_UNCERTAINTY_ASSIGNED_CONTEXT ( ( #324 ) ) GLOBAL_UNIT_ASSIGNED_CONTEXT ( ( #1727, #3523, #3814 ) ) REPRESENTATION_CONTEXT ( 'NONE', 'WORKASPACE' ) );
#11 = AXIS2_PLACEMENT_3D ( 'NONE', #2004, #1721, #3806 ) ;
#12 = VECTOR ( 'NONE', #2634, 1000.000000000000000 ) ;
#13 = AXIS2_PLACEMENT_3D ( 'NONE', #3444, #3753, #2554 ) ;
#14 = EDGE_CURVE ( 'NONE', #2164, #2148, #2230, .T. ) ;
#15 = EDGE_LOOP ( 'NONE', ( #513, #1016, #3852, #3353 ) ) ;
#16 = LINE ( 'NONE', #2290, #102 ) ;
#17 = ORIENTED_EDGE ( 'NONE', *, *, #3295, .T. ) ;
#18 = AXIS2_PLACEMENT_3D ( 'NONE', #1433, #2613, #1136 ) ;
#19 = ADVANCED_FACE ( 'NONE', ( #1179 ), #2036, .F. ) ;
#20 = FILL_AREA_STYLE_COLOUR ( '', #2323 ) ;
#21 = ORIENTED_EDGE ( 'NONE', *, *, #2682, .T. ) ;
#22 = DIRECTION ( 'NONE',  ( 0.000000000000000000, -0.000000000000000000, -1.000000000000000000 ) ) ;
#23 = SURFACE_STYLE_FILL_AREA ( #1591 ) ;
#24 = DIRECTION ( 'NONE',  ( 0.000000000000000000, -1.000000000000000000, 0.000000000000000000 ) ) ;
#25 = ORIENTED_EDGE ( 'NONE', *, *, #1824, .T. ) ;
#26 = EDGE_LOOP ( 'NONE', ( #2543, #3149, #668, #3726, #1247, #3108, #3557 ) ) ;
#27 = EDGE_LOOP ( 'NONE', ( #1173, #3585, #1059, #283 ) ) ;
#28 = CARTESIAN_POINT ( 'NONE',  ( 3.365000000000000657, 2.379999999999999893, 3.109999999999998987 ) ) ;
#29 = UNCERTAINTY_MEASURE_WITH_UNIT (LENGTH_MEASURE( 1.000000000000000082E-05 ), #2688, 'distance_accuracy_value', 'NONE');
#30 = ORIENTED_EDGE ( 'NONE', *, *, #3074, .T. ) ;
#31 = DIRECTION ( 'NONE',  ( 0.000000000000000000, 0.1391731009600587488, -0.9902680687415712502 ) ) ;
#32 = ADVANCED_FACE ( 'NONE', ( #414 ), #1821, .F. ) ;
#33 = SURFACE_STYLE_FILL_AREA ( #792 ) ;
#34 = ORIENTED_EDGE ( 'NONE', *, *, #3489, .F. ) ;
#35 = ORIENTED_EDGE ( 'NONE', *, *, #1285, .F. ) ;
#36 = ORIENTED_EDGE ( 'NONE', *, *, #2372, .F. ) ;
#37 = VERTEX_POINT ( 'NONE', #544 ) ;
#38 = CARTESIAN_POINT ( 'NONE',  ( -3.364999999999999769, 2.379999999999999893, 3.109999999999998987 ) ) ;
#39 = FILL_AREA_STYLE ('',( #318 ) ) ;
#40 = SURFACE_STYLE_FILL_AREA ( #1897 ) ;
#41 = SURFACE_STYLE_FILL_AREA ( #2680 ) ;
#42 = SURFACE_STYLE_FILL_AREA ( #3440 ) ;
#43 = DIRECTION ( 'NONE',  ( -1.000000000000000000, 0.000000000000000000, 0.000000000000000000 ) ) ;
#44 = EDGE_CURVE ( 'NONE', #984, #2848, #2607, .T. ) ;
#45 = FACE_OUTER_BOUND ( 'NONE', #166, .T. ) ;
#46 = VECTOR ( 'NONE', #958, 1000.000000000000000 ) ;
#47 = ORIENTED_EDGE ( 'NONE', *, *, #1415, .F. ) ;
#48 = DIRECTION ( 'NONE',  ( 1.000000000000000000, 0.000000000000000000, 0.000000000000000000 ) ) ;
#49 = SURFACE_STYLE_FILL_AREA ( #232 ) ;
#50 = CYLINDRICAL_SURFACE ( 'NONE', #3690, 0.4999999999999995559 ) ;
#51 = DIRECTION ( 'NONE',  ( -0.000000000000000000, 1.000000000000000000, 4.293869990041603930E-16 ) ) ;
#52 = PRESENTATION_STYLE_ASSIGNMENT (( #782 ) ) ;
#53 = ORIENTED_EDGE ( 'NONE', *, *, #3127, .T. ) ;
#54 = STYLED_ITEM ( 'NONE', ( #3788 ), #3099 ) ;
#55 =( GEOMETRIC_REPRESENTATION_CONTEXT ( 3 ) GLOBAL_UNCERTAINTY_ASSIGNED_CONTEXT ( ( #440 ) ) GLOBAL_UNIT_ASSIGNED_CONTEXT ( ( #2636, #1437, #556 ) ) REPRESENTATION_CONTEXT ( 'NONE', 'WORKASPACE' ) );
#56 = PLANE ( 'NONE',  #1414 ) ;
#57 = STYLED_ITEM ( 'NONE', ( #681 ), #67 ) ;
#58 = EDGE_CURVE ( 'NONE', #293, #37, #3389, .T. ) ;
#59 = ADVANCED_FACE ( 'NONE', ( #1222 ), #1852, .F. ) ;
#60 = VERTEX_POINT ( 'NONE', #646 ) ;
#61 = DIRECTION ( 'NONE',  ( 0.000000000000000000, -1.000000000000000000, 0.000000000000000000 ) ) ;
#62 = AXIS2_PLACEMENT_3D ( 'NONE', #1959, #1903, #1071 ) ;
#63 = EDGE_LOOP ( 'NONE', ( #1928, #282, #2646, #498, #3848, #871, #2635, #1605 ) ) ;
#64 = CARTESIAN_POINT ( 'NONE',  ( -2.859999999999999876, 1.125490299132028804, 5.072401491912580163 ) ) ;
#65 = DIRECTION ( 'NONE',  ( 0.000000000000000000, 0.000000000000000000, -1.000000000000000000 ) ) ;
#66 =( GEOMETRIC_REPRESENTATION_CONTEXT ( 3 ) GLOBAL_UNCERTAINTY_ASSIGNED_CONTEXT ( ( #3001 ) ) GLOBAL_UNIT_ASSIGNED_CONTEXT ( ( #259, #850, #3543 ) ) REPRESENTATION_CONTEXT ( 'NONE', 'WORKASPACE' ) );
#67 = ADVANCED_FACE ( 'NONE', ( #1899 ), #56, .F. ) ;
#68 = PRESENTATION_STYLE_ASSIGNMENT (( #1525 ) ) ;
#69 = PLANE ( 'NONE',  #364 ) ;
#70 = CARTESIAN_POINT ( 'NONE',  ( 1.844999999999999751, -0.1300000000000042510, 5.002814941432550455 ) ) ;
#71 = ADVANCED_FACE ( 'NONE', ( #2383 ), #216, .T. ) ;
#72 = CARTESIAN_POINT ( 'NONE',  ( -1.720000000000000195, 1.245490299132050893, 4.288771060507229116 ) ) ;
#73 = CARTESIAN_POINT ( 'NONE',  ( -2.730000000000000426, 0.6099999999999999867, 0.8200000000000003952 ) ) ;
#74 = PRESENTATION_LAYER_ASSIGNMENT (  '', '', ( #2420 ) ) ;
#75 = CARTESIAN_POINT ( 'NONE',  ( -1.720000000000000195, 0.02629274282888501707, 4.917919349846915367 ) ) ;
#76 = VERTEX_POINT ( 'NONE', #1206 ) ;
#77 = STYLED_ITEM ( 'NONE', ( #3853 ), #2737 ) ;
#78 = EDGE_CURVE ( 'NONE', #3669, #293, #2143, .T. ) ;
#79 = ORIENTED_EDGE ( 'NONE', *, *, #2909, .F. ) ;
#80 = STYLED_ITEM ( 'NONE', ( #2625 ), #1568 ) ;
#81 = ORIENTED_EDGE ( 'NONE', *, *, #1221, .F. ) ;
#82 = FILL_AREA_STYLE ('',( #2178 ) ) ;
#83 = ORIENTED_EDGE ( 'NONE', *, *, #728, .T. ) ;
#84 = EDGE_LOOP ( 'NONE', ( #3424, #806, #25, #3497 ) ) ;
#85 = LINE ( 'NONE', #1565, #612 ) ;
#86 = DIRECTION ( 'NONE',  ( 0.000000000000000000, 0.000000000000000000, -1.000000000000000000 ) ) ;
#87 = CARTESIAN_POINT ( 'NONE',  ( 0.5699999999999999512, 1.610000000000021192, 4.119999999999998330 ) ) ;
#88 = VECTOR ( 'NONE', #3707, 1000.000000000000114 ) ;
#89 = UNCERTAINTY_MEASURE_WITH_UNIT (LENGTH_MEASURE( 1.000000000000000082E-05 ), #1155, 'distance_accuracy_value', 'NONE');
#90 = LINE ( 'NONE', #3317, #1502 ) ;
#91 = COLOUR_RGB ( '',0.6666666666666666297, 0.6980392156862744724, 0.7686274509803920907 ) ;
#92 = LINE ( 'NONE', #3794, #2028 ) ;
#93 = FILL_AREA_STYLE ('',( #2820 ) ) ;
#94 = LINE ( 'NONE', #3123, #1642 ) ;
#95 = EDGE_CURVE ( 'NONE', #3352, #60, #1717, .T. ) ;
#96 =( LENGTH_UNIT ( ) NAMED_UNIT ( * ) SI_UNIT ( .MILLI., .METRE. ) );
#97 = SURFACE_SIDE_STYLE ('',( #1152 ) ) ;
#98 = ORIENTED_EDGE ( 'NONE', *, *, #3616, .F. ) ;
#99 = PRESENTATION_LAYER_ASSIGNMENT (  '', '', ( #2020 ) ) ;
#100 = SURFACE_STYLE_FILL_AREA ( #594 ) ;
#101 = PLANE ( 'NONE',  #494 ) ;
#102 = VECTOR ( 'NONE', #1733, 1000.000000000000000 ) ;
#103 = CARTESIAN_POINT ( 'NONE',  ( 2.859999999999999876, 1.125490299132028804, 5.072401491912580163 ) ) ;
#104 = SURFACE_STYLE_USAGE ( .BOTH. , #3354 ) ;
#105 = FILL_AREA_STYLE ('',( #2500 ) ) ;
#106 = ORIENTED_EDGE ( 'NONE', *, *, #1626, .F. ) ;
#107 = STYLED_ITEM ( 'NONE', ( #2402 ), #3310 ) ;
#108 = ORIENTED_EDGE ( 'NONE', *, *, #3087, .T. ) ;
#109 = STYLED_ITEM ( 'NONE', ( #3243 ), #1505 ) ;
#110 = LINE ( 'NONE', #421, #1606 ) ;
#111 = ORIENTED_EDGE ( 'NONE', *, *, #965, .F. ) ;
#112 = ORIENTED_EDGE ( 'NONE', *, *, #2097, .F. ) ;
#113 = DIRECTION ( 'NONE',  ( 0.000000000000000000, -4.293869990041603930E-16, 1.000000000000000000 ) ) ;
#114 = ORIENTED_EDGE ( 'NONE', *, *, #2952, .F. ) ;
#116 = PLANE ( 'NONE',  #2869 ) ;
#115 =( NAMED_UNIT ( * ) PLANE_ANGLE_UNIT ( ) SI_UNIT ( $, .RADIAN. ) );
#117 = ADVANCED_FACE ( 'NONE', ( #3026 ), #1853, .F. ) ;
#118 = DIRECTION ( 'NONE',  ( 0.000000000000000000, -4.293869990041603930E-16, 1.000000000000000000 ) ) ;
#119 = ORIENTED_EDGE ( 'NONE', *, *, #1482, .F. ) ;
#120 = AXIS2_PLACEMENT_3D ( 'NONE', #1904, #113, #3014 ) ;
#121 = EDGE_CURVE ( 'NONE', #2134, #2916, #2744, .T. ) ;
#122 = EDGE_CURVE ( 'NONE', #2148, #816, #3763, .T. ) ;
#123 = COLOUR_RGB ( '',0.6666666666666666297, 0.6980392156862744724, 0.7686274509803920907 ) ;
#124 = ORIENTED_EDGE ( 'NONE', *, *, #2542, .F. ) ;
#125 = VERTEX_POINT ( 'NONE', #1195 ) ;
#127 = CARTESIAN_POINT ( 'NONE',  ( 2.734999999999999876, 0.8358064410504852937, 3.836820691077793555 ) ) ;
#126 = DIRECTION ( 'NONE',  ( -1.000000000000000000, -0.000000000000000000, -0.000000000000000000 ) ) ;
#128 = DIRECTION ( 'NONE',  ( -1.000000000000000000, -0.000000000000000000, -0.000000000000000000 ) ) ;
#129 = DIRECTION ( 'NONE',  ( 0.000000000000000000, 0.000000000000000000, 1.000000000000000000 ) ) ;
#130 = PRESENTATION_LAYER_ASSIGNMENT (  '', '', ( #3496 ) ) ;
#131 = PLANE ( 'NONE',  #3135 ) ;
#132 = DIRECTION ( 'NONE',  ( 0.000000000000000000, 0.000000000000000000, -1.000000000000000000 ) ) ;
#133 = MECHANICAL_DESIGN_GEOMETRIC_PRESENTATION_REPRESENTATION (  '', ( #109 ), #928 ) ;
#134 = STYLED_ITEM ( 'NONE', ( #1907 ), #332 ) ;
#135 = EDGE_CURVE ( 'NONE', #1261, #2065, #1072, .T. ) ;
#136 = LINE ( 'NONE', #194, #3226 ) ;
#137 = CARTESIAN_POINT ( 'NONE',  ( -0.5699999999999999512, 1.610000000000021192, 4.119999999999998330 ) ) ;
#138 = CARTESIAN_POINT ( 'NONE',  ( 1.844999999999999751, 0.5000000000000216493, 3.466369568594649397 ) ) ;
#139 = SURFACE_STYLE_FILL_AREA ( #1086 ) ;
#140 = VECTOR ( 'NONE', #1345, 1000.000000000000227 ) ;
#141 = DIRECTION ( 'NONE',  ( 1.000000000000000000, 0.000000000000000000, 0.000000000000000000 ) ) ;
#142 = UNCERTAINTY_MEASURE_WITH_UNIT (LENGTH_MEASURE( 1.000000000000000082E-05 ), #3379, 'distance_accuracy_value', 'NONE');
#143 = DIRECTION ( 'NONE',  ( -1.000000000000000000, -0.000000000000000000, -0.000000000000000000 ) ) ;
#144 =( NAMED_UNIT ( * ) SI_UNIT ( $, .STERADIAN. ) SOLID_ANGLE_UNIT ( ) );
#145 = FACE_OUTER_BOUND ( 'NONE', #2277, .T. ) ;
#146 = EDGE_LOOP ( 'NONE', ( #2471, #1905, #3447, #1213 ) ) ;
#147 =( LENGTH_UNIT ( ) NAMED_UNIT ( * ) SI_UNIT ( .MILLI., .METRE. ) );
#148 = DIRECTION ( 'NONE',  ( 0.000000000000000000, -4.293869990041603437E-16, 1.000000000000000000 ) ) ;
#149 = PRODUCT ( 'MC78M08ABDTRKG', 'MC78M08ABDTRKG', '', ( #1714 ) ) ;
#150 = PRESENTATION_STYLE_ASSIGNMENT (( #721 ) ) ;
#151 = COLOUR_RGB ( '',0.6666666666666666297, 0.6980392156862744724, 0.7686274509803920907 ) ;
#152 = LINE ( 'NONE', #2429, #3141 ) ;
#153 = DIRECTION ( 'NONE',  ( 0.000000000000000000, -0.9902680687415712502, -0.1391731009600587488 ) ) ;
#154 = VECTOR ( 'NONE', #1691, 1000.000000000000000 ) ;
#155 = VERTEX_POINT ( 'NONE', #1181 ) ;
#156 = PRESENTATION_STYLE_ASSIGNMENT (( #1122 ) ) ;
#157 = EDGE_CURVE ( 'NONE', #3039, #2137, #1571, .T. ) ;
#158 = LINE ( 'NONE', #598, #1472 ) ;
#159 = SURFACE_STYLE_USAGE ( .BOTH. , #461 ) ;
#160 = ORIENTED_EDGE ( 'NONE', *, *, #3740, .F. ) ;
#161 = AXIS2_PLACEMENT_3D ( 'NONE', #3574, #292, #1166 ) ;
#162 = CARTESIAN_POINT ( 'NONE',  ( -1.720000000000000195, 1.000000000000021760, 3.109999999999998987 ) ) ;
#163 = PLANE ( 'NONE',  #2293 ) ;
#164 = SURFACE_SIDE_STYLE ('',( #797 ) ) ;
#165 = CARTESIAN_POINT ( 'NONE',  ( -3.256783557279158803, 2.379999999999999893, 3.001783557279157577 ) ) ;
#166 = EDGE_LOOP ( 'NONE', ( #2497, #3718, #565, #3065 ) ) ;
#167 = VECTOR ( 'NONE', #673, 1000.000000000000000 ) ;
#168 = AXIS2_PLACEMENT_3D ( 'NONE', #299, #888, #1481 ) ;
#169 = CARTESIAN_POINT ( 'NONE',  ( -1.720000000000000195, 0.6303562647612435121, 5.002814941432550455 ) ) ;
#170 = SURFACE_SIDE_STYLE ('',( #287 ) ) ;
#171 = ORIENTED_EDGE ( 'NONE', *, *, #3596, .F. ) ;
#172 = UNCERTAINTY_MEASURE_WITH_UNIT (LENGTH_MEASURE( 1.000000000000000082E-05 ), #1091, 'distance_accuracy_value', 'NONE');
#173 = VECTOR ( 'NONE', #248, 1000.000000000000000 ) ;
#174 = CARTESIAN_POINT ( 'NONE',  ( -1.844999999999999751, -0.1300000000000033906, 3.109999999999998099 ) ) ;
#175 = DIRECTION ( 'NONE',  ( -0.000000000000000000, 1.000000000000000000, 4.293869990041603930E-16 ) ) ;
#176 = SURFACE_STYLE_USAGE ( .BOTH. , #736 ) ;
#177 = PRESENTATION_STYLE_ASSIGNMENT (( #229 ) ) ;
#178 = PLANE ( 'NONE',  #1746 ) ;
#179 = ORIENTED_EDGE ( 'NONE', *, *, #697, .F. ) ;
#180 = EDGE_LOOP ( 'NONE', ( #2502, #2264, #2169, #1185 ) ) ;
#181 = CARTESIAN_POINT ( 'NONE',  ( 2.859999999999999876, 0.6303562647612435121, 5.002814941432550455 ) ) ;
#182 = CIRCLE ( 'NONE', #345, 0.5000000000000000000 ) ;
#183 = CARTESIAN_POINT ( 'NONE',  ( -2.859999999999999876, 1.125490299132028804, 5.072401491912580163 ) ) ;
#184 =( GEOMETRIC_REPRESENTATION_CONTEXT ( 3 ) GLOBAL_UNCERTAINTY_ASSIGNED_CONTEXT ( ( #1488 ) ) GLOBAL_UNIT_ASSIGNED_CONTEXT ( ( #422, #438, #3098 ) ) REPRESENTATION_CONTEXT ( 'NONE', 'WORKASPACE' ) );
#185 = EDGE_LOOP ( 'NONE', ( #3312, #1744, #2666, #17 ) ) ;
#186 = COLOUR_RGB ( '',0.6666666666666666297, 0.6980392156862744724, 0.7686274509803920907 ) ;
#187 =( NAMED_UNIT ( * ) SI_UNIT ( $, .STERADIAN. ) SOLID_ANGLE_UNIT ( ) );
#188 = PRESENTATION_STYLE_ASSIGNMENT (( #1813 ) ) ;
#189 = VECTOR ( 'NONE', #2334, 1000.000000000000000 ) ;
#190 =( LENGTH_UNIT ( ) NAMED_UNIT ( * ) SI_UNIT ( .MILLI., .METRE. ) );
#191 = UNCERTAINTY_MEASURE_WITH_UNIT (LENGTH_MEASURE( 1.000000000000000082E-05 ), #518, 'distance_accuracy_value', 'NONE');
#192 = DIRECTION ( 'NONE',  ( -1.000000000000000000, -0.000000000000000000, 0.000000000000000000 ) ) ;
#193 = COLOUR_RGB ( '',0.6666666666666666297, 0.6980392156862744724, 0.7686274509803920907 ) ;
#194 = CARTESIAN_POINT ( 'NONE',  ( -2.729999999999999982, 2.379999999999999893, -3.109999999999999876 ) ) ;
#195 = ORIENTED_EDGE ( 'NONE', *, *, #568, .F. ) ;
#196 = MECHANICAL_DESIGN_GEOMETRIC_PRESENTATION_REPRESENTATION (  '', ( #1480 ), #2753 ) ;
#197 = LINE ( 'NONE', #2973, #3246 ) ;
#198 = CARTESIAN_POINT ( 'NONE',  ( -1.844999999999999751, -0.1300000000000042510, 5.002814941432550455 ) ) ;
#199 = CARTESIAN_POINT ( 'NONE',  ( -3.491322397581853032, 1.898830563012946726, -2.928866676884204878 ) ) ;
#200 = EDGE_CURVE ( 'NONE', #953, #2449, #676, .T. ) ;
#201 = CARTESIAN_POINT ( 'NONE',  ( -1.720000000000000195, 0.6303562647612435121, 5.002814941432550455 ) ) ;
#202 = VERTEX_POINT ( 'NONE', #2062 ) ;
#203 = COLOUR_RGB ( '',0.6666666666666666297, 0.6980392156862744724, 0.7686274509803920907 ) ;
#204 = CIRCLE ( 'NONE', #615, 0.4999999999999995559 ) ;
#205 = EDGE_LOOP ( 'NONE', ( #3192, #3867, #1935, #3344 ) ) ;
#206 = STYLED_ITEM ( 'NONE', ( #1425 ), #2771 ) ;
#207 = ORIENTED_EDGE ( 'NONE', *, *, #3544, .F. ) ;
#208 = STYLED_ITEM ( 'NONE', ( #672 ), #2396 ) ;
#209 = DIRECTION ( 'NONE',  ( 0.000000000000000000, 0.000000000000000000, -1.000000000000000000 ) ) ;
#210 = FACE_OUTER_BOUND ( 'NONE', #3008, .T. ) ;
#211 = AXIS2_PLACEMENT_3D ( 'NONE', #2347, #569, #1440 ) ;
#212 = EDGE_CURVE ( 'NONE', #2015, #3729, #1666, .T. ) ;
#213 = ORIENTED_EDGE ( 'NONE', *, *, #947, .F. ) ;
#214 =( NAMED_UNIT ( * ) PLANE_ANGLE_UNIT ( ) SI_UNIT ( $, .RADIAN. ) );
#215 = PRESENTATION_LAYER_ASSIGNMENT (  '', '', ( #1697 ) ) ;
#216 = CYLINDRICAL_SURFACE ( 'NONE', #2146, 1.109999999999998987 ) ;
#217 = CARTESIAN_POINT ( 'NONE',  ( -1.720000000000000195, 0.7896838580815656039, 4.701950369429436449 ) ) ;
#218 = SURFACE_SIDE_STYLE ('',( #1876 ) ) ;
#219 = VECTOR ( 'NONE', #1256, 1000.000000000000000 ) ;
#220 =( NAMED_UNIT ( * ) SI_UNIT ( $, .STERADIAN. ) SOLID_ANGLE_UNIT ( ) );
#221 = APPLICATION_PROTOCOL_DEFINITION ( 'draft international standard', 'automotive_design', 1998, #2044 ) ;
#222 = ORIENTED_EDGE ( 'NONE', *, *, #1954, .F. ) ;
#223 = DIRECTION ( 'NONE',  ( 0.000000000000000000, 0.000000000000000000, 1.000000000000000000 ) ) ;
#224 =( NAMED_UNIT ( * ) SI_UNIT ( $, .STERADIAN. ) SOLID_ANGLE_UNIT ( ) );
#225 = DIRECTION ( 'NONE',  ( 0.000000000000000000, -0.7409022449662876486, 0.6716128821009280658 ) ) ;
#226 = EDGE_CURVE ( 'NONE', #953, #1498, #1947, .T. ) ;
#227 = SURFACE_SIDE_STYLE ('',( #629 ) ) ;
#228 = VECTOR ( 'NONE', #2272, 1000.000000000000000 ) ;
#229 = SURFACE_STYLE_USAGE ( .BOTH. , #526 ) ;
#230 = SURFACE_SIDE_STYLE ('',( #2898 ) ) ;
#231 = LINE ( 'NONE', #2978, #1735 ) ;
#232 = FILL_AREA_STYLE ('',( #1186 ) ) ;
#233 = FACE_OUTER_BOUND ( 'NONE', #1494, .T. ) ;
#234 = STYLED_ITEM ( 'NONE', ( #1456 ), #3708 ) ;
#235 = CIRCLE ( 'NONE', #1163, 1.109999999999999876 ) ;
#236 = SURFACE_SIDE_STYLE ('',( #1268 ) ) ;
#237 = STYLED_ITEM ( 'NONE', ( #3521 ), #1561 ) ;
#238 = FACE_OUTER_BOUND ( 'NONE', #3165, .T. ) ;
#239 = DIRECTION ( 'NONE',  ( 0.000000000000000000, -1.000000000000000000, 0.000000000000000000 ) ) ;
#240 = CARTESIAN_POINT ( 'NONE',  ( 3.194901033438992677, 2.820317036477051342, 2.939901033438990563 ) ) ;
#241 = DIRECTION ( 'NONE',  ( 0.000000000000000000, -0.1391731009600587488, 0.9902680687415712502 ) ) ;
#242 = VECTOR ( 'NONE', #385, 1000.000000000000000 ) ;
#243 = DIRECTION ( 'NONE',  ( 1.000000000000000000, 0.000000000000000000, 0.000000000000000000 ) ) ;
#244 = ORIENTED_EDGE ( 'NONE', *, *, #1220, .F. ) ;
#245 = SURFACE_SIDE_STYLE ('',( #100 ) ) ;
#246 = UNCERTAINTY_MEASURE_WITH_UNIT (LENGTH_MEASURE( 1.000000000000000082E-05 ), #2662, 'distance_accuracy_value', 'NONE');
#247 = COLOUR_RGB ( '',0.7921568627450980005, 0.8196078431372548767, 0.9333333333333333481 ) ;
#248 = DIRECTION ( 'NONE',  ( -1.000000000000000000, -0.000000000000000000, -0.000000000000000000 ) ) ;
#249 = DIRECTION ( 'NONE',  ( -1.000000000000000000, -0.000000000000000000, 0.000000000000000000 ) ) ;
#250 = VERTEX_POINT ( 'NONE', #2089 ) ;
#251 = PRESENTATION_STYLE_ASSIGNMENT (( #2133 ) ) ;
#252 = ORIENTED_EDGE ( 'NONE', *, *, #1172, .T. ) ;
#253 = LINE ( 'NONE', #1080, #3370 ) ;
#254 = VECTOR ( 'NONE', #758, 1000.000000000000000 ) ;
#255 = SURFACE_STYLE_USAGE ( .BOTH. , #3843 ) ;
#256 = SURFACE_SIDE_STYLE ('',( #2616 ) ) ;
#257 = PLANE ( 'NONE',  #1581 ) ;
#258 = ORIENTED_EDGE ( 'NONE', *, *, #3392, .F. ) ;
#259 =( LENGTH_UNIT ( ) NAMED_UNIT ( * ) SI_UNIT ( .MILLI., .METRE. ) );
#260 = EDGE_CURVE ( 'NONE', #1050, #262, #274, .T. ) ;
#261 = CARTESIAN_POINT ( 'NONE',  ( 2.859999999999999876, 1.245490299132050893, 4.288771060507229116 ) ) ;
#262 = VERTEX_POINT ( 'NONE', #1780 ) ;
#263 = DIRECTION ( 'NONE',  ( -0.000000000000000000, 0.000000000000000000, 1.000000000000000000 ) ) ;
#264 = LINE ( 'NONE', #1215, #452 ) ;
#265 =( NAMED_UNIT ( * ) PLANE_ANGLE_UNIT ( ) SI_UNIT ( $, .RADIAN. ) );
#266 = DIRECTION ( 'NONE',  ( 0.000000000000000000, 0.000000000000000000, -1.000000000000000000 ) ) ;
#267 = AXIS2_PLACEMENT_3D ( 'NONE', #2816, #1911, #3749 ) ;
#268 = ORIENTED_EDGE ( 'NONE', *, *, #1015, .T. ) ;
#269 =( NAMED_UNIT ( * ) SI_UNIT ( $, .STERADIAN. ) SOLID_ANGLE_UNIT ( ) );
#270 = STYLED_ITEM ( 'NONE', ( #1800 ), #1286 ) ;
#271 = SURFACE_STYLE_USAGE ( .BOTH. , #2668 ) ;
#272 = PRESENTATION_LAYER_ASSIGNMENT (  '', '', ( #1823 ) ) ;
#273 = EDGE_CURVE ( 'NONE', #3645, #125, #3676, .T. ) ;
#274 = LINE ( 'NONE', #2361, #2552 ) ;
#275 = UNCERTAINTY_MEASURE_WITH_UNIT (LENGTH_MEASURE( 1.000000000000000082E-05 ), #1045, 'distance_accuracy_value', 'NONE');
#276 = SURFACE_STYLE_USAGE ( .BOTH. , #2070 ) ;
#277 =( GEOMETRIC_REPRESENTATION_CONTEXT ( 3 ) GLOBAL_UNCERTAINTY_ASSIGNED_CONTEXT ( ( #1534 ) ) GLOBAL_UNIT_ASSIGNED_CONTEXT ( ( #420, #1927, #450 ) ) REPRESENTATION_CONTEXT ( 'NONE', 'WORKASPACE' ) );
#278 = DIRECTION ( 'NONE',  ( -1.000000000000000000, -0.000000000000000000, -0.000000000000000000 ) ) ;
#279 = DIRECTION ( 'NONE',  ( 1.000000000000000000, 0.000000000000000000, 0.000000000000000000 ) ) ;
#280 = CARTESIAN_POINT ( 'NONE',  ( 1.844999999999999751, -0.1300000000000001155, 6.030000000000000249 ) ) ;
#281 = ORIENTED_EDGE ( 'NONE', *, *, #1688, .F. ) ;
#282 = ORIENTED_EDGE ( 'NONE', *, *, #1538, .T. ) ;
#283 = ORIENTED_EDGE ( 'NONE', *, *, #3371, .T. ) ;
#284 = PRESENTATION_LAYER_ASSIGNMENT (  '', '', ( #3391 ) ) ;
#285 = CARTESIAN_POINT ( 'NONE',  ( 0.5699999999999999512, 0.000000000000000000, 0.000000000000000000 ) ) ;
#286 = EDGE_CURVE ( 'NONE', #641, #2065, #1176, .T. ) ;
#287 = SURFACE_STYLE_FILL_AREA ( #1990 ) ;
#288 = DIRECTION ( 'NONE',  ( 0.000000000000000000, -0.000000000000000000, -1.000000000000000000 ) ) ;
#289 = CARTESIAN_POINT ( 'NONE',  ( 2.859999999999999876, -0.1300000000000038070, 3.877570314550939035 ) ) ;
#290 = DIRECTION ( 'NONE',  ( -0.000000000000000000, 0.000000000000000000, 1.000000000000000000 ) ) ;
#291 = VECTOR ( 'NONE', #1023, 1000.000000000000000 ) ;
#292 = DIRECTION ( 'NONE',  ( 0.000000000000000000, 0.1391731009600592761, -0.9902680687415711391 ) ) ;
#293 = VERTEX_POINT ( 'NONE', #859 ) ;
#294 = PRESENTATION_STYLE_ASSIGNMENT (( #2797 ) ) ;
#295 = FILL_AREA_STYLE_COLOUR ( '', #3308 ) ;
#296 = MECHANICAL_DESIGN_GEOMETRIC_PRESENTATION_REPRESENTATION (  '', ( #206 ), #493 ) ;
#297 = PRESENTATION_LAYER_ASSIGNMENT (  '', '', ( #1793 ) ) ;
#298 = EDGE_CURVE ( 'NONE', #3727, #590, #2269, .T. ) ;
#299 = CARTESIAN_POINT ( 'NONE',  ( -0.7500000000000000000, 0.6099999999999999867, -2.559999999999999165 ) ) ;
#300 = SURFACE_STYLE_FILL_AREA ( #456 ) ;
#301 = DIRECTION ( 'NONE',  ( 0.000000000000000000, -1.000000000000000000, 0.000000000000000000 ) ) ;
#302 = AXIS2_PLACEMENT_3D ( 'NONE', #3660, #3673, #3045 ) ;
#303 = FILL_AREA_STYLE ('',( #2404 ) ) ;
#304 = ORIENTED_EDGE ( 'NONE', *, *, #3619, .T. ) ;
#305 = LINE ( 'NONE', #1063, #1326 ) ;
#306 = LINE ( 'NONE', #1439, #3368 ) ;
#307 = DIRECTION ( 'NONE',  ( -0.000000000000000000, 1.000000000000000000, 4.293869990041603930E-16 ) ) ;
#308 = FILL_AREA_STYLE ('',( #2073 ) ) ;
#309 = ORIENTED_EDGE ( 'NONE', *, *, #2990, .T. ) ;
#310 = LINE ( 'NONE', #1671, #2488 ) ;
#311 = VERTEX_POINT ( 'NONE', #1466 ) ;
#312 = VECTOR ( 'NONE', #1522, 1000.000000000000000 ) ;
#313 = CARTESIAN_POINT ( 'NONE',  ( -0.7500000000000000000, 0.6099999999999999867, -2.060000000000000497 ) ) ;
#314 = EDGE_CURVE ( 'NONE', #3053, #315, #2986, .T. ) ;
#315 = VERTEX_POINT ( 'NONE', #3851 ) ;
#316 = SURFACE_STYLE_FILL_AREA ( #2651 ) ;
#317 = CARTESIAN_POINT ( 'NONE',  ( -1.844999999999999751, -0.1300000000000001155, 6.030000000000000249 ) ) ;
#318 = FILL_AREA_STYLE_COLOUR ( '', #2534 ) ;
#319 = FILL_AREA_STYLE_COLOUR ( '', #2705 ) ;
#320 = ADVANCED_FACE ( 'NONE', ( #600 ), #3007, .T. ) ;
#321 = PRESENTATION_LAYER_ASSIGNMENT (  '', '', ( #54 ) ) ;
#322 = AXIS2_PLACEMENT_3D ( 'NONE', #1864, #1003, #2158 ) ;
#323 = CARTESIAN_POINT ( 'NONE',  ( -0.7500000000000000000, -0.000000000000000000, -2.559999999999999165 ) ) ;
#324 = UNCERTAINTY_MEASURE_WITH_UNIT (LENGTH_MEASURE( 1.000000000000000082E-05 ), #1727, 'distance_accuracy_value', 'NONE');
#325 = ORIENTED_EDGE ( 'NONE', *, *, #3241, .F. ) ;
#326 = ORIENTED_EDGE ( 'NONE', *, *, #552, .F. ) ;
#327 = DIRECTION ( 'NONE',  ( -0.000000000000000000, 0.1391731009600587488, -0.9902680687415712502 ) ) ;
#328 = PRESENTATION_LAYER_ASSIGNMENT (  '', '', ( #1673 ) ) ;
#329 = VECTOR ( 'NONE', #3494, 1000.000000000000000 ) ;
#330 = SURFACE_STYLE_FILL_AREA ( #1882 ) ;
#331 = EDGE_CURVE ( 'NONE', #1170, #3643, #3648, .T. ) ;
#332 = ADVANCED_FACE ( 'NONE', ( #3394 ), #2713, .F. ) ;
#333 = FILL_AREA_STYLE ('',( #3653 ) ) ;
#334 = LINE ( 'NONE', #1503, #2714 ) ;
#335 = SURFACE_STYLE_FILL_AREA ( #3704 ) ;
#336 = LINE ( 'NONE', #783, #1234 ) ;
#337 = DIRECTION ( 'NONE',  ( -0.000000000000000000, 0.6716128821009271777, 0.7409022449662884258 ) ) ;
#338 = MECHANICAL_DESIGN_GEOMETRIC_PRESENTATION_REPRESENTATION (  '', ( #3496 ), #943 ) ;
#339 = EDGE_LOOP ( 'NONE', ( #1289, #2071, #3809, #724 ) ) ;
#340 =( GEOMETRIC_REPRESENTATION_CONTEXT ( 3 ) GLOBAL_UNCERTAINTY_ASSIGNED_CONTEXT ( ( #2228 ) ) GLOBAL_UNIT_ASSIGNED_CONTEXT ( ( #1645, #1908, #3449 ) ) REPRESENTATION_CONTEXT ( 'NONE', 'WORKASPACE' ) );
#341 = EDGE_CURVE ( 'NONE', #2867, #1490, #470, .T. ) ;
#342 = VECTOR ( 'NONE', #1367, 1000.000000000000000 ) ;
#343 =( LENGTH_UNIT ( ) NAMED_UNIT ( * ) SI_UNIT ( .MILLI., .METRE. ) );
#344 = VERTEX_POINT ( 'NONE', #1819 ) ;
#345 = AXIS2_PLACEMENT_3D ( 'NONE', #1199, #2096, #2222 ) ;
#346 = LINE ( 'NONE', #3773, #3425 ) ;
#347 = DIRECTION ( 'NONE',  ( 0.000000000000000000, 0.000000000000000000, 1.000000000000000000 ) ) ;
#348 = VERTEX_POINT ( 'NONE', #1237 ) ;
#349 = FILL_AREA_STYLE_COLOUR ( '', #2719 ) ;
#350 = ADVANCED_FACE ( 'NONE', ( #3168 ), #1500, .T. ) ;
#351 = VERTEX_POINT ( 'NONE', #827 ) ;
#352 = ORIENTED_EDGE ( 'NONE', *, *, #3284, .F. ) ;
#353 = FILL_AREA_STYLE ('',( #295 ) ) ;
#354 = COLOUR_RGB ( '',0.7921568627450980005, 0.8196078431372548767, 0.9333333333333333481 ) ;
#355 = VERTEX_POINT ( 'NONE', #781 ) ;
#356 = EDGE_CURVE ( 'NONE', #3837, #984, #894, .T. ) ;
#357 = VERTEX_POINT ( 'NONE', #3155 ) ;
#358 = FILL_AREA_STYLE_COLOUR ( '', #2370 ) ;
#359 = VECTOR ( 'NONE', #1757, 1000.000000000000000 ) ;
#360 = AXIS2_PLACEMENT_3D ( 'NONE', #3362, #2791, #398 ) ;
#361 = CARTESIAN_POINT ( 'NONE',  ( -2.734999999999999876, -0.1300000000000001155, 6.030000000000000249 ) ) ;
#362 = EDGE_LOOP ( 'NONE', ( #1618, #1776, #195, #717 ) ) ;
#363 =( GEOMETRIC_REPRESENTATION_CONTEXT ( 3 ) GLOBAL_UNCERTAINTY_ASSIGNED_CONTEXT ( ( #1676 ) ) GLOBAL_UNIT_ASSIGNED_CONTEXT ( ( #2853, #1964, #1341 ) ) REPRESENTATION_CONTEXT ( 'NONE', 'WORKASPACE' ) );
#364 = AXIS2_PLACEMENT_3D ( 'NONE', #2445, #2776, #2756 ) ;
#365 = ORIENTED_EDGE ( 'NONE', *, *, #260, .F. ) ;
#366 = SURFACE_STYLE_USAGE ( .BOTH. , #3094 ) ;
#367 = ORIENTED_EDGE ( 'NONE', *, *, #2787, .F. ) ;
#368 = ADVANCED_FACE ( 'NONE', ( #2115 ), #3208, .T. ) ;
#369 = PRESENTATION_STYLE_ASSIGNMENT (( #1376 ) ) ;
#370 = DIRECTION ( 'NONE',  ( 0.000000000000000000, -0.9902680687415712502, -0.1391731009600587488 ) ) ;
#371 = FACE_BOUND ( 'NONE', #1432, .T. ) ;
#372 = FACE_OUTER_BOUND ( 'NONE', #3287, .T. ) ;
#373 = ORIENTED_EDGE ( 'NONE', *, *, #2882, .F. ) ;
#374 = ADVANCED_FACE ( 'NONE', ( #2189 ), #2279, .F. ) ;
#375 = COLOUR_RGB ( '',0.1098039215686274495, 0.1098039215686274495, 0.1098039215686274495 ) ;
#376 = LINE ( 'NONE', #137, #1545 ) ;
#377 = PLANE ( 'NONE',  #623 ) ;
#378 = VECTOR ( 'NONE', #2706, 1000.000000000000000 ) ;
#379 = FACE_OUTER_BOUND ( 'NONE', #3790, .T. ) ;
#380 = DIRECTION ( 'NONE',  ( 1.000000000000000000, 0.000000000000000000, 0.000000000000000000 ) ) ;
#381 = CARTESIAN_POINT ( 'NONE',  ( 2.859999999999999876, 0.7896838580815656039, 4.701950369429436449 ) ) ;
#382 = LINE ( 'NONE', #2814, #1277 ) ;
#383 = FILL_AREA_STYLE_COLOUR ( '', #2533 ) ;
#384 = PRESENTATION_STYLE_ASSIGNMENT (( #3242 ) ) ;
#385 = DIRECTION ( 'NONE',  ( 0.000000000000000000, -0.9902680687415711391, -0.1391731009600592484 ) ) ;
#386 = VECTOR ( 'NONE', #2002, 1000.000000000000000 ) ;
#387 = UNCERTAINTY_MEASURE_WITH_UNIT (LENGTH_MEASURE( 1.000000000000000082E-05 ), #3764, 'distance_accuracy_value', 'NONE');
#388 = VERTEX_POINT ( 'NONE', #2311 ) ;
#389 = VECTOR ( 'NONE', #2828, 1000.000000000000114 ) ;
#390 = MECHANICAL_DESIGN_GEOMETRIC_PRESENTATION_REPRESENTATION (  '', ( #2601 ), #2462 ) ;
#391 =( NAMED_UNIT ( * ) SI_UNIT ( $, .STERADIAN. ) SOLID_ANGLE_UNIT ( ) );
#392 = ORIENTED_EDGE ( 'NONE', *, *, #2343, .F. ) ;
#393 = FACE_OUTER_BOUND ( 'NONE', #1558, .T. ) ;
#394 = FACE_OUTER_BOUND ( 'NONE', #1812, .T. ) ;
#395 =( NAMED_UNIT ( * ) PLANE_ANGLE_UNIT ( ) SI_UNIT ( $, .RADIAN. ) );
#396 = EDGE_LOOP ( 'NONE', ( #741, #3826, #3602, #1617 ) ) ;
#397 = LINE ( 'NONE', #70, #1290 ) ;
#398 = DIRECTION ( 'NONE',  ( 1.000000000000000000, 0.000000000000000000, -0.000000000000000000 ) ) ;
#399 = ADVANCED_FACE ( 'NONE', ( #1595 ), #2575, .T. ) ;
#400 = DIRECTION ( 'NONE',  ( 1.000000000000000000, 0.000000000000000000, 0.000000000000000000 ) ) ;
#401 =( LENGTH_UNIT ( ) NAMED_UNIT ( * ) SI_UNIT ( .MILLI., .METRE. ) );
#402 = CARTESIAN_POINT ( 'NONE',  ( 0.5699999999999999512, 1.610000000000021192, 4.119999999999998330 ) ) ;
#403 = ORIENTED_EDGE ( 'NONE', *, *, #2476, .F. ) ;
#404 = AXIS2_PLACEMENT_3D ( 'NONE', #1910, #734, #982 ) ;
#405 =( LENGTH_UNIT ( ) NAMED_UNIT ( * ) SI_UNIT ( .MILLI., .METRE. ) );
#406 = VERTEX_POINT ( 'NONE', #1110 ) ;
#407 = EDGE_CURVE ( 'NONE', #576, #2289, #1413, .T. ) ;
#408 = ORIENTED_EDGE ( 'NONE', *, *, #2880, .T. ) ;
#409 = CARTESIAN_POINT ( 'NONE',  ( -1.720000000000000195, 1.000000000000021760, 3.109999999999998987 ) ) ;
#410 = SURFACE_STYLE_USAGE ( .BOTH. , #97 ) ;
#411 = CARTESIAN_POINT ( 'NONE',  ( 0.7500000000000000000, 0.6099999999999999867, -2.559999999999999165 ) ) ;
#412 = PRESENTATION_LAYER_ASSIGNMENT (  '', '', ( #1559 ) ) ;
#413 = DIRECTION ( 'NONE',  ( -0.000000000000000000, 1.000000000000000000, 4.293869990041603930E-16 ) ) ;
#414 = FACE_OUTER_BOUND ( 'NONE', #27, .T. ) ;
#415 = STYLED_ITEM ( 'NONE', ( #68 ), #320 ) ;
#416 = EDGE_CURVE ( 'NONE', #250, #1288, #3095, .T. ) ;
#417 = ORIENTED_EDGE ( 'NONE', *, *, #3072, .T. ) ;
#418 = ADVANCED_FACE ( 'NONE', ( #2035 ), #820, .F. ) ;
#419 = AXIS2_PLACEMENT_3D ( 'NONE', #2555, #2861, #3457 ) ;
#420 =( LENGTH_UNIT ( ) NAMED_UNIT ( * ) SI_UNIT ( .MILLI., .METRE. ) );
#422 =( LENGTH_UNIT ( ) NAMED_UNIT ( * ) SI_UNIT ( .MILLI., .METRE. ) );
#421 = CARTESIAN_POINT ( 'NONE',  ( -2.859999999999999876, 0.5000000000000210942, 5.002814941432550455 ) ) ;
#423 = LINE ( 'NONE', #3483, #2475 ) ;
#424 = LINE ( 'NONE', #3549, #2764 ) ;
#425 = CARTESIAN_POINT ( 'NONE',  ( -1.720000000000000195, 0.7908527358470647250, 3.877570314550939479 ) ) ;
#426 = COLOUR_RGB ( '',0.6666666666666666297, 0.6980392156862744724, 0.7686274509803920907 ) ;
#427 = DIRECTION ( 'NONE',  ( -1.000000000000000000, 0.000000000000000000, -0.000000000000000000 ) ) ;
#428 = DIRECTION ( 'NONE',  ( -1.000000000000000000, -0.000000000000000000, -0.000000000000000000 ) ) ;
#429 = FACE_OUTER_BOUND ( 'NONE', #146, .T. ) ;
#431 = VECTOR ( 'NONE', #3514, 1000.000000000000000 ) ;
#430 = SURFACE_SIDE_STYLE ('',( #1501 ) ) ;
#432 =( LENGTH_UNIT ( ) NAMED_UNIT ( * ) SI_UNIT ( .MILLI., .METRE. ) );
#433 = COLOUR_RGB ( '',0.6666666666666666297, 0.6980392156862744724, 0.7686274509803920907 ) ;
#434 = STYLED_ITEM ( 'NONE', ( #3117 ), #32 ) ;
#435 = FILL_AREA_STYLE ('',( #1342 ) ) ;
#436 = DIRECTION ( 'NONE',  ( 0.000000000000000000, -1.000000000000000000, 0.000000000000000000 ) ) ;
#438 =( NAMED_UNIT ( * ) PLANE_ANGLE_UNIT ( ) SI_UNIT ( $, .RADIAN. ) );
#437 = FILL_AREA_STYLE_COLOUR ( '', #2320 ) ;
#439 = VECTOR ( 'NONE', #1187, 1000.000000000000000 ) ;
#440 = UNCERTAINTY_MEASURE_WITH_UNIT (LENGTH_MEASURE( 1.000000000000000082E-05 ), #2636, 'distance_accuracy_value', 'NONE');
#441 = FILL_AREA_STYLE_COLOUR ( '', #3406 ) ;
#442 = CARTESIAN_POINT ( 'NONE',  ( -2.529999999999999805, 0.6099999999999999867, -4.379999999999999893 ) ) ;
#443 = ORIENTED_EDGE ( 'NONE', *, *, #3431, .T. ) ;
#444 =( NAMED_UNIT ( * ) PLANE_ANGLE_UNIT ( ) SI_UNIT ( $, .RADIAN. ) );
#445 = LINE ( 'NONE', #1073, #2727 ) ;
#446 = VERTEX_POINT ( 'NONE', #2562 ) ;
#447 = STYLED_ITEM ( 'NONE', ( #294 ), #1826 ) ;
#448 = PRESENTATION_STYLE_ASSIGNMENT (( #3386 ) ) ;
#449 = ORIENTED_EDGE ( 'NONE', *, *, #157, .T. ) ;
#450 =( NAMED_UNIT ( * ) SI_UNIT ( $, .STERADIAN. ) SOLID_ANGLE_UNIT ( ) );
#451 = ORIENTED_EDGE ( 'NONE', *, *, #1601, .T. ) ;
#452 = VECTOR ( 'NONE', #3286, 1000.000000000000000 ) ;
#453 = EDGE_LOOP ( 'NONE', ( #760, #3446, #3119, #3465, #1309, #1257, #1153, #3492 ) ) ;
#454 = PLANE ( 'NONE',  #1001 ) ;
#455 = CARTESIAN_POINT ( 'NONE',  ( 2.734999999999999876, 0.7908527358470649471, 3.877570314550939479 ) ) ;
#456 = FILL_AREA_STYLE ('',( #1356 ) ) ;
#457 = DIRECTION ( 'NONE',  ( -9.227252531791524161E-17, 0.000000000000000000, 1.000000000000000000 ) ) ;
#458 = CARTESIAN_POINT ( 'NONE',  ( 0.5699999999999999512, 1.610000000000021636, 3.109999999999998987 ) ) ;
#459 = EDGE_CURVE ( 'NONE', #1448, #590, #2864, .T. ) ;
#460 = VECTOR ( 'NONE', #1442, 1000.000000000000000 ) ;
#461 = SURFACE_SIDE_STYLE ('',( #1316 ) ) ;
#462 = EDGE_LOOP ( 'NONE', ( #959, #3663, #326, #2835 ) ) ;
#463 = EDGE_LOOP ( 'NONE', ( #2871, #3166, #3471, #761, #392, #2513, #3109, #3417 ) ) ;
#464 = CARTESIAN_POINT ( 'NONE',  ( 2.529999999999999805, 0.000000000000000000, -4.379999999999999893 ) ) ;
#465 = FILL_AREA_STYLE_COLOUR ( '', #3126 ) ;
#466 = ORIENTED_EDGE ( 'NONE', *, *, #1814, .F. ) ;
#467 = AXIS2_PLACEMENT_3D ( 'NONE', #1263, #2750, #1898 ) ;
#468 = FILL_AREA_STYLE_COLOUR ( '', #91 ) ;
#469 = AXIS2_PLACEMENT_3D ( 'NONE', #2621, #1148, #243 ) ;
#470 = LINE ( 'NONE', #3289, #3271 ) ;
#471 = STYLED_ITEM ( 'NONE', ( #1441 ), #71 ) ;
#472 = SURFACE_STYLE_USAGE ( .BOTH. , #2014 ) ;
#473 =( GEOMETRIC_REPRESENTATION_CONTEXT ( 3 ) GLOBAL_UNCERTAINTY_ASSIGNED_CONTEXT ( ( #1254 ) ) GLOBAL_UNIT_ASSIGNED_CONTEXT ( ( #96, #698, #1017 ) ) REPRESENTATION_CONTEXT ( 'NONE', 'WORKASPACE' ) );
#474 = DIRECTION ( 'NONE',  ( -1.000000000000000000, 0.000000000000000000, 0.000000000000000000 ) ) ;
#475 = DIRECTION ( 'NONE',  ( -0.000000000000000000, -0.9902680687415708061, -0.1391731009600624125 ) ) ;
#476 = ORIENTED_EDGE ( 'NONE', *, *, #740, .T. ) ;
#477 = COLOUR_RGB ( '',0.7921568627450980005, 0.8196078431372548767, 0.9333333333333333481 ) ;
#478 = PRESENTATION_STYLE_ASSIGNMENT (( #255 ) ) ;
#479 = PRESENTATION_STYLE_ASSIGNMENT (( #1585 ) ) ;
#481 = CARTESIAN_POINT ( 'NONE',  ( -2.730000000000000426, 0.6099999999999999867, 0.8200000000000003952 ) ) ;
#480 = DIRECTION ( 'NONE',  ( 0.000000000000000000, 0.000000000000000000, 1.000000000000000000 ) ) ;
#482 = SURFACE_STYLE_USAGE ( .BOTH. , #3759 ) ;
#483 = VECTOR ( 'NONE', #413, 1000.000000000000000 ) ;
#484 = STYLED_ITEM ( 'NONE', ( #2303 ), #704 ) ;
#485 = CARTESIAN_POINT ( 'NONE',  ( -0.7500000000000000000, 0.6099999999999999867, -2.310000000000000053 ) ) ;
#486 =( NAMED_UNIT ( * ) PLANE_ANGLE_UNIT ( ) SI_UNIT ( $, .RADIAN. ) );
#487 = LINE ( 'NONE', #3564, #1055 ) ;
#488 = ORIENTED_EDGE ( 'NONE', *, *, #1158, .T. ) ;
#489 = ORIENTED_EDGE ( 'NONE', *, *, #497, .F. ) ;
#490 = PRESENTATION_STYLE_ASSIGNMENT (( #2345 ) ) ;
#491 = CARTESIAN_POINT ( 'NONE',  ( 1.844999999999999751, 1.610000000000021192, 3.109999999999998987 ) ) ;
#492 = ORIENTED_EDGE ( 'NONE', *, *, #2108, .F. ) ;
#493 =( GEOMETRIC_REPRESENTATION_CONTEXT ( 3 ) GLOBAL_UNCERTAINTY_ASSIGNED_CONTEXT ( ( #2689 ) ) GLOBAL_UNIT_ASSIGNED_CONTEXT ( ( #1948, #1396, #773 ) ) REPRESENTATION_CONTEXT ( 'NONE', 'WORKASPACE' ) );
#494 = AXIS2_PLACEMENT_3D ( 'NONE', #1619, #141, #2194 ) ;
#496 = FILL_AREA_STYLE ('',( #2271 ) ) ;
#495 = CARTESIAN_POINT ( 'NONE',  ( 0.000000000000000000, 2.379999999999999893, 3.001783557279157577 ) ) ;
#497 = EDGE_CURVE ( 'NONE', #2652, #1845, #2676, .T. ) ;
#498 = ORIENTED_EDGE ( 'NONE', *, *, #459, .T. ) ;
#499 =( GEOMETRIC_REPRESENTATION_CONTEXT ( 3 ) GLOBAL_UNCERTAINTY_ASSIGNED_CONTEXT ( ( #3649 ) ) GLOBAL_UNIT_ASSIGNED_CONTEXT ( ( #1292, #2779, #3666 ) ) REPRESENTATION_CONTEXT ( 'NONE', 'WORKASPACE' ) );
#500 = DIRECTION ( 'NONE',  ( 0.3713906763541052203, 0.000000000000000000, 0.9284766908852586376 ) ) ;
#501 = PRESENTATION_LAYER_ASSIGNMENT (  '', '', ( #2922 ) ) ;
#502 = EDGE_LOOP ( 'NONE', ( #2113, #3478, #304, #1614 ) ) ;
#503 =( LENGTH_UNIT ( ) NAMED_UNIT ( * ) SI_UNIT ( .MILLI., .METRE. ) );
#504 = CARTESIAN_POINT ( 'NONE',  ( -2.734999999999999876, 0.6303562647612434011, 5.002814941432550455 ) ) ;
#505 = ORIENTED_EDGE ( 'NONE', *, *, #1987, .T. ) ;
#506 = ORIENTED_EDGE ( 'NONE', *, *, #3029, .T. ) ;
#507 = CARTESIAN_POINT ( 'NONE',  ( -2.734999999999999876, -0.1300000000000033906, 3.109999999999998099 ) ) ;
#508 = SURFACE_STYLE_USAGE ( .BOTH. , #236 ) ;
#509 = FILL_AREA_STYLE ('',( #2000 ) ) ;
#510 = DIRECTION ( 'NONE',  ( 0.000000000000000000, 0.000000000000000000, -1.000000000000000000 ) ) ;
#511 = FILL_AREA_STYLE ('',( #2908 ) ) ;
#512 = EDGE_CURVE ( 'NONE', #1160, #2793, #911, .T. ) ;
#513 = ORIENTED_EDGE ( 'NONE', *, *, #2730, .F. ) ;
#514 = UNCERTAINTY_MEASURE_WITH_UNIT (LENGTH_MEASURE( 1.000000000000000082E-05 ), #2969, 'distance_accuracy_value', 'NONE');
#515 = ORIENTED_EDGE ( 'NONE', *, *, #939, .F. ) ;
#516 = AXIS2_PLACEMENT_3D ( 'NONE', #1339, #1304, #3097 ) ;
#517 =( NAMED_UNIT ( * ) PLANE_ANGLE_UNIT ( ) SI_UNIT ( $, .RADIAN. ) );
#518 =( LENGTH_UNIT ( ) NAMED_UNIT ( * ) SI_UNIT ( .MILLI., .METRE. ) );
#519 = CARTESIAN_POINT ( 'NONE',  ( 2.734999999999999876, -0.1300000000000042510, 5.002814941432550455 ) ) ;
#520 =( NAMED_UNIT ( * ) SI_UNIT ( $, .STERADIAN. ) SOLID_ANGLE_UNIT ( ) );
#521 = CARTESIAN_POINT ( 'NONE',  ( 0.7500000000000000000, 0.6099999999999999867, -2.559999999999999165 ) ) ;
#522 = STYLED_ITEM ( 'NONE', ( #694 ), #1855 ) ;
#523 = CARTESIAN_POINT ( 'NONE',  ( -0.5699999999999999512, 0.000000000000000000, 0.000000000000000000 ) ) ;
#524 = LINE ( 'NONE', #809, #3610 ) ;
#525 = PLANE ( 'NONE',  #469 ) ;
#526 = SURFACE_SIDE_STYLE ('',( #1623 ) ) ;
#527 = LINE ( 'NONE', #1434, #431 ) ;
#528 =( NAMED_UNIT ( * ) SI_UNIT ( $, .STERADIAN. ) SOLID_ANGLE_UNIT ( ) );
#529 = CARTESIAN_POINT ( 'NONE',  ( -3.364999999999999769, 1.000000000000021760, 3.109999999999998987 ) ) ;
#530 = SURFACE_STYLE_USAGE ( .BOTH. , #1157 ) ;
#531 = PRESENTATION_LAYER_ASSIGNMENT (  '', '', ( #749 ) ) ;
#532 =( NAMED_UNIT ( * ) SI_UNIT ( $, .STERADIAN. ) SOLID_ANGLE_UNIT ( ) );
#533 = COLOUR_RGB ( '',0.6666666666666666297, 0.6980392156862744724, 0.7686274509803920907 ) ;
#534 = LINE ( 'NONE', #529, #1555 ) ;
#535 = CARTESIAN_POINT ( 'NONE',  ( -1.844999999999999751, 0.5000000000000216493, 3.466369568594649397 ) ) ;
#536 = LINE ( 'NONE', #567, #763 ) ;
#537 = DIRECTION ( 'NONE',  ( -1.000000000000000000, -0.000000000000000000, -0.000000000000000000 ) ) ;
#538 = EDGE_CURVE ( 'NONE', #37, #3267, #3052, .T. ) ;
#539 = ORIENTED_EDGE ( 'NONE', *, *, #1506, .T. ) ;
#540 = DIRECTION ( 'NONE',  ( 0.000000000000000000, 1.000000000000000000, 4.293869990041603930E-16 ) ) ;
#541 = VECTOR ( 'NONE', #803, 1000.000000000000114 ) ;
#542 = CARTESIAN_POINT ( 'NONE',  ( -2.734999999999999876, 0.5000000000000216493, 3.466369568594649397 ) ) ;
#543 = ORIENTED_EDGE ( 'NONE', *, *, #3628, .T. ) ;
#544 = CARTESIAN_POINT ( 'NONE',  ( 1.844999999999999751, -0.1300000000000046396, 6.030000000000033111 ) ) ;
#545 = DIRECTION ( 'NONE',  ( -0.000000000000000000, 1.000000000000000000, 4.293869990041603930E-16 ) ) ;
#546 = MECHANICAL_DESIGN_GEOMETRIC_PRESENTATION_REPRESENTATION (  '', ( #1183 ), #677 ) ;
#547 = CARTESIAN_POINT ( 'NONE',  ( -3.256783557279158803, 2.379999999999999893, 0.000000000000000000 ) ) ;
#548 = EDGE_LOOP ( 'NONE', ( #2970, #1398, #2317, #2974, #2991, #1508, #2640, #515 ) ) ;
#549 = STYLED_ITEM ( 'NONE', ( #2872 ), #1212 ) ;
#550 = DIRECTION ( 'NONE',  ( -0.000000000000000000, 0.000000000000000000, 1.000000000000000000 ) ) ;
#551 = STYLED_ITEM ( 'NONE', ( #369 ), #368 ) ;
#552 = EDGE_CURVE ( 'NONE', #2927, #293, #585, .T. ) ;
#553 = DIRECTION ( 'NONE',  ( -0.000000000000000000, 0.7409022449662884258, -0.6716128821009271777 ) ) ;
#554 = DIRECTION ( 'NONE',  ( -1.000000000000000000, -0.000000000000000000, -0.000000000000000000 ) ) ;
#555 = DIRECTION ( 'NONE',  ( 1.000000000000000000, 0.000000000000000000, 0.000000000000000000 ) ) ;
#556 =( NAMED_UNIT ( * ) SI_UNIT ( $, .STERADIAN. ) SOLID_ANGLE_UNIT ( ) );
#557 =( GEOMETRIC_REPRESENTATION_CONTEXT ( 3 ) GLOBAL_UNCERTAINTY_ASSIGNED_CONTEXT ( ( #2466 ) ) GLOBAL_UNIT_ASSIGNED_CONTEXT ( ( #589, #3247, #1188 ) ) REPRESENTATION_CONTEXT ( 'NONE', 'WORKASPACE' ) );
#558 = CARTESIAN_POINT ( 'NONE',  ( -1.844999999999999751, 1.000000000000021760, 3.109999999999998987 ) ) ;
#559 = EDGE_LOOP ( 'NONE', ( #826, #1447, #1380, #2052 ) ) ;
#560 =( NAMED_UNIT ( * ) SI_UNIT ( $, .STERADIAN. ) SOLID_ANGLE_UNIT ( ) );
#561 = AXIS2_PLACEMENT_3D ( 'NONE', #1048, #1065, #3724 ) ;
#562 = SURFACE_SIDE_STYLE ('',( #1580 ) ) ;
#563 = DIRECTION ( 'NONE',  ( 0.000000000000000000, 0.000000000000000000, 1.000000000000000000 ) ) ;
#564 = FILL_AREA_STYLE_COLOUR ( '', #2712 ) ;
#565 = ORIENTED_EDGE ( 'NONE', *, *, #2694, .T. ) ;
#566 = UNCERTAINTY_MEASURE_WITH_UNIT (LENGTH_MEASURE( 1.000000000000000082E-05 ), #793, 'distance_accuracy_value', 'NONE');
#567 = CARTESIAN_POINT ( 'NONE',  ( 2.859999999999999876, 0.02629274282888523218, 4.917919349846915367 ) ) ;
#568 = EDGE_CURVE ( 'NONE', #984, #2308, #3661, .T. ) ;
#569 = DIRECTION ( 'NONE',  ( 0.000000000000000000, -1.000000000000000000, 0.000000000000000000 ) ) ;
#570 =( LENGTH_UNIT ( ) NAMED_UNIT ( * ) SI_UNIT ( .MILLI., .METRE. ) );
#571 = AXIS2_PLACEMENT_3D ( 'NONE', #1032, #1576, #3675 ) ;
#572 = CARTESIAN_POINT ( 'NONE',  ( -1.844999999999999751, 1.610000000000021636, 3.109999999999998987 ) ) ;
#573 = PRESENTATION_STYLE_ASSIGNMENT (( #530 ) ) ;
#574 = SURFACE_STYLE_FILL_AREA ( #2523 ) ;
#575 =( NAMED_UNIT ( * ) SI_UNIT ( $, .STERADIAN. ) SOLID_ANGLE_UNIT ( ) );
#576 = VERTEX_POINT ( 'NONE', #2591 ) ;
#577 = FILL_AREA_STYLE ('',( #3554 ) ) ;
#578 = FACE_OUTER_BOUND ( 'NONE', #3381, .T. ) ;
#579 =( GEOMETRIC_REPRESENTATION_CONTEXT ( 3 ) GLOBAL_UNCERTAINTY_ASSIGNED_CONTEXT ( ( #970 ) ) GLOBAL_UNIT_ASSIGNED_CONTEXT ( ( #2378, #2094, #2678 ) ) REPRESENTATION_CONTEXT ( 'NONE', 'WORKASPACE' ) );
#580 = CARTESIAN_POINT ( 'NONE',  ( -0.7500000000000000000, 0.6099999999999999867, -2.060000000000000497 ) ) ;
#581 = VECTOR ( 'NONE', #3854, 1000.000000000000000 ) ;
#582 = LINE ( 'NONE', #87, #3659 ) ;
#583 = DIRECTION ( 'NONE',  ( -0.000000000000000000, 1.000000000000000000, -0.000000000000000000 ) ) ;
#584 = CARTESIAN_POINT ( 'NONE',  ( 2.734999999999999876, 1.610000000000021636, 3.109999999999998987 ) ) ;
#585 = LINE ( 'NONE', #3469, #3579 ) ;
#586 = EDGE_LOOP ( 'NONE', ( #213, #687, #685, #2254 ) ) ;
#587 = EDGE_LOOP ( 'NONE', ( #1079, #403, #2331, #2979 ) ) ;
#588 = SURFACE_STYLE_USAGE ( .BOTH. , #1784 ) ;
#589 =( LENGTH_UNIT ( ) NAMED_UNIT ( * ) SI_UNIT ( .MILLI., .METRE. ) );
#590 = VERTEX_POINT ( 'NONE', #1751 ) ;
#591 = CARTESIAN_POINT ( 'NONE',  ( 3.224459165297609786, 0.000000000000000000, 3.109999999999998987 ) ) ;
#592 = UNCERTAINTY_MEASURE_WITH_UNIT (LENGTH_MEASURE( 1.000000000000000082E-05 ), #1196, 'distance_accuracy_value', 'NONE');
#593 = ORIENTED_EDGE ( 'NONE', *, *, #3489, .T. ) ;
#594 = FILL_AREA_STYLE ('',( #2639 ) ) ;
#595 = LINE ( 'NONE', #1557, #2836 ) ;
#596 = DIRECTION ( 'NONE',  ( -1.000000000000000000, -0.000000000000000000, -0.000000000000000000 ) ) ;
#597 = MECHANICAL_DESIGN_GEOMETRIC_PRESENTATION_REPRESENTATION (  '', ( #3466 ), #3863 ) ;
#598 = CARTESIAN_POINT ( 'NONE',  ( 2.859999999999999876, 0.5000000000000214273, 3.877570314550939479 ) ) ;
#599 = ORIENTED_EDGE ( 'NONE', *, *, #3679, .F. ) ;
#600 = FACE_OUTER_BOUND ( 'NONE', #824, .T. ) ;
#601 = VERTEX_POINT ( 'NONE', #1451 ) ;
#602 = MECHANICAL_DESIGN_GEOMETRIC_PRESENTATION_REPRESENTATION (  '', ( #2470 ), #1219 ) ;
#603 = EDGE_CURVE ( 'NONE', #1553, #37, #2084, .T. ) ;
#604 = DIRECTION ( 'NONE',  ( -1.000000000000000000, 0.000000000000000000, -0.000000000000000000 ) ) ;
#605 = EDGE_CURVE ( 'NONE', #3539, #1261, #2579, .T. ) ;
#606 = UNCERTAINTY_MEASURE_WITH_UNIT (LENGTH_MEASURE( 1.000000000000000082E-05 ), #3263, 'distance_accuracy_value', 'NONE');
#607 = LINE ( 'NONE', #868, #3776 ) ;
#608 =( NAMED_UNIT ( * ) PLANE_ANGLE_UNIT ( ) SI_UNIT ( $, .RADIAN. ) );
#609 = ORIENTED_EDGE ( 'NONE', *, *, #867, .F. ) ;
#610 = LINE ( 'NONE', #1996, #1730 ) ;
#611 = CARTESIAN_POINT ( 'NONE',  ( 2.859999999999999876, 0.8358064410504852937, 3.836820691077793555 ) ) ;
#612 = VECTOR ( 'NONE', #1551, 1000.000000000000000 ) ;
#613 = LINE ( 'NONE', #3817, #1542 ) ;
#614 = DIRECTION ( 'NONE',  ( 0.000000000000000000, -1.000000000000000000, 0.000000000000000000 ) ) ;
#615 = AXIS2_PLACEMENT_3D ( 'NONE', #3184, #192, #2902 ) ;
#616 = PRESENTATION_STYLE_ASSIGNMENT (( #1039 ) ) ;
#617 =( GEOMETRIC_REPRESENTATION_CONTEXT ( 3 ) GLOBAL_UNCERTAINTY_ASSIGNED_CONTEXT ( ( #1654 ) ) GLOBAL_UNIT_ASSIGNED_CONTEXT ( ( #3860, #608, #3866 ) ) REPRESENTATION_CONTEXT ( 'NONE', 'WORKASPACE' ) );
#618 =( GEOMETRIC_REPRESENTATION_CONTEXT ( 3 ) GLOBAL_UNCERTAINTY_ASSIGNED_CONTEXT ( ( #3761 ) ) GLOBAL_UNIT_ASSIGNED_CONTEXT ( ( #2395, #3601, #630 ) ) REPRESENTATION_CONTEXT ( 'NONE', 'WORKASPACE' ) );
#619 = EDGE_CURVE ( 'NONE', #1194, #3304, #1552, .T. ) ;
#620 = LINE ( 'NONE', #217, #858 ) ;
#621 = CARTESIAN_POINT ( 'NONE',  ( -2.859999999999999876, 0.02629274282888501707, 4.917919349846915367 ) ) ;
#622 = SURFACE_STYLE_FILL_AREA ( #2163 ) ;
#623 = AXIS2_PLACEMENT_3D ( 'NONE', #1945, #2825, #2532 ) ;
#624 = VECTOR ( 'NONE', #2275, 1000.000000000000000 ) ;
#625 = SURFACE_STYLE_USAGE ( .BOTH. , #3002 ) ;
#626 = ORIENTED_EDGE ( 'NONE', *, *, #2809, .T. ) ;
#627 = SURFACE_SIDE_STYLE ('',( #2130 ) ) ;
#628 = LINE ( 'NONE', #2926, #3706 ) ;
#629 = SURFACE_STYLE_FILL_AREA ( #2653 ) ;
#630 =( NAMED_UNIT ( * ) SI_UNIT ( $, .STERADIAN. ) SOLID_ANGLE_UNIT ( ) );
#631 = ORIENTED_EDGE ( 'NONE', *, *, #1311, .F. ) ;
#632 = FACE_OUTER_BOUND ( 'NONE', #1202, .T. ) ;
#633 = ORIENTED_EDGE ( 'NONE', *, *, #1538, .F. ) ;
#634 = SURFACE_SIDE_STYLE ('',( #2397 ) ) ;
#635 = PRESENTATION_LAYER_ASSIGNMENT (  '', '', ( #434 ) ) ;
#636 = ORIENTED_EDGE ( 'NONE', *, *, #552, .T. ) ;
#637 = VERTEX_POINT ( 'NONE', #3236 ) ;
#638 =( NAMED_UNIT ( * ) PLANE_ANGLE_UNIT ( ) SI_UNIT ( $, .RADIAN. ) );
#639 = SURFACE_SIDE_STYLE ('',( #1550 ) ) ;
#640 =( GEOMETRIC_REPRESENTATION_CONTEXT ( 3 ) GLOBAL_UNCERTAINTY_ASSIGNED_CONTEXT ( ( #2306 ) ) GLOBAL_UNIT_ASSIGNED_CONTEXT ( ( #2041, #3522, #520 ) ) REPRESENTATION_CONTEXT ( 'NONE', 'WORKASPACE' ) );
#641 = VERTEX_POINT ( 'NONE', #3833 ) ;
#642 = SURFACE_STYLE_USAGE ( .BOTH. , #968 ) ;
#643 = ORIENTED_EDGE ( 'NONE', *, *, #2159, .T. ) ;
#644 = SURFACE_SIDE_STYLE ('',( #2964 ) ) ;
#645 = EDGE_LOOP ( 'NONE', ( #2039, #373, #3337, #417 ) ) ;
#646 = CARTESIAN_POINT ( 'NONE',  ( -3.224459165297608898, 0.000000000000000000, 2.969459165297607672 ) ) ;
#647 = EDGE_CURVE ( 'NONE', #1115, #3015, #1201, .T. ) ;
#648 = ORIENTED_EDGE ( 'NONE', *, *, #2316, .T. ) ;
#649 = CARTESIAN_POINT ( 'NONE',  ( 3.365000000000000657, 1.000000000000021760, 3.109999999999998987 ) ) ;
#650 = VECTOR ( 'NONE', #545, 1000.000000000000000 ) ;
#651 = DIRECTION ( 'NONE',  ( 0.000000000000000000, -0.000000000000000000, 1.000000000000000000 ) ) ;
#652 = PRESENTATION_LAYER_ASSIGNMENT (  '', '', ( #2187 ) ) ;
#653 = ADVANCED_FACE ( 'NONE', ( #1878 ), #3081, .T. ) ;
#654 =( GEOMETRIC_REPRESENTATION_CONTEXT ( 3 ) GLOBAL_UNCERTAINTY_ASSIGNED_CONTEXT ( ( #3329 ) ) GLOBAL_UNIT_ASSIGNED_CONTEXT ( ( #503, #3475, #1682 ) ) REPRESENTATION_CONTEXT ( 'NONE', 'WORKASPACE' ) );
#655 = PRESENTATION_STYLE_ASSIGNMENT (( #707 ) ) ;
#656 = DIRECTION ( 'NONE',  ( 0.000000000000000000, -0.1391731009600587488, 0.9902680687415712502 ) ) ;
#657 = PRESENTATION_LAYER_ASSIGNMENT (  '', '', ( #57 ) ) ;
#658 = PRESENTATION_STYLE_ASSIGNMENT (( #778 ) ) ;
#659 = ORIENTED_EDGE ( 'NONE', *, *, #3011, .F. ) ;
#660 = STYLED_ITEM ( 'NONE', ( #2807 ), #1863 ) ;
#661 = COLOUR_RGB ( '',0.6666666666666666297, 0.6980392156862744724, 0.7686274509803920907 ) ;
#662 = ADVANCED_FACE ( 'NONE', ( #3842 ), #1036, .F. ) ;
#663 = VERTEX_POINT ( 'NONE', #2210 ) ;
#664 =( NAMED_UNIT ( * ) PLANE_ANGLE_UNIT ( ) SI_UNIT ( $, .RADIAN. ) );
#665 = PRESENTATION_STYLE_ASSIGNMENT (( #1062 ) ) ;
#666 = UNCERTAINTY_MEASURE_WITH_UNIT (LENGTH_MEASURE( 1.000000000000000082E-05 ), #405, 'distance_accuracy_value', 'NONE');
#667 = MECHANICAL_DESIGN_GEOMETRIC_PRESENTATION_REPRESENTATION (  '', ( #749 ), #960 ) ;
#668 = ORIENTED_EDGE ( 'NONE', *, *, #800, .F. ) ;
#669 = LINE ( 'NONE', #3313, #312 ) ;
#670 = EDGE_CURVE ( 'NONE', #3172, #1476, #2400, .T. ) ;
#671 = DIRECTION ( 'NONE',  ( -1.000000000000000000, -0.000000000000000000, -0.000000000000000000 ) ) ;
#672 = PRESENTATION_STYLE_ASSIGNMENT (( #3222 ) ) ;
#673 = DIRECTION ( 'NONE',  ( -0.000000000000000000, 1.000000000000000000, 4.293869990041603930E-16 ) ) ;
#674 = CARTESIAN_POINT ( 'NONE',  ( -2.730000000000000426, 0.000000000000000000, 0.8200000000000003952 ) ) ;
#675 =( NAMED_UNIT ( * ) PLANE_ANGLE_UNIT ( ) SI_UNIT ( $, .RADIAN. ) );
#676 = LINE ( 'NONE', #1426, #3346 ) ;
#677 =( GEOMETRIC_REPRESENTATION_CONTEXT ( 3 ) GLOBAL_UNCERTAINTY_ASSIGNED_CONTEXT ( ( #719 ) ) GLOBAL_UNIT_ASSIGNED_CONTEXT ( ( #1453, #1193, #3591 ) ) REPRESENTATION_CONTEXT ( 'NONE', 'WORKASPACE' ) );
#678 = CARTESIAN_POINT ( 'NONE',  ( -2.859999999999999876, 0.6303562647612435121, 5.002814941432550455 ) ) ;
#679 = PRESENTATION_LAYER_ASSIGNMENT (  '', '', ( #77 ) ) ;
#680 = EDGE_CURVE ( 'NONE', #1288, #2221, #1097, .T. ) ;
#681 = PRESENTATION_STYLE_ASSIGNMENT (( #2450 ) ) ;
#682 =( NAMED_UNIT ( * ) PLANE_ANGLE_UNIT ( ) SI_UNIT ( $, .RADIAN. ) );
#683 = ADVANCED_FACE ( 'NONE', ( #954 ), #3138, .F. ) ;
#684 = MECHANICAL_DESIGN_GEOMETRIC_PRESENTATION_REPRESENTATION (  '', ( #1519 ), #1972 ) ;
#685 = ORIENTED_EDGE ( 'NONE', *, *, #918, .F. ) ;
#686 = PLANE ( 'NONE',  #302 ) ;
#687 = ORIENTED_EDGE ( 'NONE', *, *, #121, .F. ) ;
#688 = COLOUR_RGB ( '',0.6666666666666666297, 0.6980392156862744724, 0.7686274509803920907 ) ;
#689 =( LENGTH_UNIT ( ) NAMED_UNIT ( * ) SI_UNIT ( .MILLI., .METRE. ) );
#690 = PLANE ( 'NONE',  #1773 ) ;
#691 = DIRECTION ( 'NONE',  ( -1.000000000000000000, 0.000000000000000000, -0.000000000000000000 ) ) ;
#692 = DIRECTION ( 'NONE',  ( 1.000000000000000000, 0.000000000000000000, 0.000000000000000000 ) ) ;
#693 = UNCERTAINTY_MEASURE_WITH_UNIT (LENGTH_MEASURE( 1.000000000000000082E-05 ), #2881, 'distance_accuracy_value', 'NONE');
#694 = PRESENTATION_STYLE_ASSIGNMENT (( #1854 ) ) ;
#695 = SURFACE_STYLE_FILL_AREA ( #2326 ) ;
#696 = VECTOR ( 'NONE', #753, 1000.000000000000000 ) ;
#697 = EDGE_CURVE ( 'NONE', #3824, #1115, #2080, .T. ) ;
#698 =( NAMED_UNIT ( * ) PLANE_ANGLE_UNIT ( ) SI_UNIT ( $, .RADIAN. ) );
#699 = PLANE ( 'NONE',  #120 ) ;
#700 = PRESENTATION_LAYER_ASSIGNMENT (  '', '', ( #1509 ) ) ;
#701 = VECTOR ( 'NONE', #835, 1000.000000000000000 ) ;
#703 = CARTESIAN_POINT ( 'NONE',  ( -1.720000000000000195, 1.245490299132050893, 4.288771060507229116 ) ) ;
#702 =( NAMED_UNIT ( * ) PLANE_ANGLE_UNIT ( ) SI_UNIT ( $, .RADIAN. ) );
#704 = ADVANCED_FACE ( 'NONE', ( #379 ), #1409, .T. ) ;
#705 = DIRECTION ( 'NONE',  ( -0.000000000000000000, -0.000000000000000000, -1.000000000000000000 ) ) ;
#706 = PRESENTATION_STYLE_ASSIGNMENT (( #2598 ) ) ;
#707 = SURFACE_STYLE_USAGE ( .BOTH. , #3702 ) ;
#708 = FILL_AREA_STYLE_COLOUR ( '', #433 ) ;
#709 = ORIENTED_EDGE ( 'NONE', *, *, #2578, .T. ) ;
#710 = MECHANICAL_DESIGN_GEOMETRIC_PRESENTATION_REPRESENTATION (  '', ( #1207 ), #1388 ) ;
#711 = VECTOR ( 'NONE', #263, 1000.000000000000000 ) ;
#712 = PRESENTATION_LAYER_ASSIGNMENT (  '', '', ( #522 ) ) ;
#713 = LINE ( 'NONE', #972, #3795 ) ;
#714 = ORIENTED_EDGE ( 'NONE', *, *, #1336, .F. ) ;
#715 = CARTESIAN_POINT ( 'NONE',  ( -0.7500000000000000000, 0.000000000000000000, -2.559999999999999165 ) ) ;
#716 = SURFACE_STYLE_USAGE ( .BOTH. , #2873 ) ;
#717 = ORIENTED_EDGE ( 'NONE', *, *, #44, .T. ) ;
#718 = DIRECTION ( 'NONE',  ( -9.227252531791524161E-17, 0.000000000000000000, 1.000000000000000000 ) ) ;
#719 = UNCERTAINTY_MEASURE_WITH_UNIT (LENGTH_MEASURE( 1.000000000000000082E-05 ), #1453, 'distance_accuracy_value', 'NONE');
#720 = CARTESIAN_POINT ( 'NONE',  ( -3.256783557279158803, 2.379999999999999893, 0.000000000000000000 ) ) ;
#721 = SURFACE_STYLE_USAGE ( .BOTH. , #995 ) ;
#722 = DIRECTION ( 'NONE',  ( 0.000000000000000000, 0.000000000000000000, -1.000000000000000000 ) ) ;
#723 = DIRECTION ( 'NONE',  ( -1.000000000000000000, -0.000000000000000000, -0.000000000000000000 ) ) ;
#724 = ORIENTED_EDGE ( 'NONE', *, *, #3485, .F. ) ;
#725 = ORIENTED_EDGE ( 'NONE', *, *, #1954, .T. ) ;
#726 = CARTESIAN_POINT ( 'NONE',  ( -3.364999999999999769, 0.000000000000000000, -3.109999999999999876 ) ) ;
#727 = ADVANCED_FACE ( 'NONE', ( #2770 ), #3832, .T. ) ;
#728 = EDGE_CURVE ( 'NONE', #1082, #262, #3129, .T. ) ;
#729 =( NAMED_UNIT ( * ) SI_UNIT ( $, .STERADIAN. ) SOLID_ANGLE_UNIT ( ) );
#730 = SURFACE_STYLE_FILL_AREA ( #2074 ) ;
#732 = DIRECTION ( 'NONE',  ( 0.000000000000000000, -0.7409022449662876486, 0.6716128821009280658 ) ) ;
#731 =( NAMED_UNIT ( * ) PLANE_ANGLE_UNIT ( ) SI_UNIT ( $, .RADIAN. ) );
#733 = CARTESIAN_POINT ( 'NONE',  ( -0.7500000000000000000, 0.000000000000000000, -2.559999999999999165 ) ) ;
#734 = DIRECTION ( 'NONE',  ( 0.000000000000000000, 0.000000000000000000, 1.000000000000000000 ) ) ;
#735 = STYLED_ITEM ( 'NONE', ( #756 ), #3054 ) ;
#736 = SURFACE_SIDE_STYLE ('',( #335 ) ) ;
#737 = EDGE_LOOP ( 'NONE', ( #925, #3032, #892, #3102, #114, #2322, #3712 ) ) ;
#738 = STYLED_ITEM ( 'NONE', ( #1880 ), #1305 ) ;
#739 = PRESENTATION_LAYER_ASSIGNMENT (  '', '', ( #471 ) ) ;
#740 = EDGE_CURVE ( 'NONE', #1300, #1068, #3414, .T. ) ;
#741 = ORIENTED_EDGE ( 'NONE', *, *, #2682, .F. ) ;
#742 = VERTEX_POINT ( 'NONE', #2906 ) ;
#743 = AXIS2_PLACEMENT_3D ( 'NONE', #289, #2647, #2336 ) ;
#744 =( NAMED_UNIT ( * ) SI_UNIT ( $, .STERADIAN. ) SOLID_ANGLE_UNIT ( ) );
#745 = DIRECTION ( 'NONE',  ( -1.000000000000000000, 0.000000000000000000, -9.227252531791524161E-17 ) ) ;
#746 = SURFACE_STYLE_FILL_AREA ( #2013 ) ;
#747 = DIRECTION ( 'NONE',  ( 0.000000000000000000, 0.000000000000000000, -1.000000000000000000 ) ) ;
#748 = FILL_AREA_STYLE ('',( #383 ) ) ;
#749 = STYLED_ITEM ( 'NONE', ( #655 ), #683 ) ;
#750 = DIRECTION ( 'NONE',  ( 0.000000000000000000, 0.000000000000000000, 1.000000000000000000 ) ) ;
#751 = SURFACE_SIDE_STYLE ('',( #2030 ) ) ;
#752 = FACE_OUTER_BOUND ( 'NONE', #2849, .T. ) ;
#753 = DIRECTION ( 'NONE',  ( -0.000000000000000000, 1.000000000000000000, -0.000000000000000000 ) ) ;
#754 = EDGE_CURVE ( 'NONE', #3671, #2547, #527, .T. ) ;
#755 =( NAMED_UNIT ( * ) PLANE_ANGLE_UNIT ( ) SI_UNIT ( $, .RADIAN. ) );
#756 = PRESENTATION_STYLE_ASSIGNMENT (( #2418 ) ) ;
#757 = PRESENTATION_LAYER_ASSIGNMENT (  '', '', ( #1293 ) ) ;
#759 = CARTESIAN_POINT ( 'NONE',  ( -2.730000000000000426, 0.000000000000000000, 0.8200000000000003952 ) ) ;
#758 = DIRECTION ( 'NONE',  ( -1.000000000000000000, -0.000000000000000000, -0.000000000000000000 ) ) ;
#760 = ORIENTED_EDGE ( 'NONE', *, *, #3695, .F. ) ;
#761 = ORIENTED_EDGE ( 'NONE', *, *, #1242, .F. ) ;
#762 = FILL_AREA_STYLE ('',( #468 ) ) ;
#763 = VECTOR ( 'NONE', #3503, 1000.000000000000000 ) ;
#764 = VECTOR ( 'NONE', #1713, 1000.000000000000000 ) ;
#765 = ORIENTED_EDGE ( 'NONE', *, *, #3427, .T. ) ;
#766 = DIRECTION ( 'NONE',  ( 0.000000000000000000, -1.000000000000000000, 0.000000000000000000 ) ) ;
#767 = MECHANICAL_DESIGN_GEOMETRIC_PRESENTATION_REPRESENTATION (  '', ( #1912 ), #1251 ) ;
#768 = COLOUR_RGB ( '',0.6666666666666666297, 0.6980392156862744724, 0.7686274509803920907 ) ;
#769 =( NAMED_UNIT ( * ) SI_UNIT ( $, .STERADIAN. ) SOLID_ANGLE_UNIT ( ) );
#770 = ORIENTED_EDGE ( 'NONE', *, *, #1709, .T. ) ;
#771 =( LENGTH_UNIT ( ) NAMED_UNIT ( * ) SI_UNIT ( .MILLI., .METRE. ) );
#772 = ORIENTED_EDGE ( 'NONE', *, *, #2679, .T. ) ;
#774 = DIRECTION ( 'NONE',  ( -1.000000000000000000, -0.000000000000000000, 0.000000000000000000 ) ) ;
#773 =( NAMED_UNIT ( * ) SI_UNIT ( $, .STERADIAN. ) SOLID_ANGLE_UNIT ( ) );
#775 = FACE_OUTER_BOUND ( 'NONE', #3334, .T. ) ;
#776 = DIRECTION ( 'NONE',  ( -1.000000000000000000, -0.000000000000000000, 0.000000000000000000 ) ) ;
#777 =( NAMED_UNIT ( * ) SI_UNIT ( $, .STERADIAN. ) SOLID_ANGLE_UNIT ( ) );
#778 = SURFACE_STYLE_USAGE ( .BOTH. , #801 ) ;
#779 = VECTOR ( 'NONE', #3547, 1000.000000000000000 ) ;
#780 = DIRECTION ( 'NONE',  ( 0.000000000000000000, 0.000000000000000000, -1.000000000000000000 ) ) ;
#781 = CARTESIAN_POINT ( 'NONE',  ( -1.844999999999999751, 0.7908527358470649471, 3.877570314550939479 ) ) ;
#782 = SURFACE_STYLE_USAGE ( .BOTH. , #1975 ) ;
#783 = CARTESIAN_POINT ( 'NONE',  ( 0.5699999999999999512, 1.000000000000021760, 3.109999999999998987 ) ) ;
#784 = ORIENTED_EDGE ( 'NONE', *, *, #200, .T. ) ;
#786 =( NAMED_UNIT ( * ) PLANE_ANGLE_UNIT ( ) SI_UNIT ( $, .RADIAN. ) );
#785 = DIRECTION ( 'NONE',  ( 1.000000000000000000, 0.000000000000000000, 0.000000000000000000 ) ) ;
#787 = DIRECTION ( 'NONE',  ( -0.000000000000000000, 1.000000000000000000, 4.293869990041603930E-16 ) ) ;
#788 = CARTESIAN_POINT ( 'NONE',  ( 3.256783557279159691, 2.379999999999999893, -2.861242722576766262 ) ) ;
#789 = DIRECTION ( 'NONE',  ( 0.000000000000000000, 1.000000000000000000, 4.293869990041603930E-16 ) ) ;
#790 = UNCERTAINTY_MEASURE_WITH_UNIT (LENGTH_MEASURE( 1.000000000000000082E-05 ), #343, 'distance_accuracy_value', 'NONE');
#791 = ORIENTED_EDGE ( 'NONE', *, *, #3835, .T. ) ;
#792 = FILL_AREA_STYLE ('',( #1712 ) ) ;
#793 =( LENGTH_UNIT ( ) NAMED_UNIT ( * ) SI_UNIT ( .MILLI., .METRE. ) );
#794 = CIRCLE ( 'NONE', #1471, 1.109999999999998987 ) ;
#795 = LINE ( 'NONE', #2252, #696 ) ;
#796 = PRESENTATION_STYLE_ASSIGNMENT (( #2718 ) ) ;
#797 = SURFACE_STYLE_FILL_AREA ( #762 ) ;
#798 = PRESENTATION_LAYER_ASSIGNMENT (  '', '', ( #1138 ) ) ;
#799 = DIRECTION ( 'NONE',  ( 1.000000000000000000, 0.000000000000000000, -0.000000000000000000 ) ) ;
#800 = EDGE_CURVE ( 'NONE', #2547, #1476, #3044, .T. ) ;
#801 = SURFACE_SIDE_STYLE ('',( #2968 ) ) ;
#802 = EDGE_CURVE ( 'NONE', #3290, #2129, #3572, .T. ) ;
#803 = DIRECTION ( 'NONE',  ( 0.000000000000000000, -0.7409022449662876486, 0.6716128821009280658 ) ) ;
#804 = PLANE ( 'NONE',  #945 ) ;
#805 = VECTOR ( 'NONE', #554, 1000.000000000000000 ) ;
#806 = ORIENTED_EDGE ( 'NONE', *, *, #14, .F. ) ;
#807 = DIRECTION ( 'NONE',  ( 0.000000000000000000, 0.000000000000000000, 1.000000000000000000 ) ) ;
#808 = VECTOR ( 'NONE', #2042, 1000.000000000000000 ) ;
#809 = CARTESIAN_POINT ( 'NONE',  ( 1.844999999999999751, 0.8358064410504852937, 3.836820691077793555 ) ) ;
#810 = CYLINDRICAL_SURFACE ( 'NONE', #877, 1.109999999999998987 ) ;
#811 = ORIENTED_EDGE ( 'NONE', *, *, #356, .T. ) ;
#812 = VECTOR ( 'NONE', #500, 1000.000000000000114 ) ;
#813 = DIRECTION ( 'NONE',  ( 1.000000000000000000, 0.000000000000000000, -0.000000000000000000 ) ) ;
#814 = MECHANICAL_DESIGN_GEOMETRIC_PRESENTATION_REPRESENTATION (  '', ( #1664 ), #2263 ) ;
#815 = EDGE_CURVE ( 'NONE', #576, #2692, #2670, .T. ) ;
#816 = VERTEX_POINT ( 'NONE', #2833 ) ;
#817 = CARTESIAN_POINT ( 'NONE',  ( -2.730000000000000426, 0.6099999999999999867, 0.8200000000000003952 ) ) ;
#818 = FACE_OUTER_BOUND ( 'NONE', #559, .T. ) ;
#819 = DIRECTION ( 'NONE',  ( 0.000000000000000000, 0.000000000000000000, 1.000000000000000000 ) ) ;
#820 = PLANE ( 'NONE',  #2093 ) ;
#821 = CARTESIAN_POINT ( 'NONE',  ( -2.734999999999999876, 0.7908527358470645030, 3.877570314550939479 ) ) ;
#822 = AXIS2_PLACEMENT_3D ( 'NONE', #1168, #2064, #3840 ) ;
#823 = ORIENTED_EDGE ( 'NONE', *, *, #965, .T. ) ;
#824 = EDGE_LOOP ( 'NONE', ( #1777, #1475, #770, #83 ) ) ;
#825 = LINE ( 'NONE', #591, #1659 ) ;
#826 = ORIENTED_EDGE ( 'NONE', *, *, #1748, .T. ) ;
#827 = CARTESIAN_POINT ( 'NONE',  ( 0.7500000000000000000, 0.000000000000000000, -2.060000000000000497 ) ) ;
#828 =( NAMED_UNIT ( * ) SI_UNIT ( $, .STERADIAN. ) SOLID_ANGLE_UNIT ( ) );
#829 = FILL_AREA_STYLE ('',( #2302 ) ) ;
#830 = ORIENTED_EDGE ( 'NONE', *, *, #2026, .F. ) ;
#831 =( NAMED_UNIT ( * ) PLANE_ANGLE_UNIT ( ) SI_UNIT ( $, .RADIAN. ) );
#832 = ORIENTED_EDGE ( 'NONE', *, *, #2423, .F. ) ;
#833 = SURFACE_SIDE_STYLE ('',( #914 ) ) ;
#834 = DIRECTION ( 'NONE',  ( -1.000000000000000000, -0.000000000000000000, -0.000000000000000000 ) ) ;
#835 = DIRECTION ( 'NONE',  ( -1.000000000000000000, 0.000000000000000000, 0.000000000000000000 ) ) ;
#836 = DIRECTION ( 'NONE',  ( -1.000000000000000000, -0.000000000000000000, -0.000000000000000000 ) ) ;
#837 = CARTESIAN_POINT ( 'NONE',  ( -1.844999999999999751, 0.02629274282888501707, 4.917919349846915367 ) ) ;
#838 = DIRECTION ( 'NONE',  ( 0.000000000000000000, 4.293869990041603930E-16, -1.000000000000000000 ) ) ;
#839 = EDGE_CURVE ( 'NONE', #1081, #311, #1741, .T. ) ;
#840 =( NAMED_UNIT ( * ) PLANE_ANGLE_UNIT ( ) SI_UNIT ( $, .RADIAN. ) );
#841 = VERTEX_POINT ( 'NONE', #3737 ) ;
#842 = CARTESIAN_POINT ( 'NONE',  ( 0.7500000000000000000, 0.6099999999999999867, -2.559999999999999165 ) ) ;
#843 =( NAMED_UNIT ( * ) PLANE_ANGLE_UNIT ( ) SI_UNIT ( $, .RADIAN. ) );
#844 = ORIENTED_EDGE ( 'NONE', *, *, #1231, .F. ) ;
#845 = DIRECTION ( 'NONE',  ( 0.9902680687415706950, -0.1391731009600625513, 0.000000000000000000 ) ) ;
#846 = VECTOR ( 'NONE', #747, 1000.000000000000000 ) ;
#847 = AXIS2_PLACEMENT_3D ( 'NONE', #3201, #3799, #2024 ) ;
#848 = CARTESIAN_POINT ( 'NONE',  ( -1.720000000000000195, 1.531025676947492142, 3.877570314550939479 ) ) ;
#849 = AXIS2_PLACEMENT_3D ( 'NONE', #174, #774, #2667 ) ;
#850 =( NAMED_UNIT ( * ) PLANE_ANGLE_UNIT ( ) SI_UNIT ( $, .RADIAN. ) );
#851 = CARTESIAN_POINT ( 'NONE',  ( -1.720000000000000195, 0.01436144552488709258, 5.002814941432550455 ) ) ;
#852 = UNCERTAINTY_MEASURE_WITH_UNIT (LENGTH_MEASURE( 1.000000000000000082E-05 ), #3825, 'distance_accuracy_value', 'NONE');
#853 = PRESENTATION_STYLE_ASSIGNMENT (( #2329 ) ) ;
#854 = CARTESIAN_POINT ( 'NONE',  ( 0.000000000000000000, 0.000000000000000000, 0.000000000000000000 ) ) ;
#855 = SURFACE_STYLE_FILL_AREA ( #3451 ) ;
#856 =( NAMED_UNIT ( * ) SI_UNIT ( $, .STERADIAN. ) SOLID_ANGLE_UNIT ( ) );
#857 = CYLINDRICAL_SURFACE ( 'NONE', #267, 0.4999999999999995559 ) ;
#858 = VECTOR ( 'NONE', #1126, 1000.000000000000000 ) ;
#859 = CARTESIAN_POINT ( 'NONE',  ( 1.844999999999999751, 0.4740635219323597882, 6.114895591585637113 ) ) ;
#860 = FILL_AREA_STYLE_COLOUR ( '', #2857 ) ;
#861 = SURFACE_STYLE_FILL_AREA ( #1412 ) ;
#862 = EDGE_LOOP ( 'NONE', ( #2829, #2255, #3204, #3546 ) ) ;
#863 = CARTESIAN_POINT ( 'NONE',  ( -2.729999999999999982, -0.000000000000000000, -3.880000000000000338 ) ) ;
#864 =( NAMED_UNIT ( * ) PLANE_ANGLE_UNIT ( ) SI_UNIT ( $, .RADIAN. ) );
#865 = DIRECTION ( 'NONE',  ( 0.000000000000000000, -0.000000000000000000, -1.000000000000000000 ) ) ;
#866 = SURFACE_STYLE_FILL_AREA ( #496 ) ;
#867 = EDGE_CURVE ( 'NONE', #388, #663, #1269, .T. ) ;
#868 = CARTESIAN_POINT ( 'NONE',  ( -1.720000000000000195, 0.02629274282888501707, 4.917919349846915367 ) ) ;
#869 = EDGE_LOOP ( 'NONE', ( #3306, #222, #1026, #966 ) ) ;
#870 = DIRECTION ( 'NONE',  ( -0.000000000000000000, -1.000000000000000000, -0.000000000000000000 ) ) ;
#871 = ORIENTED_EDGE ( 'NONE', *, *, #3205, .T. ) ;
#872 = DIRECTION ( 'NONE',  ( 0.000000000000000000, -0.6716128821009280658, -0.7409022449662876486 ) ) ;
#873 = LINE ( 'NONE', #3399, #2977 ) ;
#874 = STYLED_ITEM ( 'NONE', ( #3178 ), #3358 ) ;
#875 = CARTESIAN_POINT ( 'NONE',  ( -2.859999999999999876, 0.7896838580815656039, 4.701950369429436449 ) ) ;
#876 = ORIENTED_EDGE ( 'NONE', *, *, #95, .T. ) ;
#877 = AXIS2_PLACEMENT_3D ( 'NONE', #103, #1275, #3665 ) ;
#878 = LINE ( 'NONE', #1856, #3487 ) ;
#879 = PLANE ( 'NONE',  #2111 ) ;
#880 = STYLED_ITEM ( 'NONE', ( #1960 ), #350 ) ;
#881 = VECTOR ( 'NONE', #3302, 1000.000000000000000 ) ;
#882 = DIRECTION ( 'NONE',  ( 0.000000000000000000, 0.000000000000000000, 1.000000000000000000 ) ) ;
#883 = MECHANICAL_DESIGN_GEOMETRIC_PRESENTATION_REPRESENTATION (  '', ( #2033 ), #1493 ) ;
#884 = FILL_AREA_STYLE ('',( #2374 ) ) ;
#885 = VECTOR ( 'NONE', #2995, 1000.000000000000000 ) ;
#886 = FILL_AREA_STYLE_COLOUR ( '', #2699 ) ;
#887 = PRESENTATION_LAYER_ASSIGNMENT (  '', '', ( #2273 ) ) ;
#888 = DIRECTION ( 'NONE',  ( 0.000000000000000000, 0.000000000000000000, -1.000000000000000000 ) ) ;
#889 = ORIENTED_EDGE ( 'NONE', *, *, #1482, .T. ) ;
#890 = CARTESIAN_POINT ( 'NONE',  ( 2.529999999999999805, 0.6099999999999999867, -4.379999999999999893 ) ) ;
#891 = EDGE_CURVE ( 'NONE', #1115, #1527, #2717, .T. ) ;
#892 = ORIENTED_EDGE ( 'NONE', *, *, #3516, .F. ) ;
#893 = FILL_AREA_STYLE ('',( #2992 ) ) ;
#894 = CIRCLE ( 'NONE', #3555, 1.109999999999999876 ) ;
#895 =( NAMED_UNIT ( * ) PLANE_ANGLE_UNIT ( ) SI_UNIT ( $, .RADIAN. ) );
#896 = AXIS2_PLACEMENT_3D ( 'NONE', #2034, #1767, #3850 ) ;
#897 = MECHANICAL_DESIGN_GEOMETRIC_PRESENTATION_REPRESENTATION (  '', ( #77 ), #1101 ) ;
#898 = EDGE_CURVE ( 'NONE', #2050, #3801, #3006, .T. ) ;
#899 = PLANE ( 'NONE',  #849 ) ;
#900 = ORIENTED_EDGE ( 'NONE', *, *, #728, .F. ) ;
#901 = CARTESIAN_POINT ( 'NONE',  ( -1.720000000000000195, 0.7896838580815656039, 4.701950369429436449 ) ) ;
#902 = VECTOR ( 'NONE', #43, 1000.000000000000000 ) ;
#903 = MECHANICAL_DESIGN_GEOMETRIC_PRESENTATION_REPRESENTATION (  '', ( #2922 ), #3116 ) ;
#904 = SURFACE_STYLE_FILL_AREA ( #3091 ) ;
#905 = CARTESIAN_POINT ( 'NONE',  ( -1.719999999999999973, 0.7908527358470641699, 3.877570314550939479 ) ) ;
#906 = COLOUR_RGB ( '',0.7921568627450980005, 0.8196078431372548767, 0.9333333333333333481 ) ;
#907 = VECTOR ( 'NONE', #3476, 1000.000000000000000 ) ;
#908 = LINE ( 'NONE', #2498, #957 ) ;
#909 = CARTESIAN_POINT ( 'NONE',  ( 0.000000000000000000, 0.000000000000000000, 0.000000000000000000 ) ) ;
#910 = ADVANCED_FACE ( 'NONE', ( #1462 ), #2617, .F. ) ;
#911 = LINE ( 'NONE', #1381, #3846 ) ;
#912 = VERTEX_POINT ( 'NONE', #165 ) ;
#913 = PRESENTATION_STYLE_ASSIGNMENT (( #472 ) ) ;
#914 = SURFACE_STYLE_FILL_AREA ( #3215 ) ;
#915 = FILL_AREA_STYLE ('',( #2696 ) ) ;
#916 = ORIENTED_EDGE ( 'NONE', *, *, #3802, .F. ) ;
#917 = LINE ( 'NONE', #1229, #3292 ) ;
#918 = EDGE_CURVE ( 'NONE', #3801, #2134, #376, .T. ) ;
#919 = FACE_OUTER_BOUND ( 'NONE', #84, .T. ) ;
#920 =( NAMED_UNIT ( * ) SI_UNIT ( $, .STERADIAN. ) SOLID_ANGLE_UNIT ( ) );
#921 = STYLED_ITEM ( 'NONE', ( #665 ), #2720 ) ;
#922 = VERTEX_POINT ( 'NONE', #1299 ) ;
#923 = DIRECTION ( 'NONE',  ( -1.000000000000000000, -0.000000000000000000, -0.000000000000000000 ) ) ;
#924 = SURFACE_STYLE_USAGE ( .BOTH. , #2116 ) ;
#925 = ORIENTED_EDGE ( 'NONE', *, *, #1923, .F. ) ;
#926 = CARTESIAN_POINT ( 'NONE',  ( 0.7500000000000000000, 0.6099999999999999867, -2.060000000000000497 ) ) ;
#927 = AXIS2_PLACEMENT_3D ( 'NONE', #1066, #2259, #750 ) ;
#928 =( GEOMETRIC_REPRESENTATION_CONTEXT ( 3 ) GLOBAL_UNCERTAINTY_ASSIGNED_CONTEXT ( ( #2586 ) ) GLOBAL_UNIT_ASSIGNED_CONTEXT ( ( #2610, #1171, #269 ) ) REPRESENTATION_CONTEXT ( 'NONE', 'WORKASPACE' ) );
#929 = ORIENTED_EDGE ( 'NONE', *, *, #568, .T. ) ;
#930 = CARTESIAN_POINT ( 'NONE',  ( 1.719999999999999973, 1.125490299132028804, 5.072401491912580163 ) ) ;
#931 = ADVANCED_FACE ( 'NONE', ( #238 ), #2119, .T. ) ;
#932 = DIRECTION ( 'NONE',  ( 0.000000000000000000, 0.000000000000000000, -1.000000000000000000 ) ) ;
#933 =( NAMED_UNIT ( * ) PLANE_ANGLE_UNIT ( ) SI_UNIT ( $, .RADIAN. ) );
#934 = CARTESIAN_POINT ( 'NONE',  ( 2.734999999999999876, -0.1300000000000038070, 3.877570314550939035 ) ) ;
#935 = ORIENTED_EDGE ( 'NONE', *, *, #416, .F. ) ;
#936 = AXIS2_PLACEMENT_3D ( 'NONE', #3804, #3115, #132 ) ;
#937 = SURFACE_STYLE_FILL_AREA ( #2582 ) ;
#938 =( NAMED_UNIT ( * ) PLANE_ANGLE_UNIT ( ) SI_UNIT ( $, .RADIAN. ) );
#939 = EDGE_CURVE ( 'NONE', #2086, #1530, #1141, .T. ) ;
#940 = FILL_AREA_STYLE ('',( #980 ) ) ;
#941 = VECTOR ( 'NONE', #2879, 1000.000000000000000 ) ;
#942 = CARTESIAN_POINT ( 'NONE',  ( 2.859999999999999876, 1.125490299132028804, 5.072401491912580163 ) ) ;
#943 =( GEOMETRIC_REPRESENTATION_CONTEXT ( 3 ) GLOBAL_UNCERTAINTY_ASSIGNED_CONTEXT ( ( #1145 ) ) GLOBAL_UNIT_ASSIGNED_CONTEXT ( ( #1511, #2135, #2710 ) ) REPRESENTATION_CONTEXT ( 'NONE', 'WORKASPACE' ) );
#944 = ADVANCED_FACE ( 'NONE', ( #1636 ), #1324, .F. ) ;
#945 = AXIS2_PLACEMENT_3D ( 'NONE', #1132, #780, #3470 ) ;
#946 = AXIS2_PLACEMENT_3D ( 'NONE', #3766, #3507, #2595 ) ;
#947 = EDGE_CURVE ( 'NONE', #2916, #2050, #795, .T. ) ;
#948 = PRESENTATION_STYLE_ASSIGNMENT (( #3114 ) ) ;
#949 = UNCERTAINTY_MEASURE_WITH_UNIT (LENGTH_MEASURE( 1.000000000000000082E-05 ), #2318, 'distance_accuracy_value', 'NONE');
#950 = DIRECTION ( 'NONE',  ( -0.1378445374916254795, 0.9808148484639900300, 0.1378445374916254795 ) ) ;
#951 = COLOUR_RGB ( '',0.1098039215686274495, 0.1098039215686274495, 0.1098039215686274495 ) ;
#952 = STYLED_ITEM ( 'NONE', ( #853 ), #2219 ) ;
#953 = VERTEX_POINT ( 'NONE', #1956 ) ;
#954 = FACE_OUTER_BOUND ( 'NONE', #180, .T. ) ;
#955 = CARTESIAN_POINT ( 'NONE',  ( 1.844999999999999751, 0.8358064410504852937, 3.836820691077793555 ) ) ;
#956 = CARTESIAN_POINT ( 'NONE',  ( -2.729999999999999982, -0.000000000000000000, -3.880000000000000338 ) ) ;
#957 = VECTOR ( 'NONE', #2877, 1000.000000000000000 ) ;
#958 = DIRECTION ( 'NONE',  ( -0.000000000000000000, 1.000000000000000000, 4.293869990041603930E-16 ) ) ;
#959 = ORIENTED_EDGE ( 'NONE', *, *, #2216, .T. ) ;
#960 =( GEOMETRIC_REPRESENTATION_CONTEXT ( 3 ) GLOBAL_UNCERTAINTY_ASSIGNED_CONTEXT ( ( #142 ) ) GLOBAL_UNIT_ASSIGNED_CONTEXT ( ( #3379, #2511, #1622 ) ) REPRESENTATION_CONTEXT ( 'NONE', 'WORKASPACE' ) );
#961 = LINE ( 'NONE', #851, #1515 ) ;
#962 = SURFACE_SIDE_STYLE ('',( #730 ) ) ;
#963 = ORIENTED_EDGE ( 'NONE', *, *, #538, .T. ) ;
#964 = FILL_AREA_STYLE ('',( #2465 ) ) ;
#965 = EDGE_CURVE ( 'NONE', #1352, #1083, #3084, .T. ) ;
#966 = ORIENTED_EDGE ( 'NONE', *, *, #1489, .T. ) ;
#967 = LINE ( 'NONE', #2447, #167 ) ;
#968 = SURFACE_SIDE_STYLE ('',( #3376 ) ) ;
#969 = AXIS2_PLACEMENT_3D ( 'NONE', #2660, #2940, #1150 ) ;
#970 = UNCERTAINTY_MEASURE_WITH_UNIT (LENGTH_MEASURE( 1.000000000000000082E-05 ), #2378, 'distance_accuracy_value', 'NONE');
#971 = ORIENTED_EDGE ( 'NONE', *, *, #2952, .T. ) ;
#972 = CARTESIAN_POINT ( 'NONE',  ( -0.7500000000000000000, 0.6099999999999999867, -2.559999999999999165 ) ) ;
#973 = ORIENTED_EDGE ( 'NONE', *, *, #605, .T. ) ;
#974 = ADVANCED_FACE ( 'NONE', ( #2900 ), #2489, .T. ) ;
#975 = AXIS2_PLACEMENT_3D ( 'NONE', #2226, #776, #3771 ) ;
#976 = VECTOR ( 'NONE', #3565, 1000.000000000000000 ) ;
#977 = STYLED_ITEM ( 'NONE', ( #3047 ), #1541 ) ;
#978 = DIRECTION ( 'NONE',  ( 0.000000000000000000, 0.000000000000000000, -1.000000000000000000 ) ) ;
#979 = ORIENTED_EDGE ( 'NONE', *, *, #58, .T. ) ;
#980 = FILL_AREA_STYLE_COLOUR ( '', #1890 ) ;
#981 = SURFACE_STYLE_USAGE ( .BOTH. , #2765 ) ;
#982 = DIRECTION ( 'NONE',  ( 1.000000000000000000, 0.000000000000000000, -0.000000000000000000 ) ) ;
#983 =( NAMED_UNIT ( * ) SI_UNIT ( $, .STERADIAN. ) SOLID_ANGLE_UNIT ( ) );
#984 = VERTEX_POINT ( 'NONE', #2192 ) ;
#985 = ORIENTED_EDGE ( 'NONE', *, *, #260, .T. ) ;
#986 = ORIENTED_EDGE ( 'NONE', *, *, #3816, .F. ) ;
#987 = FILL_AREA_STYLE ('',( #3075 ) ) ;
#988 = VECTOR ( 'NONE', #2469, 1000.000000000000000 ) ;
#989 = UNCERTAINTY_MEASURE_WITH_UNIT (LENGTH_MEASURE( 1.000000000000000082E-05 ), #2560, 'distance_accuracy_value', 'NONE');
#990 = CARTESIAN_POINT ( 'NONE',  ( -2.734999999999999876, 0.01436144552488705269, 5.002814941432550455 ) ) ;
#991 = ADVANCED_FACE ( 'NONE', ( #2915 ), #699, .F. ) ;
#992 = VECTOR ( 'NONE', #1120, 1000.000000000000000 ) ;
#993 = PRESENTATION_STYLE_ASSIGNMENT (( #271 ) ) ;
#994 =( NAMED_UNIT ( * ) SI_UNIT ( $, .STERADIAN. ) SOLID_ANGLE_UNIT ( ) );
#995 = SURFACE_SIDE_STYLE ('',( #3049 ) ) ;
#996 = PLANE ( 'NONE',  #2947 ) ;
#997 = LINE ( 'NONE', #2574, #3278 ) ;
#998 =( GEOMETRIC_REPRESENTATION_CONTEXT ( 3 ) GLOBAL_UNCERTAINTY_ASSIGNED_CONTEXT ( ( #1809 ) ) GLOBAL_UNIT_ASSIGNED_CONTEXT ( ( #2551, #1076, #777 ) ) REPRESENTATION_CONTEXT ( 'NONE', 'WORKASPACE' ) );
#999 = UNCERTAINTY_MEASURE_WITH_UNIT (LENGTH_MEASURE( 1.000000000000000082E-05 ), #190, 'distance_accuracy_value', 'NONE');
#1000 = CIRCLE ( 'NONE', #1867, 1.109999999999999876 ) ;
#1001 = AXIS2_PLACEMENT_3D ( 'NONE', #1630, #745, #718 ) ;
#1002 = PRESENTATION_STYLE_ASSIGNMENT (( #2559 ) ) ;
#1003 = DIRECTION ( 'NONE',  ( 0.000000000000000000, -0.1391731009600624125, 0.9902680687415708061 ) ) ;
#1004 = VECTOR ( 'NONE', #2935, 1000.000000000000000 ) ;
#1005 = VERTEX_POINT ( 'NONE', #3025 ) ;
#1006 = DIRECTION ( 'NONE',  ( 1.000000000000000000, 0.000000000000000000, 0.000000000000000000 ) ) ;
#1007 = SURFACE_SIDE_STYLE ('',( #3524 ) ) ;
#1008 = ORIENTED_EDGE ( 'NONE', *, *, #3616, .T. ) ;
#1009 = DIRECTION ( 'NONE',  ( 0.000000000000000000, -1.000000000000000000, -4.293869990041603930E-16 ) ) ;
#1010 = MECHANICAL_DESIGN_GEOMETRIC_PRESENTATION_REPRESENTATION (  '', ( #1673 ), #1597 ) ;
#1011 = VERTEX_POINT ( 'NONE', #1816 ) ;
#1012 = EDGE_CURVE ( 'NONE', #1487, #2405, #2681, .T. ) ;
#1013 = CARTESIAN_POINT ( 'NONE',  ( -2.730000000000000426, 0.000000000000000000, 0.8200000000000003952 ) ) ;
#1014 = ADVANCED_FACE ( 'NONE', ( #1840 ), #3857, .F. ) ;
#1015 = EDGE_CURVE ( 'NONE', #3779, #1487, #3477, .T. ) ;
#1016 = ORIENTED_EDGE ( 'NONE', *, *, #3127, .F. ) ;
#1017 =( NAMED_UNIT ( * ) SI_UNIT ( $, .STERADIAN. ) SOLID_ANGLE_UNIT ( ) );
#1018 = COLOUR_RGB ( '',0.6666666666666666297, 0.6980392156862744724, 0.7686274509803920907 ) ;
#1019 = EDGE_LOOP ( 'NONE', ( #2411, #2925, #626, #2051 ) ) ;
#1021 = DIRECTION ( 'NONE',  ( 1.000000000000000000, 0.000000000000000000, -0.000000000000000000 ) ) ;
#1020 = CARTESIAN_POINT ( 'NONE',  ( -1.844999999999999751, 1.610000000000021636, 3.466369568594649397 ) ) ;
#1022 = UNCERTAINTY_MEASURE_WITH_UNIT (LENGTH_MEASURE( 1.000000000000000082E-05 ), #1929, 'distance_accuracy_value', 'NONE');
#1023 = DIRECTION ( 'NONE',  ( 0.000000000000000000, 0.000000000000000000, 1.000000000000000000 ) ) ;
#1024 = FILL_AREA_STYLE ('',( #2524 ) ) ;
#1025 = PRESENTATION_LAYER_ASSIGNMENT (  '', '', ( #206 ) ) ;
#1026 = ORIENTED_EDGE ( 'NONE', *, *, #1463, .F. ) ;
#1027 = AXIS2_PLACEMENT_3D ( 'NONE', #2686, #6, #2085 ) ;
#1028 = MECHANICAL_DESIGN_GEOMETRIC_PRESENTATION_REPRESENTATION (  '', ( #2889 ), #1230 ) ;
#1029 = EDGE_CURVE ( 'NONE', #1255, #841, #1204, .T. ) ;
#1030 = STYLED_ITEM ( 'NONE', ( #993 ), #2172 ) ;
#1031 = VECTOR ( 'NONE', #2975, 1000.000000000000000 ) ;
#1033 = CARTESIAN_POINT ( 'NONE',  ( 2.859999999999999876, 1.125490299132028804, 5.072401491912580163 ) ) ;
#1032 = CARTESIAN_POINT ( 'NONE',  ( 1.844999999999999751, -0.1300000000000033906, 3.109999999999998099 ) ) ;
#1034 = ADVANCED_FACE ( 'NONE', ( #3244 ), #810, .T. ) ;
#1035 = DIRECTION ( 'NONE',  ( 0.000000000000000000, 1.000000000000000000, 0.000000000000000000 ) ) ;
#1036 = PLANE ( 'NONE',  #404 ) ;
#1037 = DIRECTION ( 'NONE',  ( 0.000000000000000000, -1.000000000000000000, 0.000000000000000000 ) ) ;
#1038 = LINE ( 'NONE', #1931, #941 ) ;
#1039 = SURFACE_STYLE_USAGE ( .BOTH. , #3395 ) ;
#1040 = COLOUR_RGB ( '',0.6666666666666666297, 0.6980392156862744724, 0.7686274509803920907 ) ;
#1041 = MECHANICAL_DESIGN_GEOMETRIC_PRESENTATION_REPRESENTATION (  '', ( #434 ), #1836 ) ;
#1042 = ADVANCED_BREP_SHAPE_REPRESENTATION ( 'MC78M08ABDTRKG', ( #2496, #1628, #1517, #2904, #3482, #847 ), #3720 ) ;
#1043 = VECTOR ( 'NONE', #1491, 1000.000000000000000 ) ;
#1044 = CIRCLE ( 'NONE', #927, 0.5000000000000004441 ) ;
#1045 =( LENGTH_UNIT ( ) NAMED_UNIT ( * ) SI_UNIT ( .MILLI., .METRE. ) );
#1046 =( NAMED_UNIT ( * ) SI_UNIT ( $, .STERADIAN. ) SOLID_ANGLE_UNIT ( ) );
#1047 = COLOUR_RGB ( '',0.6666666666666666297, 0.6980392156862744724, 0.7686274509803920907 ) ;
#1048 = CARTESIAN_POINT ( 'NONE',  ( -0.7500000000000000000, 0.6099999999999999867, -2.310000000000000053 ) ) ;
#1049 = VECTOR ( 'NONE', #1594, 1000.000000000000000 ) ;
#1050 = VERTEX_POINT ( 'NONE', #926 ) ;
#1051 =( LENGTH_UNIT ( ) NAMED_UNIT ( * ) SI_UNIT ( .MILLI., .METRE. ) );
#1052 = CARTESIAN_POINT ( 'NONE',  ( 2.730000000000000426, 0.000000000000000000, 2.519039941179086352E-16 ) ) ;
#1053 = PRESENTATION_STYLE_ASSIGNMENT (( #1450 ) ) ;
#1054 = STYLED_ITEM ( 'NONE', ( #1264 ), #3654 ) ;
#1055 = VECTOR ( 'NONE', #278, 1000.000000000000000 ) ;
#1056 = PRESENTATION_LAYER_ASSIGNMENT (  '', '', ( #1912 ) ) ;
#1057 = CARTESIAN_POINT ( 'NONE',  ( 0.7500000000000000000, 0.6099999999999999867, -2.310000000000000053 ) ) ;
#1058 = COLOUR_RGB ( '',0.6666666666666666297, 0.6980392156862744724, 0.7686274509803920907 ) ;
#1059 = ORIENTED_EDGE ( 'NONE', *, *, #670, .F. ) ;
#1060 = CARTESIAN_POINT ( 'NONE',  ( -3.364999999999999769, 2.379999999999999893, -2.861242722576766262 ) ) ;
#1061 = ORIENTED_EDGE ( 'NONE', *, *, #2316, .F. ) ;
#1063 = CARTESIAN_POINT ( 'NONE',  ( -2.734999999999999876, 0.6303562647612435121, 5.002814941432550455 ) ) ;
#1062 = SURFACE_STYLE_USAGE ( .BOTH. , #3722 ) ;
#1064 = DIRECTION ( 'NONE',  ( 1.000000000000000000, 0.000000000000000000, 0.000000000000000000 ) ) ;
#1065 = DIRECTION ( 'NONE',  ( -0.000000000000000000, -1.000000000000000000, -0.000000000000000000 ) ) ;
#1066 = CARTESIAN_POINT ( 'NONE',  ( 2.734999999999999876, 0.5000000000000216493, 3.466369568594649397 ) ) ;
#1067 =( NAMED_UNIT ( * ) PLANE_ANGLE_UNIT ( ) SI_UNIT ( $, .RADIAN. ) );
#1068 = VERTEX_POINT ( 'NONE', #3613 ) ;
#1069 = EDGE_CURVE ( 'NONE', #1005, #1937, #713, .T. ) ;
#1070 = VERTEX_POINT ( 'NONE', #2831 ) ;
#1071 = DIRECTION ( 'NONE',  ( 0.000000000000000000, 0.000000000000000000, -1.000000000000000000 ) ) ;
#1072 = LINE ( 'NONE', #3227, #359 ) ;
#1073 = CARTESIAN_POINT ( 'NONE',  ( -2.734999999999999876, -0.1300000000000042510, 5.002814941432550455 ) ) ;
#1074 = FILL_AREA_STYLE_COLOUR ( '', #1454 ) ;
#1075 = PRESENTATION_LAYER_ASSIGNMENT (  '', '', ( #3336 ) ) ;
#1076 =( NAMED_UNIT ( * ) PLANE_ANGLE_UNIT ( ) SI_UNIT ( $, .RADIAN. ) );
#1077 =( GEOMETRIC_REPRESENTATION_CONTEXT ( 3 ) GLOBAL_UNCERTAINTY_ASSIGNED_CONTEXT ( ( #3781 ) ) GLOBAL_UNIT_ASSIGNED_CONTEXT ( ( #1423, #3807, #2858 ) ) REPRESENTATION_CONTEXT ( 'NONE', 'WORKASPACE' ) );
#1078 = PRESENTATION_LAYER_ASSIGNMENT (  '', '', ( #880 ) ) ;
#1079 = ORIENTED_EDGE ( 'NONE', *, *, #1678, .T. ) ;
#1080 = CARTESIAN_POINT ( 'NONE',  ( 1.719999999999999973, 1.245490299132050893, 4.288771060507229116 ) ) ;
#1081 = VERTEX_POINT ( 'NONE', #1932 ) ;
#1082 = VERTEX_POINT ( 'NONE', #2238 ) ;
#1083 = VERTEX_POINT ( 'NONE', #956 ) ;
#1084 = AXIS2_PLACEMENT_3D ( 'NONE', #2053, #249, #2641 ) ;
#1085 = SURFACE_SIDE_STYLE ('',( #937 ) ) ;
#1086 = FILL_AREA_STYLE ('',( #3418 ) ) ;
#1088 = CARTESIAN_POINT ( 'NONE',  ( 2.859999999999999876, 0.02629274282888501707, 4.917919349846915367 ) ) ;
#1087 = DIRECTION ( 'NONE',  ( 0.000000000000000000, 0.000000000000000000, -1.000000000000000000 ) ) ;
#1089 = VECTOR ( 'NONE', #550, 1000.000000000000000 ) ;
#1090 = AXIS2_PLACEMENT_3D ( 'NONE', #1732, #239, #1611 ) ;
#1091 =( LENGTH_UNIT ( ) NAMED_UNIT ( * ) SI_UNIT ( .MILLI., .METRE. ) );
#1092 = FACE_OUTER_BOUND ( 'NONE', #3752, .T. ) ;
#1093 = EDGE_CURVE ( 'NONE', #3267, #406, #2208, .T. ) ;
#1094 = UNCERTAINTY_MEASURE_WITH_UNIT (LENGTH_MEASURE( 1.000000000000000082E-05 ), #1313, 'distance_accuracy_value', 'NONE');
#1095 = SURFACE_STYLE_FILL_AREA ( #3118 ) ;
#1096 = DIRECTION ( 'NONE',  ( 0.000000000000000000, 0.000000000000000000, -1.000000000000000000 ) ) ;
#1097 = LINE ( 'NONE', #73, #2479 ) ;
#1098 = LINE ( 'NONE', #1328, #3363 ) ;
#1099 = COLOUR_RGB ( '',0.6666666666666666297, 0.6980392156862744724, 0.7686274509803920907 ) ;
#1100 =( GEOMETRIC_REPRESENTATION_CONTEXT ( 3 ) GLOBAL_UNCERTAINTY_ASSIGNED_CONTEXT ( ( #2125 ) ) GLOBAL_UNIT_ASSIGNED_CONTEXT ( ( #3687, #1607, #2206 ) ) REPRESENTATION_CONTEXT ( 'NONE', 'WORKASPACE' ) );
#1101 =( GEOMETRIC_REPRESENTATION_CONTEXT ( 3 ) GLOBAL_UNCERTAINTY_ASSIGNED_CONTEXT ( ( #2878 ) ) GLOBAL_UNIT_ASSIGNED_CONTEXT ( ( #689, #731, #3112 ) ) REPRESENTATION_CONTEXT ( 'NONE', 'WORKASPACE' ) );
#1103 =( LENGTH_UNIT ( ) NAMED_UNIT ( * ) SI_UNIT ( .MILLI., .METRE. ) );
#1102 = CARTESIAN_POINT ( 'NONE',  ( 2.734999999999999876, 1.610000000000021192, 3.109999999999998987 ) ) ;
#1104 = CARTESIAN_POINT ( 'NONE',  ( 3.365000000000000657, 1.609999999999983888, -2.969459165297607228 ) ) ;
#1105 = EDGE_CURVE ( 'NONE', #1081, #202, #16, .T. ) ;
#1106 = ORIENTED_EDGE ( 'NONE', *, *, #839, .T. ) ;
#1107 = FILL_AREA_STYLE_COLOUR ( '', #186 ) ;
#1108 = COLOUR_RGB ( '',0.6666666666666666297, 0.6980392156862744724, 0.7686274509803920907 ) ;
#1109 = COLOUR_RGB ( '',0.6666666666666666297, 0.6980392156862744724, 0.7686274509803920907 ) ;
#1110 = CARTESIAN_POINT ( 'NONE',  ( 1.719999999999999973, 0.01436144552488706309, 5.002814941432550455 ) ) ;
#1111 = EDGE_LOOP ( 'NONE', ( #1602, #2131, #47, #2728, #1250, #1762, #1991 ) ) ;
#1112 =( NAMED_UNIT ( * ) SI_UNIT ( $, .STERADIAN. ) SOLID_ANGLE_UNIT ( ) );
#1113 = AXIS2_PLACEMENT_3D ( 'NONE', #930, #3606, #3033 ) ;
#1114 = CIRCLE ( 'NONE', #1411, 0.4999999999999995559 ) ;
#1115 = VERTEX_POINT ( 'NONE', #3307 ) ;
#1116 = CARTESIAN_POINT ( 'NONE',  ( -0.7500000000000000000, -0.000000000000000000, -2.559999999999999165 ) ) ;
#1117 = VECTOR ( 'NONE', #380, 1000.000000000000000 ) ;
#1118 = ORIENTED_EDGE ( 'NONE', *, *, #416, .T. ) ;
#1119 = PLANE ( 'NONE',  #3355 ) ;
#1120 = DIRECTION ( 'NONE',  ( 0.1378445374916254795, 0.9808148484639900300, 0.1378445374916254795 ) ) ;
#1121 = SURFACE_SIDE_STYLE ('',( #2128 ) ) ;
#1122 = SURFACE_STYLE_USAGE ( .BOTH. , #1679 ) ;
#1123 = EDGE_CURVE ( 'NONE', #446, #2946, #3623, .T. ) ;
#1124 = PRESENTATION_LAYER_ASSIGNMENT (  '', '', ( #208 ) ) ;
#1125 = SURFACE_STYLE_FILL_AREA ( #2385 ) ;
#1126 = DIRECTION ( 'NONE',  ( -1.000000000000000000, -0.000000000000000000, -0.000000000000000000 ) ) ;
#1127 = SURFACE_STYLE_USAGE ( .BOTH. , #3568 ) ;
#1128 = AXIS2_PLACEMENT_3D ( 'NONE', #1175, #2057, #3248 ) ;
#1129 = MECHANICAL_DESIGN_GEOMETRIC_PRESENTATION_REPRESENTATION (  '', ( #237 ), #579 ) ;
#1130 = CARTESIAN_POINT ( 'NONE',  ( -1.720000000000000195, 1.000000000000021760, 3.466369568594649397 ) ) ;
#1131 = CARTESIAN_POINT ( 'NONE',  ( -2.734999999999999876, 1.000000000000021760, 3.466369568594649397 ) ) ;
#1132 = CARTESIAN_POINT ( 'NONE',  ( 0.5699999999999999512, 1.610000000000021192, 4.119999999999998330 ) ) ;
#1133 = CARTESIAN_POINT ( 'NONE',  ( -2.730000000000000426, 0.6099999999999539124, -3.109999999999999876 ) ) ;
#1134 = LINE ( 'NONE', #2499, #3402 ) ;
#1135 = SURFACE_SIDE_STYLE ('',( #861 ) ) ;
#1136 = DIRECTION ( 'NONE',  ( -9.227252531791524161E-17, 0.000000000000000000, 1.000000000000000000 ) ) ;
#1137 = LINE ( 'NONE', #621, #1043 ) ;
#1138 = STYLED_ITEM ( 'NONE', ( #479 ), #931 ) ;
#1139 = LINE ( 'NONE', #2885, #189 ) ;
#1140 = CARTESIAN_POINT ( 'NONE',  ( -2.730000000000000426, 0.000000000000000000, 0.8200000000000003952 ) ) ;
#1141 = LINE ( 'NONE', #2805, #88 ) ;
#1142 = FILL_AREA_STYLE ('',( #3725 ) ) ;
#1143 =( NAMED_UNIT ( * ) SI_UNIT ( $, .STERADIAN. ) SOLID_ANGLE_UNIT ( ) );
#1144 = EDGE_CURVE ( 'NONE', #2692, #2941, #2408, .T. ) ;
#1145 = UNCERTAINTY_MEASURE_WITH_UNIT (LENGTH_MEASURE( 1.000000000000000082E-05 ), #1511, 'distance_accuracy_value', 'NONE');
#1146 = COLOUR_RGB ( '',0.6666666666666666297, 0.6980392156862744724, 0.7686274509803920907 ) ;
#1147 = CIRCLE ( 'NONE', #2144, 1.109999999999999876 ) ;
#1148 = DIRECTION ( 'NONE',  ( 0.000000000000000000, -0.1391731009600625513, -0.9902680687415706950 ) ) ;
#1149 = VERTEX_POINT ( 'NONE', #458 ) ;
#1150 = DIRECTION ( 'NONE',  ( -1.000000000000000000, 0.000000000000000000, -0.000000000000000000 ) ) ;
#1151 = DIRECTION ( 'NONE',  ( -0.000000000000000000, 0.6716128821009271777, 0.7409022449662884258 ) ) ;
#1152 = SURFACE_STYLE_FILL_AREA ( #3686 ) ;
#1153 = ORIENTED_EDGE ( 'NONE', *, *, #1348, .T. ) ;
#1154 = PRESENTATION_LAYER_ASSIGNMENT (  '', '', ( #2018 ) ) ;
#1155 =( LENGTH_UNIT ( ) NAMED_UNIT ( * ) SI_UNIT ( .MILLI., .METRE. ) );
#1156 = MECHANICAL_DESIGN_GEOMETRIC_PRESENTATION_REPRESENTATION (  '', ( #3468 ), #1861 ) ;
#1157 = SURFACE_SIDE_STYLE ('',( #1865 ) ) ;
#1158 = EDGE_CURVE ( 'NONE', #2645, #3828, #961, .T. ) ;
#1159 = CARTESIAN_POINT ( 'NONE',  ( 2.859999999999999876, 1.610000000000021636, 3.109999999999998987 ) ) ;
#1160 = VERTEX_POINT ( 'NONE', #3385 ) ;
#1161 = FACE_OUTER_BOUND ( 'NONE', #63, .T. ) ;
#1162 = CARTESIAN_POINT ( 'NONE',  ( 0.000000000000000000, 2.379999999999999893, -2.861242722576766262 ) ) ;
#1163 = AXIS2_PLACEMENT_3D ( 'NONE', #138, #3156, #2811 ) ;
#1164 = ORIENTED_EDGE ( 'NONE', *, *, #2276, .T. ) ;
#1165 = ORIENTED_EDGE ( 'NONE', *, *, #2743, .F. ) ;
#1166 = DIRECTION ( 'NONE',  ( 0.000000000000000000, 0.9902680687415711391, 0.1391731009600592761 ) ) ;
#1167 =( NAMED_UNIT ( * ) PLANE_ANGLE_UNIT ( ) SI_UNIT ( $, .RADIAN. ) );
#1168 = CARTESIAN_POINT ( 'NONE',  ( 2.859999999999999876, -0.1300000000000042510, 5.002814941432550455 ) ) ;
#1169 = MECHANICAL_DESIGN_GEOMETRIC_PRESENTATION_REPRESENTATION (  '', ( #484 ), #2198 ) ;
#1170 = VERTEX_POINT ( 'NONE', #1523 ) ;
#1171 =( NAMED_UNIT ( * ) PLANE_ANGLE_UNIT ( ) SI_UNIT ( $, .RADIAN. ) );
#1172 = EDGE_CURVE ( 'NONE', #3643, #2752, #917, .T. ) ;
#1173 = ORIENTED_EDGE ( 'NONE', *, *, #754, .T. ) ;
#1174 = SURFACE_STYLE_USAGE ( .BOTH. , #256 ) ;
#1175 = CARTESIAN_POINT ( 'NONE',  ( -1.720000000000000195, 1.125490299132028804, 5.072401491912580163 ) ) ;
#1176 = CIRCLE ( 'NONE', #3294, 1.109999999999999876 ) ;
#1177 = CARTESIAN_POINT ( 'NONE',  ( -2.729999999999999982, 0.6099999999999999867, -3.880000000000000338 ) ) ;
#1178 = EDGE_CURVE ( 'NONE', #2221, #446, #2781, .T. ) ;
#1179 = FACE_OUTER_BOUND ( 'NONE', #3144, .T. ) ;
#1180 = ORIENTED_EDGE ( 'NONE', *, *, #3682, .F. ) ;
#1181 = CARTESIAN_POINT ( 'NONE',  ( 1.844999999999999751, 0.7908527358470645030, 3.877570314550939479 ) ) ;
#1182 = CARTESIAN_POINT ( 'NONE',  ( -0.7500000000000000000, 0.6099999999999999867, -2.310000000000000053 ) ) ;
#1183 = STYLED_ITEM ( 'NONE', ( #384 ), #3018 ) ;
#1184 = EDGE_LOOP ( 'NONE', ( #3738, #488, #1533, #35, #2467, #1966, #2761, #2448 ) ) ;
#1185 = ORIENTED_EDGE ( 'NONE', *, *, #314, .T. ) ;
#1186 = FILL_AREA_STYLE_COLOUR ( '', #3419 ) ;
#1187 = DIRECTION ( 'NONE',  ( -1.000000000000000000, 0.000000000000000000, 0.000000000000000000 ) ) ;
#1188 =( NAMED_UNIT ( * ) SI_UNIT ( $, .STERADIAN. ) SOLID_ANGLE_UNIT ( ) );
#1189 = MECHANICAL_DESIGN_GEOMETRIC_PRESENTATION_REPRESENTATION (  '', ( #2490 ), #2168 ) ;
#1190 = PRESENTATION_LAYER_ASSIGNMENT (  '', '', ( #80 ) ) ;
#1191 = VECTOR ( 'NONE', #2312, 1000.000000000000000 ) ;
#1192 = SURFACE_STYLE_USAGE ( .BOTH. , #1507 ) ;
#1193 =( NAMED_UNIT ( * ) PLANE_ANGLE_UNIT ( ) SI_UNIT ( $, .RADIAN. ) );
#1194 = VERTEX_POINT ( 'NONE', #788 ) ;
#1195 = CARTESIAN_POINT ( 'NONE',  ( 1.719999999999999973, 0.7896838580815656039, 4.701950369429436449 ) ) ;
#1196 =( LENGTH_UNIT ( ) NAMED_UNIT ( * ) SI_UNIT ( .MILLI., .METRE. ) );
#1197 = FILL_AREA_STYLE_COLOUR ( '', #1146 ) ;
#1198 = VECTOR ( 'NONE', #129, 1000.000000000000000 ) ;
#1199 = CARTESIAN_POINT ( 'NONE',  ( -2.734999999999999876, 0.5000000000000216493, 3.466369568594649397 ) ) ;
#1200 = FACE_OUTER_BOUND ( 'NONE', #862, .T. ) ;
#1201 = LINE ( 'NONE', #240, #2777 ) ;
#1202 = EDGE_LOOP ( 'NONE', ( #3624, #3213, #1497, #3652 ) ) ;
#1203 = SURFACE_STYLE_USAGE ( .BOTH. , #227 ) ;
#1204 = LINE ( 'NONE', #198, #154 ) ;
#1205 = ORIENTED_EDGE ( 'NONE', *, *, #1734, .T. ) ;
#1206 = CARTESIAN_POINT ( 'NONE',  ( 0.5699999999999999512, 1.000000000000021760, 4.119999999999998330 ) ) ;
#1207 = STYLED_ITEM ( 'NONE', ( #3238 ), #3343 ) ;
#1208 =( NAMED_UNIT ( * ) SI_UNIT ( $, .STERADIAN. ) SOLID_ANGLE_UNIT ( ) );
#1209 = ORIENTED_EDGE ( 'NONE', *, *, #1260, .F. ) ;
#1210 = AXIS2_PLACEMENT_3D ( 'NONE', #1033, #1021, #1315 ) ;
#1211 =( NAMED_UNIT ( * ) PLANE_ANGLE_UNIT ( ) SI_UNIT ( $, .RADIAN. ) );
#1212 = ADVANCED_FACE ( 'NONE', ( #3331 ), #804, .F. ) ;
#1213 = ORIENTED_EDGE ( 'NONE', *, *, #2201, .T. ) ;
#1214 = COLOUR_RGB ( '',0.6666666666666666297, 0.6980392156862744724, 0.7686274509803920907 ) ;
#1215 = CARTESIAN_POINT ( 'NONE',  ( 2.859999999999999876, 0.3800000000000001155, 4.250000000000000000 ) ) ;
#1216 =( NAMED_UNIT ( * ) SI_UNIT ( $, .STERADIAN. ) SOLID_ANGLE_UNIT ( ) );
#1217 = ORIENTED_EDGE ( 'NONE', *, *, #2415, .F. ) ;
#1218 = UNCERTAINTY_MEASURE_WITH_UNIT (LENGTH_MEASURE( 1.000000000000000082E-05 ), #1444, 'distance_accuracy_value', 'NONE');
#1219 =( GEOMETRIC_REPRESENTATION_CONTEXT ( 3 ) GLOBAL_UNCERTAINTY_ASSIGNED_CONTEXT ( ( #1782 ) ) GLOBAL_UNIT_ASSIGNED_CONTEXT ( ( #3364, #3101, #3062 ) ) REPRESENTATION_CONTEXT ( 'NONE', 'WORKASPACE' ) );
#1220 = EDGE_CURVE ( 'NONE', #1070, #3053, #2493, .T. ) ;
#1221 = EDGE_CURVE ( 'NONE', #315, #351, #1755, .T. ) ;
#1222 = FACE_OUTER_BOUND ( 'NONE', #3808, .T. ) ;
#1223 = SURFACE_SIDE_STYLE ('',( #1297 ) ) ;
#1224 = SURFACE_SIDE_STYLE ('',( #2443 ) ) ;
#1225 = DIRECTION ( 'NONE',  ( -0.9902680687415706950, -0.1391731009600625513, -0.000000000000000000 ) ) ;
#1226 = AXIS2_PLACEMENT_3D ( 'NONE', #162, #480, #813 ) ;
#1227 = ADVANCED_FACE ( 'NONE', ( #3193 ), #178, .F. ) ;
#1228 = PRESENTATION_LAYER_ASSIGNMENT (  '', '', ( #1886 ) ) ;
#1229 = CARTESIAN_POINT ( 'NONE',  ( -2.529999999999999805, -0.000000000000000000, -4.379999999999999893 ) ) ;
#1230 =( GEOMETRIC_REPRESENTATION_CONTEXT ( 3 ) GLOBAL_UNCERTAINTY_ASSIGNED_CONTEXT ( ( #693 ) ) GLOBAL_UNIT_ASSIGNED_CONTEXT ( ( #2881, #214, #1143 ) ) REPRESENTATION_CONTEXT ( 'NONE', 'WORKASPACE' ) );
#1231 = EDGE_CURVE ( 'NONE', #1835, #2738, #1986, .T. ) ;
#1232 = SHAPE_DEFINITION_REPRESENTATION ( #1779, #1042 ) ;
#1233 = PLANE ( 'NONE',  #2285 ) ;
#1234 = VECTOR ( 'NONE', #3182, 1000.000000000000000 ) ;
#1235 = FILL_AREA_STYLE_COLOUR ( '', #1099 ) ;
#1236 = LINE ( 'NONE', #3259, #581 ) ;
#1237 = CARTESIAN_POINT ( 'NONE',  ( 2.859999999999999876, 1.531025676947492142, 3.877570314550939923 ) ) ;
#1238 = FACE_OUTER_BOUND ( 'NONE', #2751, .T. ) ;
#1239 = CARTESIAN_POINT ( 'NONE',  ( -2.734999999999999876, 1.000000000000021760, 3.109999999999998987 ) ) ;
#1240 = ORIENTED_EDGE ( 'NONE', *, *, #2108, .T. ) ;
#1241 = ADVANCED_FACE ( 'NONE', ( #393 ), #3163, .F. ) ;
#1242 = EDGE_CURVE ( 'NONE', #2137, #125, #253, .T. ) ;
#1243 = LINE ( 'NONE', #1703, #254 ) ;
#1244 = EDGE_LOOP ( 'NONE', ( #2105, #2066, #1612, #2364 ) ) ;
#1245 = PLANE ( 'NONE',  #3550 ) ;
#1246 = COLOUR_RGB ( '',0.6666666666666666297, 0.6980392156862744724, 0.7686274509803920907 ) ;
#1247 = ORIENTED_EDGE ( 'NONE', *, *, #3760, .T. ) ;
#1248 = EDGE_LOOP ( 'NONE', ( #3719, #2658, #3667, #1422, #124, #2875, #3432, #889 ) ) ;
#1249 = PRESENTATION_LAYER_ASSIGNMENT (  '', '', ( #1054 ) ) ;
#1250 = ORIENTED_EDGE ( 'NONE', *, *, #1987, .F. ) ;
#1251 =( GEOMETRIC_REPRESENTATION_CONTEXT ( 3 ) GLOBAL_UNCERTAINTY_ASSIGNED_CONTEXT ( ( #2643 ) ) GLOBAL_UNIT_ASSIGNED_CONTEXT ( ( #3797, #831, #575 ) ) REPRESENTATION_CONTEXT ( 'NONE', 'WORKASPACE' ) );
#1252 =( LENGTH_UNIT ( ) NAMED_UNIT ( * ) SI_UNIT ( .MILLI., .METRE. ) );
#1253 = SURFACE_SIDE_STYLE ('',( #3576 ) ) ;
#1254 = UNCERTAINTY_MEASURE_WITH_UNIT (LENGTH_MEASURE( 1.000000000000000082E-05 ), #96, 'distance_accuracy_value', 'NONE');
#1255 = VERTEX_POINT ( 'NONE', #1708 ) ;
#1256 = DIRECTION ( 'NONE',  ( 0.000000000000000000, -0.9902680687415711391, -0.1391731009600592484 ) ) ;
#1257 = ORIENTED_EDGE ( 'NONE', *, *, #3544, .T. ) ;
#1258 = CLOSED_SHELL ( 'NONE', ( #19, #3595, #2176, #59, #3054, #2509, #1826, #1486, #1034, #3034, #32, #1900, #2720, #1227, #2748, #991, #418, #1286, #3688, #2196, #1586, #2140 ) ) ;
#1259 =( NAMED_UNIT ( * ) SI_UNIT ( $, .STERADIAN. ) SOLID_ANGLE_UNIT ( ) );
#1260 = EDGE_CURVE ( 'NONE', #1527, #2683, #346, .T. ) ;
#1261 = VERTEX_POINT ( 'NONE', #821 ) ;
#1262 = ADVANCED_FACE ( 'NONE', ( #2824 ), #525, .F. ) ;
#1263 = CARTESIAN_POINT ( 'NONE',  ( 0.7500000000000000000, 0.6099999999999999867, -2.310000000000000053 ) ) ;
#1264 = PRESENTATION_STYLE_ASSIGNMENT (( #104 ) ) ;
#1265 = PRESENTATION_LAYER_ASSIGNMENT (  '', '', ( #874 ) ) ;
#1266 = SURFACE_STYLE_USAGE ( .BOTH. , #962 ) ;
#1267 = MECHANICAL_DESIGN_GEOMETRIC_PRESENTATION_REPRESENTATION (  '', ( #551 ), #2107 ) ;
#1268 = SURFACE_STYLE_FILL_AREA ( #2920 ) ;
#1269 = LINE ( 'NONE', #2539, #140 ) ;
#1270 = CARTESIAN_POINT ( 'NONE',  ( -0.7500000000000000000, -0.000000000000000000, -2.310000000000000053 ) ) ;
#1271 = LINE ( 'NONE', #3657, #483 ) ;
#1272 =( GEOMETRIC_REPRESENTATION_CONTEXT ( 3 ) GLOBAL_UNCERTAINTY_ASSIGNED_CONTEXT ( ( #1218 ) ) GLOBAL_UNIT_ASSIGNED_CONTEXT ( ( #1444, #2068, #1728 ) ) REPRESENTATION_CONTEXT ( 'NONE', 'WORKASPACE' ) );
#1273 = ADVANCED_FACE ( 'NONE', ( #3189 ), #3239, .F. ) ;
#1274 = SURFACE_SIDE_STYLE ('',( #3151 ) ) ;
#1275 = DIRECTION ( 'NONE',  ( -1.000000000000000000, -0.000000000000000000, -0.000000000000000000 ) ) ;
#1276 =( NAMED_UNIT ( * ) PLANE_ANGLE_UNIT ( ) SI_UNIT ( $, .RADIAN. ) );
#1277 = VECTOR ( 'NONE', #2535, 1000.000000000000000 ) ;
#1278 = CARTESIAN_POINT ( 'NONE',  ( 3.365000000000000657, 1.609999999999984333, 3.109999999999998987 ) ) ;
#1279 = CARTESIAN_POINT ( 'NONE',  ( 1.719999999999999973, 0.5000000000000214273, 3.877570314550939479 ) ) ;
#1280 = PRESENTATION_STYLE_ASSIGNMENT (( #2174 ) ) ;
#1281 = ORIENTED_EDGE ( 'NONE', *, *, #3805, .F. ) ;
#1282 = ORIENTED_EDGE ( 'NONE', *, *, #1178, .T. ) ;
#1283 = MECHANICAL_DESIGN_GEOMETRIC_PRESENTATION_REPRESENTATION (  '', ( #3678 ), #1760 ) ;
#1284 = PRESENTATION_STYLE_ASSIGNMENT (( #2956 ) ) ;
#1285 = EDGE_CURVE ( 'NONE', #1974, #601, #628, .T. ) ;
#1286 = ADVANCED_FACE ( 'NONE', ( #2166 ), #116, .F. ) ;
#1287 = EDGE_CURVE ( 'NONE', #1527, #912, #1982, .T. ) ;
#1288 = VERTEX_POINT ( 'NONE', #2842 ) ;
#1289 = ORIENTED_EDGE ( 'NONE', *, *, #3835, .F. ) ;
#1290 = VECTOR ( 'NONE', #2468, 1000.000000000000000 ) ;
#1291 = CARTESIAN_POINT ( 'NONE',  ( 2.730000000000000870, 0.6099999999999999867, -3.880000000000000338 ) ) ;
#1292 =( LENGTH_UNIT ( ) NAMED_UNIT ( * ) SI_UNIT ( .MILLI., .METRE. ) );
#1293 = STYLED_ITEM ( 'NONE', ( #2214 ), #2760 ) ;
#1294 = CARTESIAN_POINT ( 'NONE',  ( -1.720000000000000195, 1.000000000000021760, 3.109999999999998987 ) ) ;
#1295 = ORIENTED_EDGE ( 'NONE', *, *, #512, .F. ) ;
#1296 =( GEOMETRIC_REPRESENTATION_CONTEXT ( 3 ) GLOBAL_UNCERTAINTY_ASSIGNED_CONTEXT ( ( #2363 ) ) GLOBAL_UNIT_ASSIGNED_CONTEXT ( ( #3530, #3545, #224 ) ) REPRESENTATION_CONTEXT ( 'NONE', 'WORKASPACE' ) );
#1297 = SURFACE_STYLE_FILL_AREA ( #303 ) ;
#1298 = EDGE_CURVE ( 'NONE', #2129, #1068, #305, .T. ) ;
#1299 = CARTESIAN_POINT ( 'NONE',  ( 0.7500000000000000000, 0.6099999999999999867, -2.060000000000000497 ) ) ;
#1300 = VERTEX_POINT ( 'NONE', #2236 ) ;
#1301 = PRESENTATION_LAYER_ASSIGNMENT (  '', '', ( #1519 ) ) ;
#1302 = ORIENTED_EDGE ( 'NONE', *, *, #212, .F. ) ;
#1303 = FILL_AREA_STYLE_COLOUR ( '', #1587 ) ;
#1304 = DIRECTION ( 'NONE',  ( -1.000000000000000000, 0.000000000000000000, 0.000000000000000000 ) ) ;
#1305 = ADVANCED_FACE ( 'NONE', ( #3472 ), #454, .T. ) ;
#1306 = UNCERTAINTY_MEASURE_WITH_UNIT (LENGTH_MEASURE( 1.000000000000000082E-05 ), #401, 'distance_accuracy_value', 'NONE');
#1307 = CARTESIAN_POINT ( 'NONE',  ( 1.844999999999999751, 0.6303562647612434011, 5.002814941432550455 ) ) ;
#1308 = FILL_AREA_STYLE ('',( #2184 ) ) ;
#1309 = ORIENTED_EDGE ( 'NONE', *, *, #286, .T. ) ;
#1310 = DIRECTION ( 'NONE',  ( 0.9902680687415708061, -0.1391731009600622182, 0.000000000000000000 ) ) ;
#1311 = EDGE_CURVE ( 'NONE', #1170, #1835, #94, .T. ) ;
#1312 =( NAMED_UNIT ( * ) PLANE_ANGLE_UNIT ( ) SI_UNIT ( $, .RADIAN. ) );
#1313 =( LENGTH_UNIT ( ) NAMED_UNIT ( * ) SI_UNIT ( .MILLI., .METRE. ) );
#1314 = MECHANICAL_DESIGN_GEOMETRIC_PRESENTATION_REPRESENTATION (  '', ( #1793 ), #617 ) ;
#1315 = DIRECTION ( 'NONE',  ( 0.000000000000000000, 0.000000000000000000, 1.000000000000000000 ) ) ;
#1316 = SURFACE_STYLE_FILL_AREA ( #3651 ) ;
#1317 = SURFACE_SIDE_STYLE ('',( #330 ) ) ;
#1318 = LINE ( 'NONE', #674, #1783 ) ;
#1319 = VECTOR ( 'NONE', #3326, 1000.000000000000000 ) ;
#1320 = PRESENTATION_LAYER_ASSIGNMENT (  '', '', ( #1207 ) ) ;
#1321 = PRESENTATION_STYLE_ASSIGNMENT (( #2202 ) ) ;
#1322 = PRESENTATION_LAYER_ASSIGNMENT (  '', '', ( #977 ) ) ;
#1323 = FILL_AREA_STYLE ('',( #2218 ) ) ;
#1324 = PLANE ( 'NONE',  #1399 ) ;
#1325 = PLANE ( 'NONE',  #2492 ) ;
#1326 = VECTOR ( 'NONE', #3700, 1000.000000000000114 ) ;
#1328 = CARTESIAN_POINT ( 'NONE',  ( 2.529999999999999805, 0.000000000000000000, -4.379999999999999893 ) ) ;
#1327 = FILL_AREA_STYLE_COLOUR ( '', #768 ) ;
#1329 = SURFACE_STYLE_FILL_AREA ( #509 ) ;
#1330 = VERTEX_POINT ( 'NONE', #3733 ) ;
#1331 = FILL_AREA_STYLE_COLOUR ( '', #951 ) ;
#1332 = SURFACE_STYLE_FILL_AREA ( #2564 ) ;
#1333 = MECHANICAL_DESIGN_GEOMETRIC_PRESENTATION_REPRESENTATION (  '', ( #1138 ), #2154 ) ;
#1334 = ORIENTED_EDGE ( 'NONE', *, *, #459, .F. ) ;
#1335 = SURFACE_STYLE_FILL_AREA ( #2841 ) ;
#1336 = EDGE_CURVE ( 'NONE', #2156, #202, #382, .T. ) ;
#1337 = ORIENTED_EDGE ( 'NONE', *, *, #497, .T. ) ;
#1338 = ORIENTED_EDGE ( 'NONE', *, *, #2804, .T. ) ;
#1340 = SURFACE_STYLE_USAGE ( .BOTH. , #1920 ) ;
#1339 = CARTESIAN_POINT ( 'NONE',  ( 3.365000000000000657, 2.379999999999999893, 3.109999999999998987 ) ) ;
#1341 =( NAMED_UNIT ( * ) SI_UNIT ( $, .STERADIAN. ) SOLID_ANGLE_UNIT ( ) );
#1342 = FILL_AREA_STYLE_COLOUR ( '', #2040 ) ;
#1343 = AXIS2_PLACEMENT_3D ( 'NONE', #485, #1037, #722 ) ;
#1344 = CARTESIAN_POINT ( 'NONE',  ( -1.719999999999999973, -0.1300000000000038070, 3.877570314550939035 ) ) ;
#1345 = DIRECTION ( 'NONE',  ( -0.1378445374916254518, -0.9808148484639899189, -0.1378445374916256461 ) ) ;
#1346 = AXIS2_PLACEMENT_3D ( 'NONE', #1667, #766, #2314 ) ;
#1347 = PRESENTATION_LAYER_ASSIGNMENT (  '', '', ( #1664 ) ) ;
#1348 = EDGE_CURVE ( 'NONE', #2461, #2086, #2773, .T. ) ;
#1349 = PRESENTATION_STYLE_ASSIGNMENT (( #1455 ) ) ;
#1350 = PRESENTATION_LAYER_ASSIGNMENT (  '', '', ( #952 ) ) ;
#1351 = ORIENTED_EDGE ( 'NONE', *, *, #1260, .T. ) ;
#1352 = VERTEX_POINT ( 'NONE', #759 ) ;
#1353 = ORIENTED_EDGE ( 'NONE', *, *, #1158, .F. ) ;
#1354 = FILL_AREA_STYLE ('',( #3130 ) ) ;
#1355 = DIRECTION ( 'NONE',  ( 9.227252531791525393E-17, -0.000000000000000000, -1.000000000000000000 ) ) ;
#1356 = FILL_AREA_STYLE_COLOUR ( '', #1874 ) ;
#1357 =( GEOMETRIC_REPRESENTATION_CONTEXT ( 3 ) GLOBAL_UNCERTAINTY_ASSIGNED_CONTEXT ( ( #2930 ) ) GLOBAL_UNIT_ASSIGNED_CONTEXT ( ( #1719, #1067, #3220 ) ) REPRESENTATION_CONTEXT ( 'NONE', 'WORKASPACE' ) );
#1358 = DIRECTION ( 'NONE',  ( -0.000000000000000000, 0.000000000000000000, 1.000000000000000000 ) ) ;
#1359 = LINE ( 'NONE', #1979, #228 ) ;
#1360 = CIRCLE ( 'NONE', #3498, 1.109999999999999876 ) ;
#1361 = LINE ( 'NONE', #3404, #1866 ) ;
#1362 = EDGE_CURVE ( 'NONE', #2095, #3056, #1750, .T. ) ;
#1363 = DIRECTION ( 'NONE',  ( 0.000000000000000000, -0.000000000000000000, -1.000000000000000000 ) ) ;
#1364 = PRESENTATION_STYLE_ASSIGNMENT (( #2789 ) ) ;
#1365 = COLOUR_RGB ( '',0.6666666666666666297, 0.6980392156862744724, 0.7686274509803920907 ) ;
#1366 = COLOUR_RGB ( '',0.6666666666666666297, 0.6980392156862744724, 0.7686274509803920907 ) ;
#1367 = DIRECTION ( 'NONE',  ( 0.000000000000000000, -0.7409022449662884258, 0.6716128821009271777 ) ) ;
#1368 = CARTESIAN_POINT ( 'NONE',  ( 3.365000000000000657, 1.000000000000021760, 3.109999999999998987 ) ) ;
#1369 = COLOUR_RGB ( '',0.1098039215686274495, 0.1098039215686274495, 0.1098039215686274495 ) ;
#1370 = CIRCLE ( 'NONE', #467, 0.2499999999999993616 ) ;
#1371 = CARTESIAN_POINT ( 'NONE',  ( 0.5699999999999999512, 1.610000000000021636, 3.109999999999998987 ) ) ;
#1372 = FILL_AREA_STYLE_COLOUR ( '', #2726 ) ;
#1373 = STYLED_ITEM ( 'NONE', ( #796 ), #1586 ) ;
#1374 = UNCERTAINTY_MEASURE_WITH_UNIT (LENGTH_MEASURE( 1.000000000000000082E-05 ), #771, 'distance_accuracy_value', 'NONE');
#1375 = ORIENTED_EDGE ( 'NONE', *, *, #538, .F. ) ;
#1376 = SURFACE_STYLE_USAGE ( .BOTH. , #170 ) ;
#1377 = PLANE ( 'NONE',  #419 ) ;
#1378 = EDGE_LOOP ( 'NONE', ( #1165, #1353, #1338, #3748 ) ) ;
#1379 =( NAMED_UNIT ( * ) PLANE_ANGLE_UNIT ( ) SI_UNIT ( $, .RADIAN. ) );
#1380 = ORIENTED_EDGE ( 'NONE', *, *, #1940, .T. ) ;
#1381 = CARTESIAN_POINT ( 'NONE',  ( -1.720000000000000195, 0.3800000000000001155, 4.250000000000000000 ) ) ;
#1382 = DIRECTION ( 'NONE',  ( 0.000000000000000000, 0.000000000000000000, 1.000000000000000000 ) ) ;
#1383 = FILL_AREA_STYLE ('',( #3822 ) ) ;
#1384 = DIRECTION ( 'NONE',  ( 0.000000000000000000, 0.000000000000000000, 1.000000000000000000 ) ) ;
#1385 = VECTOR ( 'NONE', #2942, 1000.000000000000000 ) ;
#1386 = CARTESIAN_POINT ( 'NONE',  ( 2.859999999999999876, 0.6303562647612432901, 5.002814941432550455 ) ) ;
#1387 = FILL_AREA_STYLE_COLOUR ( '', #3229 ) ;
#1388 =( GEOMETRIC_REPRESENTATION_CONTEXT ( 3 ) GLOBAL_UNCERTAINTY_ASSIGNED_CONTEXT ( ( #2102 ) ) GLOBAL_UNIT_ASSIGNED_CONTEXT ( ( #147, #444, #2227 ) ) REPRESENTATION_CONTEXT ( 'NONE', 'WORKASPACE' ) );
#1389 = PRESENTATION_LAYER_ASSIGNMENT (  '', '', ( #549 ) ) ;
#1390 = FILL_AREA_STYLE_COLOUR ( '', #203 ) ;
#1391 = ORIENTED_EDGE ( 'NONE', *, *, #1814, .T. ) ;
#1392 = ORIENTED_EDGE ( 'NONE', *, *, #1012, .F. ) ;
#1393 = UNCERTAINTY_MEASURE_WITH_UNIT (LENGTH_MEASURE( 1.000000000000000082E-05 ), #3751, 'distance_accuracy_value', 'NONE');
#1394 = FILL_AREA_STYLE_COLOUR ( '', #2852 ) ;
#1395 = VECTOR ( 'NONE', #614, 1000.000000000000000 ) ;
#1396 =( NAMED_UNIT ( * ) PLANE_ANGLE_UNIT ( ) SI_UNIT ( $, .RADIAN. ) );
#1397 =( NAMED_UNIT ( * ) SI_UNIT ( $, .STERADIAN. ) SOLID_ANGLE_UNIT ( ) );
#1398 = ORIENTED_EDGE ( 'NONE', *, *, #3011, .T. ) ;
#1399 = AXIS2_PLACEMENT_3D ( 'NONE', #169, #153, #2243 ) ;
#1400 =( LENGTH_UNIT ( ) NAMED_UNIT ( * ) SI_UNIT ( .MILLI., .METRE. ) );
#1401 = FACE_BOUND ( 'NONE', #1244, .T. ) ;
#1402 = EDGE_CURVE ( 'NONE', #3484, #1448, #2631, .T. ) ;
#1403 = SURFACE_STYLE_FILL_AREA ( #2919 ) ;
#1404 = DIRECTION ( 'NONE',  ( 1.000000000000000000, 0.000000000000000000, 0.000000000000000000 ) ) ;
#1405 = VECTOR ( 'NONE', #2138, 1000.000000000000000 ) ;
#1406 =( LENGTH_UNIT ( ) NAMED_UNIT ( * ) SI_UNIT ( .MILLI., .METRE. ) );
#1407 = DIRECTION ( 'NONE',  ( 1.000000000000000000, 0.000000000000000000, -0.000000000000000000 ) ) ;
#1408 = SURFACE_STYLE_USAGE ( .BOTH. , #230 ) ;
#1409 = CYLINDRICAL_SURFACE ( 'NONE', #561, 0.2499999999999993616 ) ;
#1410 = FACE_OUTER_BOUND ( 'NONE', #737, .T. ) ;
#1411 = AXIS2_PLACEMENT_3D ( 'NONE', #3461, #1685, #2021 ) ;
#1412 = FILL_AREA_STYLE ('',( #2019 ) ) ;
#1413 = LINE ( 'NONE', #1130, #624 ) ;
#1414 = AXIS2_PLACEMENT_3D ( 'NONE', #3862, #1548, #2740 ) ;
#1415 = EDGE_CURVE ( 'NONE', #3671, #3727, #1838, .T. ) ;
#1416 = ORIENTED_EDGE ( 'NONE', *, *, #2414, .T. ) ;
#1417 = DIRECTION ( 'NONE',  ( 0.000000000000000000, 0.000000000000000000, -1.000000000000000000 ) ) ;
#1418 = COLOUR_RGB ( '',0.6666666666666666297, 0.6980392156862744724, 0.7686274509803920907 ) ;
#1419 = FILL_AREA_STYLE ('',( #2011 ) ) ;
#1420 = UNCERTAINTY_MEASURE_WITH_UNIT (LENGTH_MEASURE( 1.000000000000000082E-05 ), #3057, 'distance_accuracy_value', 'NONE');
#1421 = FILL_AREA_STYLE_COLOUR ( '', #3154 ) ;
#1422 = ORIENTED_EDGE ( 'NONE', *, *, #2155, .T. ) ;
#1423 =( LENGTH_UNIT ( ) NAMED_UNIT ( * ) SI_UNIT ( .MILLI., .METRE. ) );
#1424 =( GEOMETRIC_REPRESENTATION_CONTEXT ( 3 ) GLOBAL_UNCERTAINTY_ASSIGNED_CONTEXT ( ( #1374 ) ) GLOBAL_UNIT_ASSIGNED_CONTEXT ( ( #771, #755, #744 ) ) REPRESENTATION_CONTEXT ( 'NONE', 'WORKASPACE' ) );
#1425 = PRESENTATION_STYLE_ASSIGNMENT (( #2569 ) ) ;
#1426 = CARTESIAN_POINT ( 'NONE',  ( -1.720000000000000195, 0.5000000000000214273, 3.877570314550939479 ) ) ;
#1427 = EDGE_LOOP ( 'NONE', ( #3266, #3581, #108, #2627 ) ) ;
#1428 = SURFACE_STYLE_FILL_AREA ( #2480 ) ;
#1429 = ORIENTED_EDGE ( 'NONE', *, *, #3816, .T. ) ;
#1430 = ORIENTED_EDGE ( 'NONE', *, *, #740, .F. ) ;
#1431 = SURFACE_STYLE_USAGE ( .BOTH. , #833 ) ;
#1432 = EDGE_LOOP ( 'NONE', ( #1302, #3562, #81, #830 ) ) ;
#1433 = CARTESIAN_POINT ( 'NONE',  ( -2.730000000000000426, 0.6099999999999999867, 0.8200000000000003952 ) ) ;
#1434 = CARTESIAN_POINT ( 'NONE',  ( 2.859999999999999876, 0.8358064410504852937, 3.836820691077793555 ) ) ;
#1435 = CARTESIAN_POINT ( 'NONE',  ( -1.720000000000000195, 0.7908527358470647250, 3.877570314550939479 ) ) ;
#1436 =( NAMED_UNIT ( * ) PLANE_ANGLE_UNIT ( ) SI_UNIT ( $, .RADIAN. ) );
#1437 =( NAMED_UNIT ( * ) PLANE_ANGLE_UNIT ( ) SI_UNIT ( $, .RADIAN. ) );
#1438 = PRESENTATION_LAYER_ASSIGNMENT (  '', '', ( #3107 ) ) ;
#1439 = CARTESIAN_POINT ( 'NONE',  ( -2.859999999999999876, 0.5000000000000214273, 3.877570314550939479 ) ) ;
#1440 = DIRECTION ( 'NONE',  ( 0.000000000000000000, 0.000000000000000000, -1.000000000000000000 ) ) ;
#1441 = PRESENTATION_STYLE_ASSIGNMENT (( #3869 ) ) ;
#1442 = DIRECTION ( 'NONE',  ( -0.000000000000000000, 1.000000000000000000, 4.293869990041603930E-16 ) ) ;
#1443 = PLANE ( 'NONE',  #2622 ) ;
#1444 =( LENGTH_UNIT ( ) NAMED_UNIT ( * ) SI_UNIT ( .MILLI., .METRE. ) );
#1445 = APPLICATION_PROTOCOL_DEFINITION ( 'draft international standard', 'automotive_design', 1998, #3232 ) ;
#1446 =( GEOMETRIC_REPRESENTATION_CONTEXT ( 3 ) GLOBAL_UNCERTAINTY_ASSIGNED_CONTEXT ( ( #1512 ) ) GLOBAL_UNIT_ASSIGNED_CONTEXT ( ( #3061, #1276, #994 ) ) REPRESENTATION_CONTEXT ( 'NONE', 'WORKASPACE' ) );
#1447 = ORIENTED_EDGE ( 'NONE', *, *, #2049, .T. ) ;
#1448 = VERTEX_POINT ( 'NONE', #3131 ) ;
#1449 = EDGE_LOOP ( 'NONE', ( #2945, #1868, #659, #207 ) ) ;
#1450 = SURFACE_STYLE_USAGE ( .BOTH. , #3134 ) ;
#1451 = CARTESIAN_POINT ( 'NONE',  ( -2.859999999999999876, 0.02629274282888523218, 4.917919349846915367 ) ) ;
#1452 = CARTESIAN_POINT ( 'NONE',  ( -3.364999999999999769, 0.6099999999999539124, -3.109999999999999876 ) ) ;
#1453 =( LENGTH_UNIT ( ) NAMED_UNIT ( * ) SI_UNIT ( .MILLI., .METRE. ) );
#1454 = COLOUR_RGB ( '',0.6666666666666666297, 0.6980392156862744724, 0.7686274509803920907 ) ;
#1455 = SURFACE_STYLE_USAGE ( .BOTH. , #2755 ) ;
#1456 = PRESENTATION_STYLE_ASSIGNMENT (( #2549 ) ) ;
#1457 = DIRECTION ( 'NONE',  ( 0.3713906763541038880, 0.000000000000000000, -0.9284766908852593037 ) ) ;
#1458 =( NAMED_UNIT ( * ) SI_UNIT ( $, .STERADIAN. ) SOLID_ANGLE_UNIT ( ) );
#1459 = SURFACE_STYLE_FILL_AREA ( #3844 ) ;
#1460 = COLOUR_RGB ( '',0.6666666666666666297, 0.6980392156862744724, 0.7686274509803920907 ) ;
#1461 =( LENGTH_UNIT ( ) NAMED_UNIT ( * ) SI_UNIT ( .MILLI., .METRE. ) );
#1462 = FACE_OUTER_BOUND ( 'NONE', #1705, .T. ) ;
#1463 = EDGE_CURVE ( 'NONE', #3327, #1596, #2482, .T. ) ;
#1464 = LINE ( 'NONE', #3609, #2441 ) ;
#1465 = CARTESIAN_POINT ( 'NONE',  ( 2.734999999999999876, 1.000000000000021316, 3.109999999999998543 ) ) ;
#1466 = CARTESIAN_POINT ( 'NONE',  ( 2.730000000000000426, 0.000000000000000000, 0.8200000000000003952 ) ) ;
#1467 = DIRECTION ( 'NONE',  ( 0.000000000000000000, -1.000000000000000000, 0.000000000000000000 ) ) ;
#1468 = VECTOR ( 'NONE', #836, 1000.000000000000000 ) ;
#1469 = ORIENTED_EDGE ( 'NONE', *, *, #2343, .T. ) ;
#1470 = ORIENTED_EDGE ( 'NONE', *, *, #2012, .F. ) ;
#1471 = AXIS2_PLACEMENT_3D ( 'NONE', #183, #799, #223 ) ;
#1472 = VECTOR ( 'NONE', #2022, 1000.000000000000000 ) ;
#1473 = MECHANICAL_DESIGN_GEOMETRIC_PRESENTATION_REPRESENTATION (  '', ( #2351 ), #654 ) ;
#1474 =( NAMED_UNIT ( * ) SI_UNIT ( $, .STERADIAN. ) SOLID_ANGLE_UNIT ( ) );
#1475 = ORIENTED_EDGE ( 'NONE', *, *, #1763, .T. ) ;
#1476 = VERTEX_POINT ( 'NONE', #1930 ) ;
#1477 = PLANE ( 'NONE',  #161 ) ;
#1478 = CARTESIAN_POINT ( 'NONE',  ( 2.859999999999999876, 1.245490299132050893, 4.288771060507229116 ) ) ;
#1479 =( NAMED_UNIT ( * ) PLANE_ANGLE_UNIT ( ) SI_UNIT ( $, .RADIAN. ) );
#1480 = STYLED_ITEM ( 'NONE', ( #3782 ), #974 ) ;
#1481 = DIRECTION ( 'NONE',  ( -1.000000000000000000, 0.000000000000000000, -0.000000000000000000 ) ) ;
#1482 = EDGE_CURVE ( 'NONE', #1160, #2449, #908, .T. ) ;
#1483 = EDGE_CURVE ( 'NONE', #2752, #2186, #1098, .T. ) ;
#1484 = DIRECTION ( 'NONE',  ( 1.000000000000000000, 0.000000000000000000, 0.000000000000000000 ) ) ;
#1485 = SURFACE_SIDE_STYLE ('',( #1801 ) ) ;
#1486 = ADVANCED_FACE ( 'NONE', ( #1549 ), #1978, .F. ) ;
#1487 = VERTEX_POINT ( 'NONE', #481 ) ;
#1488 = UNCERTAINTY_MEASURE_WITH_UNIT (LENGTH_MEASURE( 1.000000000000000082E-05 ), #422, 'distance_accuracy_value', 'NONE');
#1489 = EDGE_CURVE ( 'NONE', #3327, #2086, #2576, .T. ) ;
#1490 = VERTEX_POINT ( 'NONE', #3757 ) ;
#1491 = DIRECTION ( 'NONE',  ( -0.000000000000000000, 0.1391731009600587488, -0.9902680687415712502 ) ) ;
#1492 = MECHANICAL_DESIGN_GEOMETRIC_PRESENTATION_REPRESENTATION (  '', ( #1054 ), #499 ) ;
#1493 =( GEOMETRIC_REPRESENTATION_CONTEXT ( 3 ) GLOBAL_UNCERTAINTY_ASSIGNED_CONTEXT ( ( #566 ) ) GLOBAL_UNIT_ASSIGNED_CONTEXT ( ( #793, #1701, #560 ) ) REPRESENTATION_CONTEXT ( 'NONE', 'WORKASPACE' ) );
#1494 = EDGE_LOOP ( 'NONE', ( #1518, #1848, #1624, #1792 ) ) ;
#1495 = COLOUR_RGB ( '',0.6666666666666666297, 0.6980392156862744724, 0.7686274509803920907 ) ;
#1496 = DIRECTION ( 'NONE',  ( 0.000000000000000000, -1.000000000000000000, 0.000000000000000000 ) ) ;
#1497 = ORIENTED_EDGE ( 'NONE', *, *, #3282, .F. ) ;
#1498 = VERTEX_POINT ( 'NONE', #3153 ) ;
#1499 = FILL_AREA_STYLE ('',( #2724 ) ) ;
#1500 = PLANE ( 'NONE',  #946 ) ;
#1501 = SURFACE_STYLE_FILL_AREA ( #1323 ) ;
#1502 = VECTOR ( 'NONE', #301, 1000.000000000000000 ) ;
#1503 = CARTESIAN_POINT ( 'NONE',  ( -3.364999999999999769, 1.000000000000021760, 3.109999999999998987 ) ) ;
#1504 = LINE ( 'NONE', #2792, #1049 ) ;
#1505 = ADVANCED_FACE ( 'NONE', ( #1200 ), #1761, .F. ) ;
#1506 = EDGE_CURVE ( 'NONE', #1083, #3643, #2862, .T. ) ;
#1507 = SURFACE_SIDE_STYLE ('',( #1566 ) ) ;
#1508 = ORIENTED_EDGE ( 'NONE', *, *, #2743, .T. ) ;
#1509 = STYLED_ITEM ( 'NONE', ( #3758 ), #2460 ) ;
#1510 = FACE_OUTER_BOUND ( 'NONE', #2704, .T. ) ;
#1511 =( LENGTH_UNIT ( ) NAMED_UNIT ( * ) SI_UNIT ( .MILLI., .METRE. ) );
#1512 = UNCERTAINTY_MEASURE_WITH_UNIT (LENGTH_MEASURE( 1.000000000000000082E-05 ), #3061, 'distance_accuracy_value', 'NONE');
#1513 = DIRECTION ( 'NONE',  ( -1.000000000000000000, -0.000000000000000000, -0.000000000000000000 ) ) ;
#1514 = ORIENTED_EDGE ( 'NONE', *, *, #2049, .F. ) ;
#1515 = VECTOR ( 'NONE', #474, 1000.000000000000000 ) ;
#1516 = MECHANICAL_DESIGN_GEOMETRIC_PRESENTATION_REPRESENTATION (  '', ( #2998 ), #1535 ) ;
#1517 = MANIFOLD_SOLID_BREP ( 'Boss-Extrude4', #3330 ) ;
#1518 = ORIENTED_EDGE ( 'NONE', *, *, #2472, .T. ) ;
#1519 = STYLED_ITEM ( 'NONE', ( #1738 ), #1789 ) ;
#1520 = SURFACE_SIDE_STYLE ('',( #41 ) ) ;
#1521 = ORIENTED_EDGE ( 'NONE', *, *, #3328, .F. ) ;
#1522 = DIRECTION ( 'NONE',  ( -9.227252531791525393E-17, -0.000000000000000000, 1.000000000000000000 ) ) ;
#1523 = CARTESIAN_POINT ( 'NONE',  ( -2.529999999999999805, 0.6099999999999999867, -4.379999999999999893 ) ) ;
#1524 =( NAMED_UNIT ( * ) PLANE_ANGLE_UNIT ( ) SI_UNIT ( $, .RADIAN. ) );
#1525 = SURFACE_STYLE_USAGE ( .BOTH. , #3277 ) ;
#1526 = ADVANCED_FACE ( 'NONE', ( #2440 ), #2901, .T. ) ;
#1527 = VERTEX_POINT ( 'NONE', #3551 ) ;
#1528 = DIRECTION ( 'NONE',  ( 0.000000000000000000, 0.000000000000000000, -1.000000000000000000 ) ) ;
#1529 = EDGE_CURVE ( 'NONE', #2738, #2186, #3133, .T. ) ;
#1530 = VERTEX_POINT ( 'NONE', #875 ) ;
#1531 = PLANE ( 'NONE',  #2790 ) ;
#1532 =( LENGTH_UNIT ( ) NAMED_UNIT ( * ) SI_UNIT ( .MILLI., .METRE. ) );
#1533 = ORIENTED_EDGE ( 'NONE', *, *, #1599, .T. ) ;
#1534 = UNCERTAINTY_MEASURE_WITH_UNIT (LENGTH_MEASURE( 1.000000000000000082E-05 ), #420, 'distance_accuracy_value', 'NONE');
#1535 =( GEOMETRIC_REPRESENTATION_CONTEXT ( 3 ) GLOBAL_UNCERTAINTY_ASSIGNED_CONTEXT ( ( #1729 ) ) GLOBAL_UNIT_ASSIGNED_CONTEXT ( ( #1871, #2815, #3701 ) ) REPRESENTATION_CONTEXT ( 'NONE', 'WORKASPACE' ) );
#1536 = MECHANICAL_DESIGN_GEOMETRIC_PRESENTATION_REPRESENTATION (  '', ( #3383 ), #1077 ) ;
#1537 = STYLED_ITEM ( 'NONE', ( #2282 ), #374 ) ;
#1538 = EDGE_CURVE ( 'NONE', #2556, #3484, #1236, .T. ) ;
#1539 = DIRECTION ( 'NONE',  ( -0.000000000000000000, -1.000000000000000000, -0.000000000000000000 ) ) ;
#1540 = MECHANICAL_DESIGN_GEOMETRIC_PRESENTATION_REPRESENTATION (  '', ( #1943 ), #2150 ) ;
#1541 = ADVANCED_FACE ( 'NONE', ( #2529 ), #2335, .F. ) ;
#1542 = VECTOR ( 'NONE', #787, 1000.000000000000000 ) ;
#1543 = VECTOR ( 'NONE', #2007, 1000.000000000000000 ) ;
#1544 =( NAMED_UNIT ( * ) SI_UNIT ( $, .STERADIAN. ) SOLID_ANGLE_UNIT ( ) );
#1545 = VECTOR ( 'NONE', #2473, 1000.000000000000000 ) ;
#1546 = LINE ( 'NONE', #934, #46 ) ;
#1547 = PRESENTATION_LAYER_ASSIGNMENT (  '', '', ( #2470 ) ) ;
#1548 = DIRECTION ( 'NONE',  ( 0.000000000000000000, -1.000000000000000000, -4.293869990041602944E-16 ) ) ;
#1549 = FACE_OUTER_BOUND ( 'NONE', #3301, .T. ) ;
#1550 = SURFACE_STYLE_FILL_AREA ( #1499 ) ;
#1551 = DIRECTION ( 'NONE',  ( 0.000000000000000000, -1.000000000000000000, 0.000000000000000000 ) ) ;
#1552 = LINE ( 'NONE', #1162, #1004 ) ;
#1553 = VERTEX_POINT ( 'NONE', #2054 ) ;
#1554 = AXIS2_PLACEMENT_3D ( 'NONE', #3767, #2280, #1407 ) ;
#1555 = VECTOR ( 'NONE', #347, 1000.000000000000000 ) ;
#1556 = UNCERTAINTY_MEASURE_WITH_UNIT (LENGTH_MEASURE( 1.000000000000000082E-05 ), #2933, 'distance_accuracy_value', 'NONE');
#1557 = CARTESIAN_POINT ( 'NONE',  ( 0.5699999999999999512, 1.610000000000021636, 3.109999999999998987 ) ) ;
#1558 = EDGE_LOOP ( 'NONE', ( #1807, #2746, #935, #1205 ) ) ;
#1559 = STYLED_ITEM ( 'NONE', ( #448 ), #2748 ) ;
#1560 = LINE ( 'NONE', #411, #3197 ) ;
#1561 = ADVANCED_FACE ( 'NONE', ( #45 ), #2350, .T. ) ;
#1562 = ORIENTED_EDGE ( 'NONE', *, *, #2367, .F. ) ;
#1563 = PRESENTATION_STYLE_ASSIGNMENT (( #3620 ) ) ;
#1564 = STYLED_ITEM ( 'NONE', ( #706 ), #1526 ) ;
#1565 = CARTESIAN_POINT ( 'NONE',  ( 2.529999999999999805, 0.6099999999999999867, -4.379999999999999893 ) ) ;
#1566 = SURFACE_STYLE_FILL_AREA ( #893 ) ;
#1567 = CARTESIAN_POINT ( 'NONE',  ( 2.859999999999999876, 0.6303562647612435121, 5.002814941432550455 ) ) ;
#1568 = ADVANCED_FACE ( 'NONE', ( #1410 ), #899, .F. ) ;
#1569 = FILL_AREA_STYLE_COLOUR ( '', #2954 ) ;
#1570 = CARTESIAN_POINT ( 'NONE',  ( 2.859999999999999876, 1.000000000000021760, 3.466369568594649397 ) ) ;
#1571 = LINE ( 'NONE', #1478, #173 ) ;
#1572 = DIRECTION ( 'NONE',  ( -9.227252531791525393E-17, -0.000000000000000000, 1.000000000000000000 ) ) ;
#1573 = EDGE_CURVE ( 'NONE', #2946, #2652, #3464, .T. ) ;
#1574 = ORIENTED_EDGE ( 'NONE', *, *, #1734, .F. ) ;
#1575 = SURFACE_SIDE_STYLE ('',( #2958 ) ) ;
#1576 = DIRECTION ( 'NONE',  ( 1.000000000000000000, 0.000000000000000000, 0.000000000000000000 ) ) ;
#1577 = CARTESIAN_POINT ( 'NONE',  ( -3.364999999999999769, 0.6099999999999539124, -3.109999999999999876 ) ) ;
#1578 =( NAMED_UNIT ( * ) SI_UNIT ( $, .STERADIAN. ) SOLID_ANGLE_UNIT ( ) );
#1579 = CARTESIAN_POINT ( 'NONE',  ( 1.719999999999999973, 0.6303562647612435121, 5.002814941432550455 ) ) ;
#1580 = SURFACE_STYLE_FILL_AREA ( #2932 ) ;
#1581 = AXIS2_PLACEMENT_3D ( 'NONE', #1850, #1358, #1716 ) ;
#1582 = ORIENTED_EDGE ( 'NONE', *, *, #2730, .T. ) ;
#1583 =( GEOMETRIC_REPRESENTATION_CONTEXT ( 3 ) GLOBAL_UNCERTAINTY_ASSIGNED_CONTEXT ( ( #2810 ) ) GLOBAL_UNIT_ASSIGNED_CONTEXT ( ( #3820, #933, #3491 ) ) REPRESENTATION_CONTEXT ( 'NONE', 'WORKASPACE' ) );
#1584 =( NAMED_UNIT ( * ) PLANE_ANGLE_UNIT ( ) SI_UNIT ( $, .RADIAN. ) );
#1585 = SURFACE_STYLE_USAGE ( .BOTH. , #1941 ) ;
#1586 = ADVANCED_FACE ( 'NONE', ( #2572 ), #1833, .F. ) ;
#1587 = COLOUR_RGB ( '',0.6666666666666666297, 0.6980392156862744724, 0.7686274509803920907 ) ;
#1588 = LINE ( 'NONE', #1159, #3655 ) ;
#1589 =( LENGTH_UNIT ( ) NAMED_UNIT ( * ) SI_UNIT ( .MILLI., .METRE. ) );
#1590 = VECTOR ( 'NONE', #1872, 1000.000000000000000 ) ;
#1591 = FILL_AREA_STYLE ('',( #1327 ) ) ;
#1592 = CARTESIAN_POINT ( 'NONE',  ( 2.734999999999999876, 0.8358064410504852937, 3.836820691077793555 ) ) ;
#1593 = VECTOR ( 'NONE', #2501, 1000.000000000000000 ) ;
#1594 = DIRECTION ( 'NONE',  ( 0.000000000000000000, 0.000000000000000000, -1.000000000000000000 ) ) ;
#1595 = FACE_OUTER_BOUND ( 'NONE', #586, .T. ) ;
#1596 = VERTEX_POINT ( 'NONE', #901 ) ;
#1597 =( GEOMETRIC_REPRESENTATION_CONTEXT ( 3 ) GLOBAL_UNCERTAINTY_ASSIGNED_CONTEXT ( ( #1094 ) ) GLOBAL_UNIT_ASSIGNED_CONTEXT ( ( #1313, #2495, #2798 ) ) REPRESENTATION_CONTEXT ( 'NONE', 'WORKASPACE' ) );
#1598 = SURFACE_STYLE_FILL_AREA ( #1383 ) ;
#1599 = EDGE_CURVE ( 'NONE', #3828, #601, #1137, .T. ) ;
#1600 = COLOUR_RGB ( '',0.6666666666666666297, 0.6980392156862744724, 0.7686274509803920907 ) ;
#1601 = EDGE_CURVE ( 'NONE', #60, #2834, #334, .T. ) ;
#1602 = ORIENTED_EDGE ( 'NONE', *, *, #356, .F. ) ;
#1603 =( LENGTH_UNIT ( ) NAMED_UNIT ( * ) SI_UNIT ( .MILLI., .METRE. ) );
#1604 = UNCERTAINTY_MEASURE_WITH_UNIT (LENGTH_MEASURE( 1.000000000000000082E-05 ), #1869, 'distance_accuracy_value', 'NONE');
#1605 = ORIENTED_EDGE ( 'NONE', *, *, #2754, .T. ) ;
#1606 = VECTOR ( 'NONE', #2827, 1000.000000000000000 ) ;
#1608 = CARTESIAN_POINT ( 'NONE',  ( -3.194901033438992233, 2.820317036477051342, 2.939901033438990563 ) ) ;
#1607 =( NAMED_UNIT ( * ) PLANE_ANGLE_UNIT ( ) SI_UNIT ( $, .RADIAN. ) );
#1609 = PRESENTATION_LAYER_ASSIGNMENT (  '', '', ( #1884 ) ) ;
#1610 = CARTESIAN_POINT ( 'NONE',  ( -1.720000000000000195, 1.245490299132050893, 4.288771060507229116 ) ) ;
#1611 = DIRECTION ( 'NONE',  ( 0.000000000000000000, 0.000000000000000000, -1.000000000000000000 ) ) ;
#1612 = ORIENTED_EDGE ( 'NONE', *, *, #1220, .T. ) ;
#1613 =( GEOMETRIC_REPRESENTATION_CONTEXT ( 3 ) GLOBAL_UNCERTAINTY_ASSIGNED_CONTEXT ( ( #3450 ) ) GLOBAL_UNIT_ASSIGNED_CONTEXT ( ( #2151, #2427, #3333 ) ) REPRESENTATION_CONTEXT ( 'NONE', 'WORKASPACE' ) );
#1614 = ORIENTED_EDGE ( 'NONE', *, *, #3802, .T. ) ;
#1615 = AXIS2_PLACEMENT_3D ( 'NONE', #2961, #872, #2063 ) ;
#1616 = EDGE_CURVE ( 'NONE', #3779, #1330, #90, .T. ) ;
#1617 = ORIENTED_EDGE ( 'NONE', *, *, #1616, .T. ) ;
#1618 = ORIENTED_EDGE ( 'NONE', *, *, #3580, .T. ) ;
#1620 = CARTESIAN_POINT ( 'NONE',  ( -2.859999999999999876, 0.5000000000000216493, 3.466369568594649397 ) ) ;
#1619 = CARTESIAN_POINT ( 'NONE',  ( 2.859999999999999876, 0.5000000000000216493, 3.466369568594649397 ) ) ;
#1621 = DIRECTION ( 'NONE',  ( 0.000000000000000000, -0.000000000000000000, 1.000000000000000000 ) ) ;
#1622 =( NAMED_UNIT ( * ) SI_UNIT ( $, .STERADIAN. ) SOLID_ANGLE_UNIT ( ) );
#1623 = SURFACE_STYLE_FILL_AREA ( #1739 ) ;
#1624 = ORIENTED_EDGE ( 'NONE', *, *, #1748, .F. ) ;
#1625 = ORIENTED_EDGE ( 'NONE', *, *, #3150, .F. ) ;
#1626 = EDGE_CURVE ( 'NONE', #2289, #3207, #1913, .T. ) ;
#1627 = PLANE ( 'NONE',  #2360 ) ;
#1628 = MANIFOLD_SOLID_BREP ( 'Boss-Extrude2', #3552 ) ;
#1630 = CARTESIAN_POINT ( 'NONE',  ( -2.730000000000000426, 0.6099999999999999867, 0.8200000000000003952 ) ) ;
#1629 = PLANE ( 'NONE',  #516 ) ;
#1631 = DIRECTION ( 'NONE',  ( 0.000000000000000000, -1.000000000000000000, 0.000000000000000000 ) ) ;
#1632 = FACE_OUTER_BOUND ( 'NONE', #548, .T. ) ;
#1633 = CARTESIAN_POINT ( 'NONE',  ( 1.844999999999999751, 1.531025676947491698, 3.877570314550939923 ) ) ;
#1634 = VECTOR ( 'NONE', #475, 999.9999999999998863 ) ;
#1635 =( GEOMETRIC_REPRESENTATION_CONTEXT ( 3 ) GLOBAL_UNCERTAINTY_ASSIGNED_CONTEXT ( ( #1706 ) ) GLOBAL_UNIT_ASSIGNED_CONTEXT ( ( #2988, #3281, #1208 ) ) REPRESENTATION_CONTEXT ( 'NONE', 'WORKASPACE' ) );
#1636 = FACE_OUTER_BOUND ( 'NONE', #3069, .T. ) ;
#1637 = VECTOR ( 'NONE', #3841, 1000.000000000000000 ) ;
#1638 = FACE_OUTER_BOUND ( 'NONE', #1184, .T. ) ;
#1639 = EDGE_LOOP ( 'NONE', ( #3019, #2234, #3582, #3194 ) ) ;
#1640 = DIRECTION ( 'NONE',  ( 0.000000000000000000, 1.000000000000000000, 0.000000000000000000 ) ) ;
#1641 = SURFACE_STYLE_FILL_AREA ( #1308 ) ;
#1642 = VECTOR ( 'NONE', #3113, 1000.000000000000000 ) ;
#1643 = FACE_OUTER_BOUND ( 'NONE', #2589, .T. ) ;
#1645 =( LENGTH_UNIT ( ) NAMED_UNIT ( * ) SI_UNIT ( .MILLI., .METRE. ) );
#1644 = FILL_AREA_STYLE_COLOUR ( '', #2092 ) ;
#1646 = DIRECTION ( 'NONE',  ( 1.000000000000000000, 0.000000000000000000, 0.000000000000000000 ) ) ;
#1647 =( NAMED_UNIT ( * ) PLANE_ANGLE_UNIT ( ) SI_UNIT ( $, .RADIAN. ) );
#1648 = EDGE_LOOP ( 'NONE', ( #3252, #2866, #244, #648 ) ) ;
#1649 = SURFACE_SIDE_STYLE ('',( #42 ) ) ;
#1650 = SURFACE_STYLE_FILL_AREA ( #3532 ) ;
#1651 = VECTOR ( 'NONE', #1794, 1000.000000000000000 ) ;
#1652 = ORIENTED_EDGE ( 'NONE', *, *, #2390, .F. ) ;
#1653 = FACE_OUTER_BOUND ( 'NONE', #2580, .T. ) ;
#1654 = UNCERTAINTY_MEASURE_WITH_UNIT (LENGTH_MEASURE( 1.000000000000000082E-05 ), #3860, 'distance_accuracy_value', 'NONE');
#1655 = ORIENTED_EDGE ( 'NONE', *, *, #3410, .T. ) ;
#1656 = DIRECTION ( 'NONE',  ( 0.000000000000000000, -0.000000000000000000, 1.000000000000000000 ) ) ;
#1657 = VECTOR ( 'NONE', #31, 1000.000000000000114 ) ;
#1658 =( NAMED_UNIT ( * ) PLANE_ANGLE_UNIT ( ) SI_UNIT ( $, .RADIAN. ) );
#1659 = VECTOR ( 'NONE', #882, 1000.000000000000000 ) ;
#1660 = DIRECTION ( 'NONE',  ( 0.000000000000000000, 0.000000000000000000, -1.000000000000000000 ) ) ;
#1661 =( GEOMETRIC_REPRESENTATION_CONTEXT ( 3 ) GLOBAL_UNCERTAINTY_ASSIGNED_CONTEXT ( ( #2141 ) ) GLOBAL_UNIT_ASSIGNED_CONTEXT ( ( #2767, #664, #983 ) ) REPRESENTATION_CONTEXT ( 'NONE', 'WORKASPACE' ) );
#1662 = FILL_AREA_STYLE ('',( #1331 ) ) ;
#1663 = STYLED_ITEM ( 'NONE', ( #156 ), #1227 ) ;
#1664 = STYLED_ITEM ( 'NONE', ( #3746 ), #399 ) ;
#1665 = SURFACE_STYLE_USAGE ( .BOTH. , #1121 ) ;
#1666 = CIRCLE ( 'NONE', #211, 0.2499999999999993616 ) ;
#1667 = CARTESIAN_POINT ( 'NONE',  ( 0.7500000000000000000, 0.000000000000000000, -2.310000000000000053 ) ) ;
#1668 = ORIENTED_EDGE ( 'NONE', *, *, #3357, .T. ) ;
#1669 = SURFACE_STYLE_USAGE ( .BOTH. , #2624 ) ;
#1670 = ORIENTED_EDGE ( 'NONE', *, *, #2990, .F. ) ;
#1672 = DIRECTION ( 'NONE',  ( 0.000000000000000000, -0.1391731009600587488, 0.9902680687415712502 ) ) ;
#1671 = CARTESIAN_POINT ( 'NONE',  ( 2.859999999999999876, 1.531025676947492142, 3.877570314550939479 ) ) ;
#1673 = STYLED_ITEM ( 'NONE', ( #3529 ), #991 ) ;
#1674 = FILL_AREA_STYLE_COLOUR ( '', #477 ) ;
#1675 = EDGE_CURVE ( 'NONE', #922, #2514, #3783, .T. ) ;
#1676 = UNCERTAINTY_MEASURE_WITH_UNIT (LENGTH_MEASURE( 1.000000000000000082E-05 ), #2853, 'distance_accuracy_value', 'NONE');
#1677 = DIRECTION ( 'NONE',  ( -1.000000000000000000, -0.000000000000000000, -0.000000000000000000 ) ) ;
#1678 = EDGE_CURVE ( 'NONE', #637, #1785, #1973, .T. ) ;
#1679 = SURFACE_SIDE_STYLE ('',( #1332 ) ) ;
#1680 = LINE ( 'NONE', #3830, #1089 ) ;
#1681 = UNCERTAINTY_MEASURE_WITH_UNIT (LENGTH_MEASURE( 1.000000000000000082E-05 ), #1406, 'distance_accuracy_value', 'NONE');
#1682 =( NAMED_UNIT ( * ) SI_UNIT ( $, .STERADIAN. ) SOLID_ANGLE_UNIT ( ) );
#1683 = PRESENTATION_STYLE_ASSIGNMENT (( #1749 ) ) ;
#1684 = MECHANICAL_DESIGN_GEOMETRIC_PRESENTATION_REPRESENTATION (  '', ( #1559 ), #1100 ) ;
#1685 = DIRECTION ( 'NONE',  ( -1.000000000000000000, -0.000000000000000000, 0.000000000000000000 ) ) ;
#1686 =( NAMED_UNIT ( * ) PLANE_ANGLE_UNIT ( ) SI_UNIT ( $, .RADIAN. ) );
#1687 = PRESENTATION_LAYER_ASSIGNMENT (  '', '', ( #551 ) ) ;
#1688 = EDGE_CURVE ( 'NONE', #2405, #1083, #2526, .T. ) ;
#1689 = LINE ( 'NONE', #519, #3128 ) ;
#1690 = DIRECTION ( 'NONE',  ( -1.000000000000000000, -0.000000000000000000, -0.000000000000000000 ) ) ;
#1691 = DIRECTION ( 'NONE',  ( -0.000000000000000000, 1.000000000000000000, 4.293869990041603930E-16 ) ) ;
#1692 = AXIS2_PLACEMENT_3D ( 'NONE', #3438, #1646, #3463 ) ;
#1693 =( NAMED_UNIT ( * ) SI_UNIT ( $, .STERADIAN. ) SOLID_ANGLE_UNIT ( ) );
#1694 = VECTOR ( 'NONE', #3714, 1000.000000000000000 ) ;
#1695 = LINE ( 'NONE', #3225, #3744 ) ;
#1696 = DIRECTION ( 'NONE',  ( 1.000000000000000000, 0.000000000000000000, -0.000000000000000000 ) ) ;
#1697 = STYLED_ITEM ( 'NONE', ( #478 ), #2161 ) ;
#1698 = ORIENTED_EDGE ( 'NONE', *, *, #3628, .F. ) ;
#1699 =( NAMED_UNIT ( * ) SI_UNIT ( $, .STERADIAN. ) SOLID_ANGLE_UNIT ( ) );
#1700 = CARTESIAN_POINT ( 'NONE',  ( 2.859999999999999876, 1.531025676947492142, 3.877570314550939479 ) ) ;
#1701 =( NAMED_UNIT ( * ) PLANE_ANGLE_UNIT ( ) SI_UNIT ( $, .RADIAN. ) );
#1702 = ORIENTED_EDGE ( 'NONE', *, *, #2415, .T. ) ;
#1703 = CARTESIAN_POINT ( 'NONE',  ( -0.7500000000000000000, -0.000000000000000000, -2.060000000000000497 ) ) ;
#1704 =( NAMED_UNIT ( * ) PLANE_ANGLE_UNIT ( ) SI_UNIT ( $, .RADIAN. ) );
#1705 = EDGE_LOOP ( 'NONE', ( #832, #2233, #3296, #1698 ) ) ;
#1706 = UNCERTAINTY_MEASURE_WITH_UNIT (LENGTH_MEASURE( 1.000000000000000082E-05 ), #2988, 'distance_accuracy_value', 'NONE');
#1707 = SURFACE_SIDE_STYLE ('',( #316 ) ) ;
#1708 = CARTESIAN_POINT ( 'NONE',  ( -1.844999999999999751, 0.01436144552488703707, 5.002814941432550455 ) ) ;
#1709 = EDGE_CURVE ( 'NONE', #1937, #1082, #1831, .T. ) ;
#1710 = EDGE_LOOP ( 'NONE', ( #258, #643, #1851, #309 ) ) ;
#1711 = MECHANICAL_DESIGN_GEOMETRIC_PRESENTATION_REPRESENTATION (  '', ( #2611 ), #2393 ) ;
#1712 = FILL_AREA_STYLE_COLOUR ( '', #123 ) ;
#1713 = DIRECTION ( 'NONE',  ( -1.000000000000000000, 0.000000000000000000, 0.000000000000000000 ) ) ;
#1714 = PRODUCT_CONTEXT ( 'NONE', #3232, 'mechanical' ) ;
#1715 =( GEOMETRIC_REPRESENTATION_CONTEXT ( 3 ) GLOBAL_UNCERTAINTY_ASSIGNED_CONTEXT ( ( #2076 ) ) GLOBAL_UNIT_ASSIGNED_CONTEXT ( ( #3038, #3335, #1544 ) ) REPRESENTATION_CONTEXT ( 'NONE', 'WORKASPACE' ) );
#1716 = DIRECTION ( 'NONE',  ( 1.000000000000000000, 0.000000000000000000, 0.000000000000000000 ) ) ;
#1717 = LINE ( 'NONE', #3592, #1817 ) ;
#1718 = AXIS2_PLACEMENT_3D ( 'NONE', #1770, #3538, #2644 ) ;
#1719 =( LENGTH_UNIT ( ) NAMED_UNIT ( * ) SI_UNIT ( .MILLI., .METRE. ) );
#1720 = DIRECTION ( 'NONE',  ( 0.000000000000000000, 0.000000000000000000, -1.000000000000000000 ) ) ;
#1721 = DIRECTION ( 'NONE',  ( 0.000000000000000000, -1.000000000000000000, 0.000000000000000000 ) ) ;
#1722 = SURFACE_SIDE_STYLE ('',( #3104 ) ) ;
#1723 = EDGE_LOOP ( 'NONE', ( #784, #98, #2929, #3775 ) ) ;
#1724 = EDGE_LOOP ( 'NONE', ( #3597, #1774, #3865, #1351 ) ) ;
#1725 = CARTESIAN_POINT ( 'NONE',  ( 2.734999999999999876, -0.1300000000000033906, 3.109999999999998099 ) ) ;
#1726 = FILL_AREA_STYLE_COLOUR ( '', #247 ) ;
#1727 =( LENGTH_UNIT ( ) NAMED_UNIT ( * ) SI_UNIT ( .MILLI., .METRE. ) );
#1728 =( NAMED_UNIT ( * ) SI_UNIT ( $, .STERADIAN. ) SOLID_ANGLE_UNIT ( ) );
#1729 = UNCERTAINTY_MEASURE_WITH_UNIT (LENGTH_MEASURE( 1.000000000000000082E-05 ), #1871, 'distance_accuracy_value', 'NONE');
#1730 = VECTOR ( 'NONE', #1355, 1000.000000000000000 ) ;
#1731 = DIRECTION ( 'NONE',  ( -1.000000000000000000, -0.000000000000000000, -0.000000000000000000 ) ) ;
#1732 = CARTESIAN_POINT ( 'NONE',  ( 0.7500000000000000000, 0.000000000000000000, -2.310000000000000053 ) ) ;
#1733 = DIRECTION ( 'NONE',  ( 0.000000000000000000, 1.000000000000000000, -0.000000000000000000 ) ) ;
#1734 = EDGE_CURVE ( 'NONE', #250, #311, #3003, .T. ) ;
#1735 = VECTOR ( 'NONE', #834, 1000.000000000000000 ) ;
#1736 = FILL_AREA_STYLE_COLOUR ( '', #1040 ) ;
#1737 = CARTESIAN_POINT ( 'NONE',  ( 3.256783557279159691, 2.379999999999999893, 3.001783557279157577 ) ) ;
#1738 = PRESENTATION_STYLE_ASSIGNMENT (( #366 ) ) ;
#1739 = FILL_AREA_STYLE ('',( #2301 ) ) ;
#1740 = DIRECTION ( 'NONE',  ( 0.3713906763541038880, 0.000000000000000000, -0.9284766908852593037 ) ) ;
#1741 = LINE ( 'NONE', #1052, #2075 ) ;
#1742 = SURFACE_STYLE_FILL_AREA ( #3269 ) ;
#1743 = VECTOR ( 'NONE', #2561, 1000.000000000000000 ) ;
#1744 = ORIENTED_EDGE ( 'NONE', *, *, #3501, .F. ) ;
#1745 = CARTESIAN_POINT ( 'NONE',  ( 2.730000000000000870, 0.6099999999999999867, -3.880000000000000338 ) ) ;
#1746 = AXIS2_PLACEMENT_3D ( 'NONE', #2606, #1404, #1985 ) ;
#1747 =( LENGTH_UNIT ( ) NAMED_UNIT ( * ) SI_UNIT ( .MILLI., .METRE. ) );
#1748 = EDGE_CURVE ( 'NONE', #1115, #3715, #2477, .T. ) ;
#1749 = SURFACE_STYLE_USAGE ( .BOTH. , #3542 ) ;
#1750 = LINE ( 'NONE', #2225, #1694 ) ;
#1751 = CARTESIAN_POINT ( 'NONE',  ( 2.859999999999999876, 0.7908527358470641699, 3.877570314550939479 ) ) ;
#1752 = DIRECTION ( 'NONE',  ( 0.000000000000000000, -0.000000000000000000, -1.000000000000000000 ) ) ;
#1753 = ORIENTED_EDGE ( 'NONE', *, *, #2216, .F. ) ;
#1754 = PRESENTATION_LAYER_ASSIGNMENT (  '', '', ( #660 ) ) ;
#1755 = CIRCLE ( 'NONE', #1346, 0.2499999999999993616 ) ;
#1756 =( NAMED_UNIT ( * ) PLANE_ANGLE_UNIT ( ) SI_UNIT ( $, .RADIAN. ) );
#1757 = DIRECTION ( 'NONE',  ( -0.000000000000000000, 1.000000000000000000, 4.293869990041603930E-16 ) ) ;
#1758 = ORIENTED_EDGE ( 'NONE', *, *, #2201, .F. ) ;
#1759 = CARTESIAN_POINT ( 'NONE',  ( -1.844999999999999751, 1.000000000000021316, 3.109999999999998543 ) ) ;
#1760 =( GEOMETRIC_REPRESENTATION_CONTEXT ( 3 ) GLOBAL_UNCERTAINTY_ASSIGNED_CONTEXT ( ( #3859 ) ) GLOBAL_UNIT_ASSIGNED_CONTEXT ( ( #432, #3443, #2859 ) ) REPRESENTATION_CONTEXT ( 'NONE', 'WORKASPACE' ) );
#1761 = PLANE ( 'NONE',  #2170 ) ;
#1762 = ORIENTED_EDGE ( 'NONE', *, *, #2139, .T. ) ;
#1763 = EDGE_CURVE ( 'NONE', #3056, #1937, #2299, .T. ) ;
#1764 = DIRECTION ( 'NONE',  ( 0.000000000000000000, -1.000000000000000000, 0.000000000000000000 ) ) ;
#1765 = VECTOR ( 'NONE', #1496, 1000.000000000000000 ) ;
#1766 = EDGE_CURVE ( 'NONE', #1261, #2941, #2354, .T. ) ;
#1767 = DIRECTION ( 'NONE',  ( 0.000000000000000000, -4.293869990041603930E-16, 1.000000000000000000 ) ) ;
#1768 =( NAMED_UNIT ( * ) PLANE_ANGLE_UNIT ( ) SI_UNIT ( $, .RADIAN. ) );
#1769 = MECHANICAL_DESIGN_GEOMETRIC_PRESENTATION_REPRESENTATION (  '', ( #1961 ), #2377 ) ;
#1770 = CARTESIAN_POINT ( 'NONE',  ( -2.730000000000000426, 0.6099999999999999867, 0.8200000000000003952 ) ) ;
#1771 = ORIENTED_EDGE ( 'NONE', *, *, #121, .T. ) ;
#1772 = CARTESIAN_POINT ( 'NONE',  ( -1.719999999999999973, 0.6303562647612432901, 5.002814941432550455 ) ) ;
#1773 = AXIS2_PLACEMENT_3D ( 'NONE', #72, #3100, #2481 ) ;
#1774 = ORIENTED_EDGE ( 'NONE', *, *, #2909, .T. ) ;
#1775 =( GEOMETRIC_REPRESENTATION_CONTEXT ( 3 ) GLOBAL_UNCERTAINTY_ASSIGNED_CONTEXT ( ( #89 ) ) GLOBAL_UNIT_ASSIGNED_CONTEXT ( ( #1155, #3198, #528 ) ) REPRESENTATION_CONTEXT ( 'NONE', 'WORKASPACE' ) );
#1776 = ORIENTED_EDGE ( 'NONE', *, *, #2177, .T. ) ;
#1777 = ORIENTED_EDGE ( 'NONE', *, *, #2787, .T. ) ;
#1778 = PLANE ( 'NONE',  #896 ) ;
#1779 = PRODUCT_DEFINITION_SHAPE ( 'NONE', 'NONE',  #3299 ) ;
#1780 = CARTESIAN_POINT ( 'NONE',  ( 0.7500000000000000000, 0.000000000000000000, -2.060000000000000497 ) ) ;
#1781 =( NAMED_UNIT ( * ) SI_UNIT ( $, .STERADIAN. ) SOLID_ANGLE_UNIT ( ) );
#1782 = UNCERTAINTY_MEASURE_WITH_UNIT (LENGTH_MEASURE( 1.000000000000000082E-05 ), #3364, 'distance_accuracy_value', 'NONE');
#1783 = VECTOR ( 'NONE', #128, 1000.000000000000000 ) ;
#1784 = SURFACE_SIDE_STYLE ('',( #2769 ) ) ;
#1785 = VERTEX_POINT ( 'NONE', #2 ) ;
#1786 =( NAMED_UNIT ( * ) SI_UNIT ( $, .STERADIAN. ) SOLID_ANGLE_UNIT ( ) );
#1787 =( LENGTH_UNIT ( ) NAMED_UNIT ( * ) SI_UNIT ( .MILLI., .METRE. ) );
#1788 = SURFACE_STYLE_FILL_AREA ( #3858 ) ;
#1789 = ADVANCED_FACE ( 'NONE', ( #233 ), #686, .F. ) ;
#1790 = EDGE_CURVE ( 'NONE', #1835, #2752, #85, .T. ) ;
#1791 = VECTOR ( 'NONE', #2433, 1000.000000000000000 ) ;
#1792 = ORIENTED_EDGE ( 'NONE', *, *, #891, .T. ) ;
#1793 = STYLED_ITEM ( 'NONE', ( #2548 ), #2431 ) ;
#1794 = DIRECTION ( 'NONE',  ( 0.000000000000000000, 0.000000000000000000, 1.000000000000000000 ) ) ;
#1795 = COLOUR_RGB ( '',0.1098039215686274495, 0.1098039215686274495, 0.1098039215686274495 ) ;
#1796 = VECTOR ( 'NONE', #1457, 1000.000000000000114 ) ;
#1797 = FILL_AREA_STYLE_COLOUR ( '', #2934 ) ;
#1798 = EDGE_LOOP ( 'NONE', ( #3636, #2337, #1625, #2204 ) ) ;
#1799 = MECHANICAL_DESIGN_GEOMETRIC_PRESENTATION_REPRESENTATION (  '', ( #874 ), #1997 ) ;
#1800 = PRESENTATION_STYLE_ASSIGNMENT (( #1340 ) ) ;
#1801 = SURFACE_STYLE_FILL_AREA ( #884 ) ;
#1802 = AXIS2_PLACEMENT_3D ( 'NONE', #1620, #3437, #2195 ) ;
#1803 = CARTESIAN_POINT ( 'NONE',  ( -2.729999999999999982, 0.6099999999999999867, -3.880000000000000338 ) ) ;
#1804 = VECTOR ( 'NONE', #3486, 1000.000000000000000 ) ;
#1805 = ORIENTED_EDGE ( 'NONE', *, *, #1362, .F. ) ;
#1806 =( LENGTH_UNIT ( ) NAMED_UNIT ( * ) SI_UNIT ( .MILLI., .METRE. ) );
#1807 = ORIENTED_EDGE ( 'NONE', *, *, #3569, .T. ) ;
#1808 = DIRECTION ( 'NONE',  ( 0.000000000000000000, 0.000000000000000000, 1.000000000000000000 ) ) ;
#1809 = UNCERTAINTY_MEASURE_WITH_UNIT (LENGTH_MEASURE( 1.000000000000000082E-05 ), #2551, 'distance_accuracy_value', 'NONE');
#1810 = DIRECTION ( 'NONE',  ( 0.000000000000000000, 0.000000000000000000, -1.000000000000000000 ) ) ;
#1811 = ADVANCED_FACE ( 'NONE', ( #752 ), #3373, .F. ) ;
#1812 = EDGE_LOOP ( 'NONE', ( #3540, #106, #1758, #1889, #2840, #3274, #1670 ) ) ;
#1813 = SURFACE_STYLE_USAGE ( .BOTH. , #1520 ) ;
#1814 = EDGE_CURVE ( 'NONE', #2556, #1883, #3078, .T. ) ;
#1815 = FILL_AREA_STYLE ('',( #20 ) ) ;
#1816 = CARTESIAN_POINT ( 'NONE',  ( 1.719999999999999973, 1.531025676947491698, 3.877570314550939923 ) ) ;
#1817 = VECTOR ( 'NONE', #3055, 1000.000000000000000 ) ;
#1818 = PLANE ( 'NONE',  #2538 ) ;
#1819 = CARTESIAN_POINT ( 'NONE',  ( -2.734999999999999876, -0.1300000000000046396, 6.030000000000033111 ) ) ;
#1820 = MECHANICAL_DESIGN_GEOMETRIC_PRESENTATION_REPRESENTATION (  '', ( #1884 ), #10 ) ;
#1821 = CYLINDRICAL_SURFACE ( 'NONE', #2838, 0.5000000000000004441 ) ;
#1822 = AXIS2_PLACEMENT_3D ( 'NONE', #64, #3664, #2436 ) ;
#1823 = STYLED_ITEM ( 'NONE', ( #1349 ), #117 ) ;
#1824 = EDGE_CURVE ( 'NONE', #2164, #3207, #2762, .T. ) ;
#1825 = PRESENTATION_LAYER_ASSIGNMENT (  '', '', ( #3416 ) ) ;
#1826 = ADVANCED_FACE ( 'NONE', ( #1092 ), #69, .F. ) ;
#1827 =( NAMED_UNIT ( * ) PLANE_ANGLE_UNIT ( ) SI_UNIT ( $, .RADIAN. ) );
#1828 =( NAMED_UNIT ( * ) SI_UNIT ( $, .STERADIAN. ) SOLID_ANGLE_UNIT ( ) );
#1829 = UNCERTAINTY_MEASURE_WITH_UNIT (LENGTH_MEASURE( 1.000000000000000082E-05 ), #1747, 'distance_accuracy_value', 'NONE');
#1830 = VECTOR ( 'NONE', #3272, 1000.000000000000000 ) ;
#1831 = LINE ( 'NONE', #323, #1791 ) ;
#1832 = FACE_OUTER_BOUND ( 'NONE', #1893, .T. ) ;
#1833 = PLANE ( 'NONE',  #1846 ) ;
#1834 = LINE ( 'NONE', #1279, #2127 ) ;
#1835 = VERTEX_POINT ( 'NONE', #3342 ) ;
#1836 =( GEOMETRIC_REPRESENTATION_CONTEXT ( 3 ) GLOBAL_UNCERTAINTY_ASSIGNED_CONTEXT ( ( #949 ) ) GLOBAL_UNIT_ASSIGNED_CONTEXT ( ( #2318, #2609, #828 ) ) REPRESENTATION_CONTEXT ( 'NONE', 'WORKASPACE' ) );
#1837 = CARTESIAN_POINT ( 'NONE',  ( -1.844999999999999751, 0.8358064410504852937, 3.836820691077793555 ) ) ;
#1838 = LINE ( 'NONE', #127, #342 ) ;
#1839 = CARTESIAN_POINT ( 'NONE',  ( 0.000000000000000000, 0.000000000000000000, 0.000000000000000000 ) ) ;
#1840 = FACE_OUTER_BOUND ( 'NONE', #1710, .T. ) ;
#1841 = ORIENTED_EDGE ( 'NONE', *, *, #1529, .T. ) ;
#1842 = VECTOR ( 'NONE', #3176, 1000.000000000000000 ) ;
#1843 = PRESENTATION_STYLE_ASSIGNMENT (( #3745 ) ) ;
#1844 = MECHANICAL_DESIGN_GEOMETRIC_PRESENTATION_REPRESENTATION (  '', ( #3360 ), #1969 ) ;
#1845 = VERTEX_POINT ( 'NONE', #2171 ) ;
#1846 = AXIS2_PLACEMENT_3D ( 'NONE', #2729, #604, #3298 ) ;
#1847 =( NAMED_UNIT ( * ) PLANE_ANGLE_UNIT ( ) SI_UNIT ( $, .RADIAN. ) );
#1848 = ORIENTED_EDGE ( 'NONE', *, *, #2605, .T. ) ;
#1849 = DIRECTION ( 'NONE',  ( 0.000000000000000000, 0.000000000000000000, -1.000000000000000000 ) ) ;
#1850 = CARTESIAN_POINT ( 'NONE',  ( 0.5699999999999999512, 1.610000000000021636, 3.109999999999998987 ) ) ;
#1851 = ORIENTED_EDGE ( 'NONE', *, *, #122, .T. ) ;
#1852 = PLANE ( 'NONE',  #1615 ) ;
#1853 = CYLINDRICAL_SURFACE ( 'NONE', #2693, 0.2499999999999993616 ) ;
#1854 = SURFACE_STYLE_USAGE ( .BOTH. , #1575 ) ;
#1855 = ADVANCED_FACE ( 'NONE', ( #3275 ), #377, .T. ) ;
#1856 = CARTESIAN_POINT ( 'NONE',  ( 0.7500000000000000000, 0.6099999999999999867, -2.060000000000000497 ) ) ;
#1857 = ORIENTED_EDGE ( 'NONE', *, *, #1626, .T. ) ;
#1858 = EDGE_LOOP ( 'NONE', ( #1180, #2519, #268, #1416 ) ) ;
#1859 = ORIENTED_EDGE ( 'NONE', *, *, #3619, .F. ) ;
#1860 = MECHANICAL_DESIGN_GEOMETRIC_PRESENTATION_REPRESENTATION (  '', ( #54 ), #1715 ) ;
#1861 =( GEOMETRIC_REPRESENTATION_CONTEXT ( 3 ) GLOBAL_UNCERTAINTY_ASSIGNED_CONTEXT ( ( #3631 ) ) GLOBAL_UNIT_ASSIGNED_CONTEXT ( ( #3789, #2553, #187 ) ) REPRESENTATION_CONTEXT ( 'NONE', 'WORKASPACE' ) );
#1862 =( GEOMETRIC_REPRESENTATION_CONTEXT ( 3 ) GLOBAL_UNCERTAINTY_ASSIGNED_CONTEXT ( ( #2985 ) ) GLOBAL_UNIT_ASSIGNED_CONTEXT ( ( #570, #1768, #391 ) ) REPRESENTATION_CONTEXT ( 'NONE', 'WORKASPACE' ) );
#1863 = ADVANCED_FACE ( 'NONE', ( #1401, #2711 ), #1627, .F. ) ;
#1864 = CARTESIAN_POINT ( 'NONE',  ( 0.000000000000000000, 2.379999999999999893, -2.861242722576766262 ) ) ;
#1865 = SURFACE_STYLE_FILL_AREA ( #577 ) ;
#1866 = VECTOR ( 'NONE', #705, 1000.000000000000000 ) ;
#1867 = AXIS2_PLACEMENT_3D ( 'NONE', #3433, #2518, #1384 ) ;
#1868 = ORIENTED_EDGE ( 'NONE', *, *, #605, .F. ) ;
#1869 =( LENGTH_UNIT ( ) NAMED_UNIT ( * ) SI_UNIT ( .MILLI., .METRE. ) );
#1870 = VECTOR ( 'NONE', #2274, 1000.000000000000000 ) ;
#1871 =( LENGTH_UNIT ( ) NAMED_UNIT ( * ) SI_UNIT ( .MILLI., .METRE. ) );
#1872 = DIRECTION ( 'NONE',  ( -1.000000000000000000, -0.000000000000000000, -0.000000000000000000 ) ) ;
#1873 = AXIS2_PLACEMENT_3D ( 'NONE', #442, #2801, #691 ) ;
#1874 = COLOUR_RGB ( '',0.6666666666666666297, 0.6980392156862744724, 0.7686274509803920907 ) ;
#1875 = EDGE_CURVE ( 'NONE', #3053, #922, #2715, .T. ) ;
#1876 = SURFACE_STYLE_FILL_AREA ( #2321 ) ;
#1877 = FILL_AREA_STYLE ('',( #3685 ) ) ;
#1878 = FACE_OUTER_BOUND ( 'NONE', #205, .T. ) ;
#1879 = EDGE_LOOP ( 'NONE', ( #3754, #1008, #119, #2278, #1955, #973, #2341, #2537 ) ) ;
#1880 = PRESENTATION_STYLE_ASSIGNMENT (( #2207 ) ) ;
#1881 = FILL_AREA_STYLE ('',( #358 ) ) ;
#1882 = FILL_AREA_STYLE ('',( #3378 ) ) ;
#1883 = VERTEX_POINT ( 'NONE', #3721 ) ;
#1884 = STYLED_ITEM ( 'NONE', ( #3849 ), #2904 ) ;
#1885 = VECTOR ( 'NONE', #785, 1000.000000000000000 ) ;
#1886 = STYLED_ITEM ( 'NONE', ( #1993 ), #2496 ) ;
#1887 = PRESENTATION_LAYER_ASSIGNMENT (  '', '', ( #415 ) ) ;
#1888 = EDGE_CURVE ( 'NONE', #2683, #1845, #3088, .T. ) ;
#1889 = ORIENTED_EDGE ( 'NONE', *, *, #1766, .F. ) ;
#1890 = COLOUR_RGB ( '',0.1098039215686274495, 0.1098039215686274495, 0.1098039215686274495 ) ;
#1891 = MECHANICAL_DESIGN_GEOMETRIC_PRESENTATION_REPRESENTATION (  '', ( #234 ), #363 ) ;
#1892 = MECHANICAL_DESIGN_GEOMETRIC_PRESENTATION_REPRESENTATION (  '', ( #2266 ), #277 ) ;
#1893 = EDGE_LOOP ( 'NONE', ( #2487, #2780, #1, #505 ) ) ;
#1894 = CARTESIAN_POINT ( 'NONE',  ( 2.859999999999999876, 0.01436144552488709258, 5.002814941432550455 ) ) ;
#1895 = SURFACE_STYLE_FILL_AREA ( #1815 ) ;
#1896 = UNCERTAINTY_MEASURE_WITH_UNIT (LENGTH_MEASURE( 1.000000000000000082E-05 ), #1532, 'distance_accuracy_value', 'NONE');
#1897 = FILL_AREA_STYLE ('',( #1569 ) ) ;
#1898 = DIRECTION ( 'NONE',  ( 0.000000000000000000, 0.000000000000000000, -1.000000000000000000 ) ) ;
#1899 = FACE_OUTER_BOUND ( 'NONE', #3152, .T. ) ;
#1900 = ADVANCED_FACE ( 'NONE', ( #1832 ), #1325, .F. ) ;
#1901 = EDGE_CURVE ( 'NONE', #2308, #3369, #235, .T. ) ;
#1902 = ORIENTED_EDGE ( 'NONE', *, *, #1763, .F. ) ;
#1903 = DIRECTION ( 'NONE',  ( 0.000000000000000000, -1.000000000000000000, 0.000000000000000000 ) ) ;
#1904 = CARTESIAN_POINT ( 'NONE',  ( 1.719999999999999973, -0.1300000000000038070, 3.877570314550939035 ) ) ;
#1905 = ORIENTED_EDGE ( 'NONE', *, *, #815, .T. ) ;
#1906 = AXIS2_PLACEMENT_3D ( 'NONE', #580, #290, #1484 ) ;
#1907 = PRESENTATION_STYLE_ASSIGNMENT (( #924 ) ) ;
#1908 =( NAMED_UNIT ( * ) PLANE_ANGLE_UNIT ( ) SI_UNIT ( $, .RADIAN. ) );
#1909 = CARTESIAN_POINT ( 'NONE',  ( -2.529999999999999805, -0.000000000000000000, -4.379999999999999893 ) ) ;
#1910 = CARTESIAN_POINT ( 'NONE',  ( -3.364999999999999769, 2.379999999999999893, -3.109999999999999876 ) ) ;
#1911 = DIRECTION ( 'NONE',  ( -1.000000000000000000, -0.000000000000000000, -0.000000000000000000 ) ) ;
#1912 = STYLED_ITEM ( 'NONE', ( #3325 ), #1517 ) ;
#1913 = LINE ( 'NONE', #1239, #2623 ) ;
#1914 = SURFACE_STYLE_USAGE ( .BOTH. , #3377 ) ;
#1915 = ADVANCED_FACE ( 'NONE', ( #3785, #2527 ), #1377, .T. ) ;
#1916 = LINE ( 'NONE', #3068, #3183 ) ;
#1917 = DIRECTION ( 'NONE',  ( -9.227252531791525393E-17, -0.000000000000000000, 1.000000000000000000 ) ) ;
#1918 = DIRECTION ( 'NONE',  ( 1.000000000000000000, 0.000000000000000000, -0.000000000000000000 ) ) ;
#1919 = VECTOR ( 'NONE', #2292, 1000.000000000000227 ) ;
#1920 = SURFACE_SIDE_STYLE ('',( #1598 ) ) ;
#1921 = FACE_OUTER_BOUND ( 'NONE', #2783, .T. ) ;
#1922 = COLOUR_RGB ( '',0.6666666666666666297, 0.6980392156862744724, 0.7686274509803920907 ) ;
#1923 = EDGE_CURVE ( 'NONE', #1498, #2749, #1000, .T. ) ;
#1924 = ORIENTED_EDGE ( 'NONE', *, *, #331, .T. ) ;
#1925 = COLOUR_RGB ( '',0.1098039215686274495, 0.1098039215686274495, 0.1098039215686274495 ) ;
#1926 = COLOUR_RGB ( '',0.6666666666666666297, 0.6980392156862744724, 0.7686274509803920907 ) ;
#1927 =( NAMED_UNIT ( * ) PLANE_ANGLE_UNIT ( ) SI_UNIT ( $, .RADIAN. ) );
#1928 = ORIENTED_EDGE ( 'NONE', *, *, #3774, .F. ) ;
#1930 = CARTESIAN_POINT ( 'NONE',  ( 1.844999999999999751, 1.000000000000021760, 3.466369568594649397 ) ) ;
#1929 =( LENGTH_UNIT ( ) NAMED_UNIT ( * ) SI_UNIT ( .MILLI., .METRE. ) );
#1931 = CARTESIAN_POINT ( 'NONE',  ( 2.859999999999999876, 0.5000000000000210942, 5.002814941432550455 ) ) ;
#1932 = CARTESIAN_POINT ( 'NONE',  ( 2.730000000000000870, 0.000000000000000000, -3.109999999999999876 ) ) ;
#1933 = PRESENTATION_LAYER_ASSIGNMENT (  '', '', ( #3187 ) ) ;
#1934 = CARTESIAN_POINT ( 'NONE',  ( -1.844999999999999751, -0.1300000000000046674, 6.114895591585637113 ) ) ;
#1935 = ORIENTED_EDGE ( 'NONE', *, *, #1311, .T. ) ;
#1936 = PRESENTATION_LAYER_ASSIGNMENT (  '', '', ( #2188 ) ) ;
#1937 = VERTEX_POINT ( 'NONE', #715 ) ;
#1938 = PRESENTATION_STYLE_ASSIGNMENT (( #642 ) ) ;
#1939 =( GEOMETRIC_REPRESENTATION_CONTEXT ( 3 ) GLOBAL_UNCERTAINTY_ASSIGNED_CONTEXT ( ( #246 ) ) GLOBAL_UNIT_ASSIGNED_CONTEXT ( ( #2662, #1479, #2103 ) ) REPRESENTATION_CONTEXT ( 'NONE', 'WORKASPACE' ) );
#1940 = EDGE_CURVE ( 'NONE', #388, #3824, #3615, .T. ) ;
#1941 = SURFACE_SIDE_STYLE ('',( #3322 ) ) ;
#1942 = UNCERTAINTY_MEASURE_WITH_UNIT (LENGTH_MEASURE( 1.000000000000000082E-05 ), #1103, 'distance_accuracy_value', 'NONE');
#1943 = STYLED_ITEM ( 'NONE', ( #3179 ), #1900 ) ;
#1944 = ORIENTED_EDGE ( 'NONE', *, *, #603, .T. ) ;
#1945 = CARTESIAN_POINT ( 'NONE',  ( -3.364999999999999769, 1.000000000000021760, 3.109999999999998987 ) ) ;
#1946 = ORIENTED_EDGE ( 'NONE', *, *, #839, .F. ) ;
#1947 = LINE ( 'NONE', #3519, #3261 ) ;
#1949 = SURFACE_SIDE_STYLE ('',( #2972 ) ) ;
#1948 =( LENGTH_UNIT ( ) NAMED_UNIT ( * ) SI_UNIT ( .MILLI., .METRE. ) );
#1950 = CARTESIAN_POINT ( 'NONE',  ( 3.365000000000000657, 1.000000000000021760, -3.109999999999999876 ) ) ;
#1951 =( NAMED_UNIT ( * ) SI_UNIT ( $, .STERADIAN. ) SOLID_ANGLE_UNIT ( ) );
#1952 = CARTESIAN_POINT ( 'NONE',  ( -0.5699999999999999512, 1.610000000000021636, 3.109999999999998987 ) ) ;
#1953 = VECTOR ( 'NONE', #2943, 1000.000000000000000 ) ;
#1954 = EDGE_CURVE ( 'NONE', #1596, #1530, #620, .T. ) ;
#1955 = ORIENTED_EDGE ( 'NONE', *, *, #2199, .T. ) ;
#1956 = CARTESIAN_POINT ( 'NONE',  ( -1.720000000000000195, 1.531025676947492142, 3.877570314550939923 ) ) ;
#1957 = ORIENTED_EDGE ( 'NONE', *, *, #1287, .T. ) ;
#1958 = EDGE_CURVE ( 'NONE', #1883, #1490, #1689, .T. ) ;
#1959 = CARTESIAN_POINT ( 'NONE',  ( 0.7500000000000000000, 0.6099999999999999867, -2.310000000000000053 ) ) ;
#1960 = PRESENTATION_STYLE_ASSIGNMENT (( #2608 ) ) ;
#1961 = STYLED_ITEM ( 'NONE', ( #2167 ), #3000 ) ;
#1962 =( NAMED_UNIT ( * ) SI_UNIT ( $, .STERADIAN. ) SOLID_ANGLE_UNIT ( ) );
#1963 = LINE ( 'NONE', #201, #1191 ) ;
#1964 =( NAMED_UNIT ( * ) PLANE_ANGLE_UNIT ( ) SI_UNIT ( $, .RADIAN. ) );
#1965 = DIRECTION ( 'NONE',  ( -1.000000000000000000, -0.000000000000000000, -0.000000000000000000 ) ) ;
#1966 = ORIENTED_EDGE ( 'NONE', *, *, #2882, .T. ) ;
#1967 = VECTOR ( 'NONE', #671, 1000.000000000000000 ) ;
#1968 = DIRECTION ( 'NONE',  ( -1.000000000000000000, 0.000000000000000000, 0.000000000000000000 ) ) ;
#1969 =( GEOMETRIC_REPRESENTATION_CONTEXT ( 3 ) GLOBAL_UNCERTAINTY_ASSIGNED_CONTEXT ( ( #989 ) ) GLOBAL_UNIT_ASSIGNED_CONTEXT ( ( #2560, #1686, #1046 ) ) REPRESENTATION_CONTEXT ( 'NONE', 'WORKASPACE' ) );
#1970 = CIRCLE ( 'NONE', #1084, 0.4999999999999995559 ) ;
#1971 = FILL_AREA_STYLE ('',( #1372 ) ) ;
#1972 =( GEOMETRIC_REPRESENTATION_CONTEXT ( 3 ) GLOBAL_UNCERTAINTY_ASSIGNED_CONTEXT ( ( #1420 ) ) GLOBAL_UNIT_ASSIGNED_CONTEXT ( ( #3057, #395, #2190 ) ) REPRESENTATION_CONTEXT ( 'NONE', 'WORKASPACE' ) );
#1973 = CIRCLE ( 'NONE', #1113, 1.109999999999998987 ) ;
#1974 = VERTEX_POINT ( 'NONE', #3812 ) ;
#1975 = SURFACE_SIDE_STYLE ('',( #1329 ) ) ;
#1976 =( NAMED_UNIT ( * ) SI_UNIT ( $, .STERADIAN. ) SOLID_ANGLE_UNIT ( ) );
#1978 = PLANE ( 'NONE',  #3020 ) ;
#1977 =( NAMED_UNIT ( * ) PLANE_ANGLE_UNIT ( ) SI_UNIT ( $, .RADIAN. ) );
#1979 = CARTESIAN_POINT ( 'NONE',  ( 2.734999999999999876, -0.1300000000000001155, 6.030000000000000249 ) ) ;
#1980 = ORIENTED_EDGE ( 'NONE', *, *, #3295, .F. ) ;
#1981 = DIRECTION ( 'NONE',  ( 0.000000000000000000, 0.1391731009600587488, -0.9902680687415712502 ) ) ;
#1982 = LINE ( 'NONE', #1608, #389 ) ;
#1983 = DIRECTION ( 'NONE',  ( 0.000000000000000000, 0.000000000000000000, 1.000000000000000000 ) ) ;
#1984 = ORIENTED_EDGE ( 'NONE', *, *, #3205, .F. ) ;
#1985 = DIRECTION ( 'NONE',  ( 0.000000000000000000, 0.000000000000000000, -1.000000000000000000 ) ) ;
#1986 = LINE ( 'NONE', #2593, #812 ) ;
#1987 = EDGE_CURVE ( 'NONE', #3012, #3172, #1139, .T. ) ;
#1988 = PRESENTATION_STYLE_ASSIGNMENT (( #3689 ) ) ;
#1989 = MECHANICAL_DESIGN_GEOMETRIC_PRESENTATION_REPRESENTATION (  '', ( #1509 ), #3110 ) ;
#1990 = FILL_AREA_STYLE ('',( #1394 ) ) ;
#1991 = ORIENTED_EDGE ( 'NONE', *, *, #44, .F. ) ;
#1992 = FILL_AREA_STYLE_COLOUR ( '', #2960 ) ;
#1993 = PRESENTATION_STYLE_ASSIGNMENT (( #276 ) ) ;
#1994 = VERTEX_POINT ( 'NONE', #491 ) ;
#1995 = SURFACE_SIDE_STYLE ('',( #3332 ) ) ;
#1996 = CARTESIAN_POINT ( 'NONE',  ( -2.730000000000000426, 0.6099999999999999867, 0.8200000000000003952 ) ) ;
#1997 =( GEOMETRIC_REPRESENTATION_CONTEXT ( 3 ) GLOBAL_UNCERTAINTY_ASSIGNED_CONTEXT ( ( #2786 ) ) GLOBAL_UNIT_ASSIGNED_CONTEXT ( ( #1051, #1379, #3124 ) ) REPRESENTATION_CONTEXT ( 'NONE', 'WORKASPACE' ) );
#1998 =( NAMED_UNIT ( * ) PLANE_ANGLE_UNIT ( ) SI_UNIT ( $, .RADIAN. ) );
#1999 = MECHANICAL_DESIGN_GEOMETRIC_PRESENTATION_REPRESENTATION (  '', ( #2188 ), #55 ) ;
#2000 = FILL_AREA_STYLE_COLOUR ( '', #1600 ) ;
#2001 = ORIENTED_EDGE ( 'NONE', *, *, #1688, .T. ) ;
#2002 = DIRECTION ( 'NONE',  ( -1.000000000000000000, -0.000000000000000000, -0.000000000000000000 ) ) ;
#2003 = UNCERTAINTY_MEASURE_WITH_UNIT (LENGTH_MEASURE( 1.000000000000000082E-05 ), #3479, 'distance_accuracy_value', 'NONE');
#2004 = CARTESIAN_POINT ( 'NONE',  ( 0.000000000000000000, 2.379999999999999893, 0.000000000000000000 ) ) ;
#2005 = FILL_AREA_STYLE_COLOUR ( '', #1108 ) ;
#2006 = ORIENTED_EDGE ( 'NONE', *, *, #2155, .F. ) ;
#2007 = DIRECTION ( 'NONE',  ( 1.000000000000000000, 0.000000000000000000, 0.000000000000000000 ) ) ;
#2008 = DIRECTION ( 'NONE',  ( -0.000000000000000000, 1.000000000000000000, 4.293869990041603930E-16 ) ) ;
#2009 =( GEOMETRIC_REPRESENTATION_CONTEXT ( 3 ) GLOBAL_UNCERTAINTY_ASSIGNED_CONTEXT ( ( #1306 ) ) GLOBAL_UNIT_ASSIGNED_CONTEXT ( ( #401, #675, #1578 ) ) REPRESENTATION_CONTEXT ( 'NONE', 'WORKASPACE' ) );
#2010 = CARTESIAN_POINT ( 'NONE',  ( -0.7500000000000000000, 0.6099999999999999867, -2.310000000000000053 ) ) ;
#2011 = FILL_AREA_STYLE_COLOUR ( '', #193 ) ;
#2012 = EDGE_CURVE ( 'NONE', #3021, #2916, #336, .T. ) ;
#2013 = FILL_AREA_STYLE ('',( #1736 ) ) ;
#2014 = SURFACE_SIDE_STYLE ('',( #2637 ) ) ;
#2015 = VERTEX_POINT ( 'NONE', #3780 ) ;
#2016 = SURFACE_STYLE_USAGE ( .BOTH. , #3793 ) ;
#2017 = SURFACE_STYLE_FILL_AREA ( #3520 ) ;
#2018 = STYLED_ITEM ( 'NONE', ( #1843 ), #2806 ) ;
#2019 = FILL_AREA_STYLE_COLOUR ( '', #3658 ) ;
#2020 = STYLED_ITEM ( 'NONE', ( #1938 ), #2509 ) ;
#2021 = DIRECTION ( 'NONE',  ( 0.000000000000000000, 0.000000000000000000, 1.000000000000000000 ) ) ;
#2022 = DIRECTION ( 'NONE',  ( 0.000000000000000000, -1.000000000000000000, -4.293869990041603930E-16 ) ) ;
#2023 = UNCERTAINTY_MEASURE_WITH_UNIT (LENGTH_MEASURE( 1.000000000000000082E-05 ), #3831, 'distance_accuracy_value', 'NONE');
#2024 = DIRECTION ( 'NONE',  ( 1.000000000000000000, 0.000000000000000000, 0.000000000000000000 ) ) ;
#2025 = MECHANICAL_DESIGN_GEOMETRIC_PRESENTATION_REPRESENTATION (  '', ( #57 ), #3139 ) ;
#2026 = EDGE_CURVE ( 'NONE', #3729, #315, #3413, .T. ) ;
#2027 = FACE_OUTER_BOUND ( 'NONE', #1723, .T. ) ;
#2028 = VECTOR ( 'NONE', #1096, 1000.000000000000000 ) ;
#2029 = CARTESIAN_POINT ( 'NONE',  ( 3.237122485845435271, 0.09010420761084771135, 2.982122485845433602 ) ) ;
#2030 = SURFACE_STYLE_FILL_AREA ( #1142 ) ;
#2031 = CARTESIAN_POINT ( 'NONE',  ( -1.719999999999999973, -0.1300000000000042510, 5.002814941432550455 ) ) ;
#2032 = CARTESIAN_POINT ( 'NONE',  ( -2.730000000000000426, 0.6099999999999999867, 0.8200000000000003952 ) ) ;
#2033 = STYLED_ITEM ( 'NONE', ( #3361 ), #2140 ) ;
#2034 = CARTESIAN_POINT ( 'NONE',  ( -2.859999999999999876, -0.1300000000000038070, 3.877570314550939035 ) ) ;
#2035 = FACE_OUTER_BOUND ( 'NONE', #3219, .T. ) ;
#2036 = PLANE ( 'NONE',  #1554 ) ;
#2037 = CARTESIAN_POINT ( 'NONE',  ( 3.194901033438992233, 2.820317036477051342, -2.799360198736599248 ) ) ;
#2038 = VECTOR ( 'NONE', #723, 1000.000000000000000 ) ;
#2039 = ORIENTED_EDGE ( 'NONE', *, *, #1029, .F. ) ;
#2040 = COLOUR_RGB ( '',0.6666666666666666297, 0.6980392156862744724, 0.7686274509803920907 ) ;
#2041 =( LENGTH_UNIT ( ) NAMED_UNIT ( * ) SI_UNIT ( .MILLI., .METRE. ) );
#2042 = DIRECTION ( 'NONE',  ( 1.000000000000000000, 0.000000000000000000, 0.000000000000000000 ) ) ;
#2043 = DIRECTION ( 'NONE',  ( 0.000000000000000000, 0.000000000000000000, 1.000000000000000000 ) ) ;
#2044 = APPLICATION_CONTEXT ( 'automotive_design' ) ;
#2045 = DIRECTION ( 'NONE',  ( -1.000000000000000000, -0.000000000000000000, -0.000000000000000000 ) ) ;
#2046 = ORIENTED_EDGE ( 'NONE', *, *, #273, .F. ) ;
#2047 = DIRECTION ( 'NONE',  ( -0.000000000000000000, 0.1391731009600587488, -0.9902680687415712502 ) ) ;
#2048 = CARTESIAN_POINT ( 'NONE',  ( -1.720000000000000195, 1.245490299132050893, 4.288771060507229116 ) ) ;
#2049 = EDGE_CURVE ( 'NONE', #3715, #388, #92, .T. ) ;
#2050 = VERTEX_POINT ( 'NONE', #2584 ) ;
#2051 = ORIENTED_EDGE ( 'NONE', *, *, #2486, .T. ) ;
#2052 = ORIENTED_EDGE ( 'NONE', *, *, #697, .T. ) ;
#2053 = CARTESIAN_POINT ( 'NONE',  ( -1.720000000000000195, 1.125490299132028804, 5.072401491912580163 ) ) ;
#2054 = CARTESIAN_POINT ( 'NONE',  ( 2.734999999999999876, -0.1300000000000046396, 6.030000000000033111 ) ) ;
#2055 = DIRECTION ( 'NONE',  ( -1.000000000000000000, -0.000000000000000000, -0.000000000000000000 ) ) ;
#2056 = PRODUCT_DEFINITION_FORMATION_WITH_SPECIFIED_SOURCE ( 'ANY', '', #149, .NOT_KNOWN. ) ;
#2057 = DIRECTION ( 'NONE',  ( 1.000000000000000000, 0.000000000000000000, -0.000000000000000000 ) ) ;
#2058 = MECHANICAL_DESIGN_GEOMETRIC_PRESENTATION_REPRESENTATION (  '', ( #2565 ), #3586 ) ;
#2059 = DIRECTION ( 'NONE',  ( 9.227252531791524161E-17, 0.000000000000000000, -1.000000000000000000 ) ) ;
#2060 = DIRECTION ( 'NONE',  ( -0.000000000000000000, -1.000000000000000000, -0.000000000000000000 ) ) ;
#2061 = CARTESIAN_POINT ( 'NONE',  ( -0.7500000000000000000, 0.6099999999999999867, -2.559999999999999165 ) ) ;
#2062 = CARTESIAN_POINT ( 'NONE',  ( 2.730000000000000870, 0.6099999999999999867, -3.109999999999993658 ) ) ;
#2063 = DIRECTION ( 'NONE',  ( 0.000000000000000000, 0.7409022449662876486, -0.6716128821009280658 ) ) ;
#2064 = DIRECTION ( 'NONE',  ( 0.000000000000000000, 4.293869990041603930E-16, -1.000000000000000000 ) ) ;
#2065 = VERTEX_POINT ( 'NONE', #3196 ) ;
#2066 = ORIENTED_EDGE ( 'NONE', *, *, #3328, .T. ) ;
#2067 = SURFACE_STYLE_USAGE ( .BOTH. , #1135 ) ;
#2068 =( NAMED_UNIT ( * ) PLANE_ANGLE_UNIT ( ) SI_UNIT ( $, .RADIAN. ) );
#2069 = CYLINDRICAL_SURFACE ( 'NONE', #3224, 1.109999999999999876 ) ;
#2070 = SURFACE_SIDE_STYLE ('',( #2980 ) ) ;
#2071 = ORIENTED_EDGE ( 'NONE', *, *, #2276, .F. ) ;
#2072 = FACE_OUTER_BOUND ( 'NONE', #1639, .T. ) ;
#2073 = FILL_AREA_STYLE_COLOUR ( '', #2457 ) ;
#2074 = FILL_AREA_STYLE ('',( #886 ) ) ;
#2075 = VECTOR ( 'NONE', #457, 1000.000000000000000 ) ;
#2076 = UNCERTAINTY_MEASURE_WITH_UNIT (LENGTH_MEASURE( 1.000000000000000082E-05 ), #3038, 'distance_accuracy_value', 'NONE');
#2077 = LINE ( 'NONE', #402, #1593 ) ;
#2078 = PRESENTATION_LAYER_ASSIGNMENT (  '', '', ( #107 ) ) ;
#2079 = FILL_AREA_STYLE_COLOUR ( '', #1369 ) ;
#2080 = LINE ( 'NONE', #1278, #1198 ) ;
#2081 = DIRECTION ( 'NONE',  ( 0.000000000000000000, -1.000000000000000000, 0.000000000000000000 ) ) ;
#2082 = CARTESIAN_POINT ( 'NONE',  ( 2.730000000000000870, 0.000000000000000000, -3.880000000000000338 ) ) ;
#2083 =( GEOMETRIC_REPRESENTATION_CONTEXT ( 3 ) GLOBAL_UNCERTAINTY_ASSIGNED_CONTEXT ( ( #2109 ) ) GLOBAL_UNIT_ASSIGNED_CONTEXT ( ( #3181, #3493, #1699 ) ) REPRESENTATION_CONTEXT ( 'NONE', 'WORKASPACE' ) );
#2084 = LINE ( 'NONE', #2342, #805 ) ;
#2085 = DIRECTION ( 'NONE',  ( 0.000000000000000000, 0.000000000000000000, -1.000000000000000000 ) ) ;
#2086 = VERTEX_POINT ( 'NONE', #3768 ) ;
#2087 = LINE ( 'NONE', #3798, #808 ) ;
#2088 =( NAMED_UNIT ( * ) PLANE_ANGLE_UNIT ( ) SI_UNIT ( $, .RADIAN. ) );
#2089 = CARTESIAN_POINT ( 'NONE',  ( 2.730000000000000426, 0.6099999999999999867, 0.8200000000000003952 ) ) ;
#2090 = ORIENTED_EDGE ( 'NONE', *, *, #1336, .T. ) ;
#2091 = SURFACE_SIDE_STYLE ('',( #1125 ) ) ;
#2092 = COLOUR_RGB ( '',0.6666666666666666297, 0.6980392156862744724, 0.7686274509803920907 ) ;
#2093 = AXIS2_PLACEMENT_3D ( 'NONE', #3175, #3515, #1720 ) ;
#2094 =( NAMED_UNIT ( * ) PLANE_ANGLE_UNIT ( ) SI_UNIT ( $, .RADIAN. ) );
#2095 = VERTEX_POINT ( 'NONE', #2596 ) ;
#2096 = DIRECTION ( 'NONE',  ( -1.000000000000000000, -0.000000000000000000, -0.000000000000000000 ) ) ;
#2097 = EDGE_CURVE ( 'NONE', #3314, #3669, #2478, .T. ) ;
#2098 = ORIENTED_EDGE ( 'NONE', *, *, #1824, .F. ) ;
#2099 = FACE_OUTER_BOUND ( 'NONE', #1248, .T. ) ;
#2100 = FILL_AREA_STYLE ('',( #3561 ) ) ;
#2101 = DIRECTION ( 'NONE',  ( -1.000000000000000000, -0.000000000000000000, -0.000000000000000000 ) ) ;
#2102 = UNCERTAINTY_MEASURE_WITH_UNIT (LENGTH_MEASURE( 1.000000000000000082E-05 ), #147, 'distance_accuracy_value', 'NONE');
#2103 =( NAMED_UNIT ( * ) SI_UNIT ( $, .STERADIAN. ) SOLID_ANGLE_UNIT ( ) );
#2104 = PRESENTATION_LAYER_ASSIGNMENT (  '', '', ( #2976 ) ) ;
#2105 = ORIENTED_EDGE ( 'NONE', *, *, #1675, .T. ) ;
#2106 = AXIS2_PLACEMENT_3D ( 'NONE', #2983, #3262, #3573 ) ;
#2107 =( GEOMETRIC_REPRESENTATION_CONTEXT ( 3 ) GLOBAL_UNCERTAINTY_ASSIGNED_CONTEXT ( ( #999 ) ) GLOBAL_UNIT_ASSIGNED_CONTEXT ( ( #190, #517, #769 ) ) REPRESENTATION_CONTEXT ( 'NONE', 'WORKASPACE' ) );
#2108 = EDGE_CURVE ( 'NONE', #1194, #3824, #3280, .T. ) ;
#2109 = UNCERTAINTY_MEASURE_WITH_UNIT (LENGTH_MEASURE( 1.000000000000000082E-05 ), #3181, 'distance_accuracy_value', 'NONE');
#2110 = DIRECTION ( 'NONE',  ( -1.000000000000000000, -0.000000000000000000, -0.000000000000000000 ) ) ;
#2111 = AXIS2_PLACEMENT_3D ( 'NONE', #890, #2380, #3260 ) ;
#2112 = ADVANCED_FACE ( 'NONE', ( #2118 ), #1443, .F. ) ;
#2113 = ORIENTED_EDGE ( 'NONE', *, *, #3284, .T. ) ;
#2114 = DIRECTION ( 'NONE',  ( -0.000000000000000000, -1.000000000000000000, -0.000000000000000000 ) ) ;
#2115 = FACE_OUTER_BOUND ( 'NONE', #3629, .T. ) ;
#2116 = SURFACE_SIDE_STYLE ('',( #3605 ) ) ;
#2117 = LINE ( 'NONE', #2029, #992 ) ;
#2118 = FACE_OUTER_BOUND ( 'NONE', #1879, .T. ) ;
#2119 = CYLINDRICAL_SURFACE ( 'NONE', #3481, 0.2499999999999993616 ) ;
#2120 = EDGE_CURVE ( 'NONE', #155, #2547, #524, .T. ) ;
#2121 = COLOUR_RGB ( '',0.1098039215686274495, 0.1098039215686274495, 0.1098039215686274495 ) ;
#2122 = FILL_AREA_STYLE_COLOUR ( '', #1058 ) ;
#2123 = MECHANICAL_DESIGN_GEOMETRIC_PRESENTATION_REPRESENTATION (  '', ( #2911 ), #3180 ) ;
#2124 = DIRECTION ( 'NONE',  ( -1.000000000000000000, -0.000000000000000000, -0.000000000000000000 ) ) ;
#2125 = UNCERTAINTY_MEASURE_WITH_UNIT (LENGTH_MEASURE( 1.000000000000000082E-05 ), #3687, 'distance_accuracy_value', 'NONE');
#2126 =( NAMED_UNIT ( * ) SI_UNIT ( $, .STERADIAN. ) SOLID_ANGLE_UNIT ( ) );
#2127 = VECTOR ( 'NONE', #1009, 1000.000000000000000 ) ;
#2128 = SURFACE_STYLE_FILL_AREA ( #1419 ) ;
#2129 = VERTEX_POINT ( 'NONE', #504 ) ;
#2130 = SURFACE_STYLE_FILL_AREA ( #3321 ) ;
#2131 = ORIENTED_EDGE ( 'NONE', *, *, #3087, .F. ) ;
#2132 = CARTESIAN_POINT ( 'NONE',  ( -0.7500000000000000000, 0.6099999999999999867, -2.559999999999999165 ) ) ;
#2133 = SURFACE_STYLE_USAGE ( .BOTH. , #627 ) ;
#2134 = VERTEX_POINT ( 'NONE', #2914 ) ;
#2135 =( NAMED_UNIT ( * ) PLANE_ANGLE_UNIT ( ) SI_UNIT ( $, .RADIAN. ) );
#2136 = ORIENTED_EDGE ( 'NONE', *, *, #891, .F. ) ;
#2137 = VERTEX_POINT ( 'NONE', #3209 ) ;
#2138 = DIRECTION ( 'NONE',  ( -0.000000000000000000, -1.000000000000000000, -0.000000000000000000 ) ) ;
#2139 = EDGE_CURVE ( 'NONE', #3012, #2848, #3276, .T. ) ;
#2140 = ADVANCED_FACE ( 'NONE', ( #578 ), #2567, .F. ) ;
#2141 = UNCERTAINTY_MEASURE_WITH_UNIT (LENGTH_MEASURE( 1.000000000000000082E-05 ), #2767, 'distance_accuracy_value', 'NONE');
#2142 = DIRECTION ( 'NONE',  ( 1.000000000000000000, -0.000000000000000000, 0.000000000000000000 ) ) ;
#2143 = LINE ( 'NONE', #3265, #3818 ) ;
#2144 = AXIS2_PLACEMENT_3D ( 'NONE', #2152, #692, #65 ) ;
#2145 = PRESENTATION_LAYER_ASSIGNMENT (  '', '', ( #738 ) ) ;
#2146 = AXIS2_PLACEMENT_3D ( 'NONE', #3647, #596, #2376 ) ;
#2147 = EDGE_CURVE ( 'NONE', #2405, #1170, #424, .T. ) ;
#2148 = VERTEX_POINT ( 'NONE', #2944 ) ;
#2149 =( NAMED_UNIT ( * ) SI_UNIT ( $, .STERADIAN. ) SOLID_ANGLE_UNIT ( ) );
#2150 =( GEOMETRIC_REPRESENTATION_CONTEXT ( 3 ) GLOBAL_UNCERTAINTY_ASSIGNED_CONTEXT ( ( #3159 ) ) GLOBAL_UNIT_ASSIGNED_CONTEXT ( ( #3711, #3445, #729 ) ) REPRESENTATION_CONTEXT ( 'NONE', 'WORKASPACE' ) );
#2151 =( LENGTH_UNIT ( ) NAMED_UNIT ( * ) SI_UNIT ( .MILLI., .METRE. ) );
#2152 = CARTESIAN_POINT ( 'NONE',  ( 2.859999999999999876, 0.5000000000000216493, 3.466369568594649397 ) ) ;
#2153 = LINE ( 'NONE', #837, #2996 ) ;
#2154 =( GEOMETRIC_REPRESENTATION_CONTEXT ( 3 ) GLOBAL_UNCERTAINTY_ASSIGNED_CONTEXT ( ( #666 ) ) GLOBAL_UNIT_ASSIGNED_CONTEXT ( ( #405, #682, #3681 ) ) REPRESENTATION_CONTEXT ( 'NONE', 'WORKASPACE' ) );
#2155 = EDGE_CURVE ( 'NONE', #1596, #2217, #1970, .T. ) ;
#2156 = VERTEX_POINT ( 'NONE', #1133 ) ;
#2157 = VECTOR ( 'NONE', #1690, 1000.000000000000000 ) ;
#2158 = DIRECTION ( 'NONE',  ( -1.000000000000000000, 0.000000000000000000, 0.000000000000000000 ) ) ;
#2159 = EDGE_CURVE ( 'NONE', #2749, #2148, #3079, .T. ) ;
#2160 = CARTESIAN_POINT ( 'NONE',  ( -3.310189074466058923, 0.6099999999999539124, -3.109999999999999876 ) ) ;
#2161 = ADVANCED_FACE ( 'NONE', ( #3656 ), #3525, .F. ) ;
#2162 = PRESENTATION_LAYER_ASSIGNMENT (  '', '', ( #1961 ) ) ;
#2163 = FILL_AREA_STYLE ('',( #708 ) ) ;
#2164 = VERTEX_POINT ( 'NONE', #1759 ) ;
#2165 = VERTEX_POINT ( 'NONE', #2362 ) ;
#2166 = FACE_OUTER_BOUND ( 'NONE', #3506, .T. ) ;
#2167 = PRESENTATION_STYLE_ASSIGNMENT (( #1203 ) ) ;
#2168 =( GEOMETRIC_REPRESENTATION_CONTEXT ( 3 ) GLOBAL_UNCERTAINTY_ASSIGNED_CONTEXT ( ( #3810 ) ) GLOBAL_UNIT_ASSIGNED_CONTEXT ( ( #2629, #1704, #1458 ) ) REPRESENTATION_CONTEXT ( 'NONE', 'WORKASPACE' ) );
#2169 = ORIENTED_EDGE ( 'NONE', *, *, #1875, .F. ) ;
#2170 = AXIS2_PLACEMENT_3D ( 'NONE', #285, #2917, #3212 ) ;
#2171 = CARTESIAN_POINT ( 'NONE',  ( -3.364999999999999769, 1.000000000000021538, -3.055189074466059029 ) ) ;
#2172 = ADVANCED_FACE ( 'NONE', ( #2294 ), #879, .T. ) ;
#2173 = ORIENTED_EDGE ( 'NONE', *, *, #273, .T. ) ;
#2174 = SURFACE_STYLE_USAGE ( .BOTH. , #1007 ) ;
#2175 = DIRECTION ( 'NONE',  ( 0.000000000000000000, -0.1391731009600587488, 0.9902680687415712502 ) ) ;
#2176 = ADVANCED_FACE ( 'NONE', ( #2663 ), #2069, .T. ) ;
#2177 = EDGE_CURVE ( 'NONE', #1994, #2308, #1680, .T. ) ;
#2178 = FILL_AREA_STYLE_COLOUR ( '', #3319 ) ;
#2179 = UNCERTAINTY_MEASURE_WITH_UNIT (LENGTH_MEASURE( 1.000000000000000082E-05 ), #3423, 'distance_accuracy_value', 'NONE');
#2180 = PRESENTATION_LAYER_ASSIGNMENT (  '', '', ( #2611 ) ) ;
#2181 = SURFACE_STYLE_FILL_AREA ( #353 ) ;
#2182 = FILL_AREA_STYLE_COLOUR ( '', #1246 ) ;
#2183 = PLANE ( 'NONE',  #3162 ) ;
#2184 = FILL_AREA_STYLE_COLOUR ( '', #3743 ) ;
#2185 = CARTESIAN_POINT ( 'NONE',  ( 2.734999999999999876, 1.000000000000021760, 3.466369568594649397 ) ) ;
#2186 = VERTEX_POINT ( 'NONE', #2082 ) ;
#2187 = STYLED_ITEM ( 'NONE', ( #948 ), #3349 ) ;
#2188 = STYLED_ITEM ( 'NONE', ( #490 ), #1273 ) ;
#2189 = FACE_OUTER_BOUND ( 'NONE', #645, .T. ) ;
#2190 =( NAMED_UNIT ( * ) SI_UNIT ( $, .STERADIAN. ) SOLID_ANGLE_UNIT ( ) );
#2191 = LINE ( 'NONE', #261, #541 ) ;
#2192 = CARTESIAN_POINT ( 'NONE',  ( 2.734999999999999876, 1.610000000000021636, 3.466369568594649397 ) ) ;
#2193 = ORIENTED_EDGE ( 'NONE', *, *, #407, .T. ) ;
#2195 = DIRECTION ( 'NONE',  ( 0.000000000000000000, 0.000000000000000000, -1.000000000000000000 ) ) ;
#2194 = DIRECTION ( 'NONE',  ( 0.000000000000000000, 0.000000000000000000, -1.000000000000000000 ) ) ;
#2196 = ADVANCED_FACE ( 'NONE', ( #2522 ), #2352, .F. ) ;
#2197 = VECTOR ( 'NONE', #1539, 1000.000000000000000 ) ;
#2198 =( GEOMETRIC_REPRESENTATION_CONTEXT ( 3 ) GLOBAL_UNCERTAINTY_ASSIGNED_CONTEXT ( ( #2179 ) ) GLOBAL_UNIT_ASSIGNED_CONTEXT ( ( #3423, #1647, #144 ) ) REPRESENTATION_CONTEXT ( 'NONE', 'WORKASPACE' ) );
#2199 = EDGE_CURVE ( 'NONE', #2793, #3539, #2619, .T. ) ;
#2200 = PRESENTATION_STYLE_ASSIGNMENT (( #2846 ) ) ;
#2201 = EDGE_CURVE ( 'NONE', #2941, #2289, #182, .T. ) ;
#2202 = SURFACE_STYLE_USAGE ( .BOTH. , #3697 ) ;
#2203 = DIRECTION ( 'NONE',  ( 0.000000000000000000, 0.000000000000000000, 1.000000000000000000 ) ) ;
#2204 = ORIENTED_EDGE ( 'NONE', *, *, #2880, .F. ) ;
#2205 = FACE_OUTER_BOUND ( 'NONE', #1648, .T. ) ;
#2207 = SURFACE_STYLE_USAGE ( .BOTH. , #1949 ) ;
#2206 =( NAMED_UNIT ( * ) SI_UNIT ( $, .STERADIAN. ) SOLID_ANGLE_UNIT ( ) );
#2208 = LINE ( 'NONE', #2981, #439 ) ;
#2209 = CARTESIAN_POINT ( 'NONE',  ( 0.5699999999999999512, 1.000000000000021760, 3.109999999999998987 ) ) ;
#2210 = CARTESIAN_POINT ( 'NONE',  ( 3.310189074466059811, 0.6099999999999539124, -3.109999999999999876 ) ) ;
#2211 = ORIENTED_EDGE ( 'NONE', *, *, #3682, .T. ) ;
#2212 = MECHANICAL_DESIGN_GEOMETRIC_PRESENTATION_REPRESENTATION (  '', ( #2420 ), #2691 ) ;
#2213 = PLANE ( 'NONE',  #3268 ) ;
#2214 = PRESENTATION_STYLE_ASSIGNMENT (( #3770 ) ) ;
#2215 = MECHANICAL_DESIGN_GEOMETRIC_PRESENTATION_REPRESENTATION (  '', ( #2993 ), #3599 ) ;
#2216 = EDGE_CURVE ( 'NONE', #1490, #3669, #231, .T. ) ;
#2217 = VERTEX_POINT ( 'NONE', #1772 ) ;
#2218 = FILL_AREA_STYLE_COLOUR ( '', #5 ) ;
#2219 = ADVANCED_FACE ( 'NONE', ( #371, #3403 ), #3834, .T. ) ;
#2220 = MECHANICAL_DESIGN_GEOMETRIC_PRESENTATION_REPRESENTATION (  '', ( #1030 ), #2893 ) ;
#2221 = VERTEX_POINT ( 'NONE', #2937 ) ;
#2222 = DIRECTION ( 'NONE',  ( 0.000000000000000000, 0.000000000000000000, -1.000000000000000000 ) ) ;
#2223 = ORIENTED_EDGE ( 'NONE', *, *, #3341, .F. ) ;
#2225 = CARTESIAN_POINT ( 'NONE',  ( -0.7500000000000000000, 0.6099999999999999867, -2.060000000000000497 ) ) ;
#2224 =( NAMED_UNIT ( * ) SI_UNIT ( $, .STERADIAN. ) SOLID_ANGLE_UNIT ( ) );
#2226 = CARTESIAN_POINT ( 'NONE',  ( 2.734999999999999876, -0.1300000000000033906, 3.109999999999998099 ) ) ;
#2227 =( NAMED_UNIT ( * ) SI_UNIT ( $, .STERADIAN. ) SOLID_ANGLE_UNIT ( ) );
#2228 = UNCERTAINTY_MEASURE_WITH_UNIT (LENGTH_MEASURE( 1.000000000000000082E-05 ), #1645, 'distance_accuracy_value', 'NONE');
#2229 = EDGE_CURVE ( 'NONE', #841, #2129, #1963, .T. ) ;
#2230 = LINE ( 'NONE', #3195, #460 ) ;
#2231 = FILL_AREA_STYLE_COLOUR ( '', #3517 ) ;
#2232 = ORIENTED_EDGE ( 'NONE', *, *, #2139, .F. ) ;
#2233 = ORIENTED_EDGE ( 'NONE', *, *, #2353, .F. ) ;
#2234 = ORIENTED_EDGE ( 'NONE', *, *, #2679, .F. ) ;
#2236 = CARTESIAN_POINT ( 'NONE',  ( -1.844999999999999751, 0.4740635219323601213, 6.114895591585637113 ) ) ;
#2235 = PLANE ( 'NONE',  #360 ) ;
#2237 = SURFACE_SIDE_STYLE ('',( #855 ) ) ;
#2238 = CARTESIAN_POINT ( 'NONE',  ( 0.7500000000000000000, 0.000000000000000000, -2.559999999999999165 ) ) ;
#2239 = CARTESIAN_POINT ( 'NONE',  ( -1.720000000000000195, 0.5000000000000216493, 3.466369568594649397 ) ) ;
#2240 = CARTESIAN_POINT ( 'NONE',  ( -1.720000000000000195, 0.6303562647612435121, 5.002814941432550455 ) ) ;
#2241 = VECTOR ( 'NONE', #175, 1000.000000000000000 ) ;
#2242 = PRESENTATION_LAYER_ASSIGNMENT (  '', '', ( #447 ) ) ;
#2243 = DIRECTION ( 'NONE',  ( 0.000000000000000000, 0.1391731009600587488, -0.9902680687415712502 ) ) ;
#2244 = SURFACE_SIDE_STYLE ('',( #1095 ) ) ;
#2245 = ORIENTED_EDGE ( 'NONE', *, *, #1362, .T. ) ;
#2246 = FACE_OUTER_BOUND ( 'NONE', #362, .T. ) ;
#2248 = DIRECTION ( 'NONE',  ( 0.000000000000000000, 4.293869990041603930E-16, -1.000000000000000000 ) ) ;
#2247 = FILL_AREA_STYLE ('',( #1644 ) ) ;
#2249 = CARTESIAN_POINT ( 'NONE',  ( 2.734999999999999876, 1.531025676947492142, 3.877570314550939479 ) ) ;
#2250 = LINE ( 'NONE', #3356, #2860 ) ;
#2251 = DIRECTION ( 'NONE',  ( 1.000000000000000000, -0.000000000000000000, 9.227252531791524161E-17 ) ) ;
#2252 = CARTESIAN_POINT ( 'NONE',  ( -0.5699999999999999512, 1.610000000000021636, 3.109999999999998987 ) ) ;
#2253 = COLOUR_RGB ( '',0.6666666666666666297, 0.6980392156862744724, 0.7686274509803920907 ) ;
#2254 = ORIENTED_EDGE ( 'NONE', *, *, #898, .F. ) ;
#2255 = ORIENTED_EDGE ( 'NONE', *, *, #3341, .T. ) ;
#2257 =( NAMED_UNIT ( * ) SI_UNIT ( $, .STERADIAN. ) SOLID_ANGLE_UNIT ( ) );
#2256 = PLANE ( 'NONE',  #2766 ) ;
#2258 = STYLED_ITEM ( 'NONE', ( #3571 ), #3482 ) ;
#2259 = DIRECTION ( 'NONE',  ( 1.000000000000000000, 0.000000000000000000, -0.000000000000000000 ) ) ;
#2260 = ORIENTED_EDGE ( 'NONE', *, *, #3241, .T. ) ;
#2261 = PRESENTATION_LAYER_ASSIGNMENT (  '', '', ( #270 ) ) ;
#2262 = VECTOR ( 'NONE', #2114, 1000.000000000000000 ) ;
#2263 =( GEOMETRIC_REPRESENTATION_CONTEXT ( 3 ) GLOBAL_UNCERTAINTY_ASSIGNED_CONTEXT ( ( #1393 ) ) GLOBAL_UNIT_ASSIGNED_CONTEXT ( ( #3751, #486, #2618 ) ) REPRESENTATION_CONTEXT ( 'NONE', 'WORKASPACE' ) );
#2264 = ORIENTED_EDGE ( 'NONE', *, *, #2578, .F. ) ;
#2265 = CARTESIAN_POINT ( 'NONE',  ( -2.730000000000000426, 0.6099999999999999867, 0.8200000000000003952 ) ) ;
#2266 = STYLED_ITEM ( 'NONE', ( #1321 ), #1915 ) ;
#2267 = CARTESIAN_POINT ( 'NONE',  ( 2.734999999999999876, 0.5000000000000216493, 3.466369568594649397 ) ) ;
#2268 = CARTESIAN_POINT ( 'NONE',  ( -1.720000000000000195, 0.8358064410504852937, 3.836820691077793555 ) ) ;
#2269 = LINE ( 'NONE', #3811, #3442 ) ;
#2271 = FILL_AREA_STYLE_COLOUR ( '', #151 ) ;
#2270 = DIRECTION ( 'NONE',  ( 1.000000000000000000, 0.000000000000000000, 0.000000000000000000 ) ) ;
#2272 = DIRECTION ( 'NONE',  ( 0.000000000000000000, 0.9902680687415711391, 0.1391731009600592484 ) ) ;
#2273 = STYLED_ITEM ( 'NONE', ( #1280 ), #653 ) ;
#2274 = DIRECTION ( 'NONE',  ( 0.000000000000000000, -0.7409022449662884258, 0.6716128821009271777 ) ) ;
#2275 = DIRECTION ( 'NONE',  ( -1.000000000000000000, -0.000000000000000000, -0.000000000000000000 ) ) ;
#2276 = EDGE_CURVE ( 'NONE', #1883, #1553, #3693, .T. ) ;
#2277 = EDGE_LOOP ( 'NONE', ( #1106, #1574, #2957, #2677 ) ) ;
#2278 = ORIENTED_EDGE ( 'NONE', *, *, #512, .T. ) ;
#2279 = PLANE ( 'NONE',  #3500 ) ;
#2280 = DIRECTION ( 'NONE',  ( 0.000000000000000000, 0.000000000000000000, 1.000000000000000000 ) ) ;
#2281 = DIRECTION ( 'NONE',  ( -0.000000000000000000, 1.000000000000000000, 4.293869990041603930E-16 ) ) ;
#2282 = PRESENTATION_STYLE_ASSIGNMENT (( #3791 ) ) ;
#2283 = MECHANICAL_DESIGN_GEOMETRIC_PRESENTATION_REPRESENTATION (  '', ( #2976 ), #3211 ) ;
#2284 = ORIENTED_EDGE ( 'NONE', *, *, #3805, .T. ) ;
#2285 = AXIS2_PLACEMENT_3D ( 'NONE', #1567, #370, #3067 ) ;
#2286 = CARTESIAN_POINT ( 'NONE',  ( -2.859999999999999876, 0.01436144552488706309, 5.002814941432550455 ) ) ;
#2287 = MECHANICAL_DESIGN_GEOMETRIC_PRESENTATION_REPRESENTATION (  '', ( #1537 ), #2083 ) ;
#2288 = EDGE_CURVE ( 'NONE', #2313, #1974, #607, .T. ) ;
#2289 = VERTEX_POINT ( 'NONE', #1131 ) ;
#2290 = CARTESIAN_POINT ( 'NONE',  ( 2.729999999999999982, 2.379999999999999893, -3.109999999999999876 ) ) ;
#2291 = LINE ( 'NONE', #3188, #2959 ) ;
#2292 = DIRECTION ( 'NONE',  ( -0.1378445374916254518, 0.9808148484639899189, 0.1378445374916256461 ) ) ;
#2293 = AXIS2_PLACEMENT_3D ( 'NONE', #2865, #1064, #1660 ) ;
#2294 = FACE_OUTER_BOUND ( 'NONE', #2425, .T. ) ;
#2295 = DIRECTION ( 'NONE',  ( 0.000000000000000000, -0.1391731009600587488, 0.9902680687415712502 ) ) ;
#2296 = DIRECTION ( 'NONE',  ( 0.000000000000000000, 0.000000000000000000, -1.000000000000000000 ) ) ;
#2297 = PRESENTATION_LAYER_ASSIGNMENT (  '', '', ( #1943 ) ) ;
#2298 = VECTOR ( 'NONE', #3073, 1000.000000000000000 ) ;
#2299 = CIRCLE ( 'NONE', #3527, 0.2499999999999993616 ) ;
#2300 = FACE_OUTER_BOUND ( 'NONE', #3070, .T. ) ;
#2301 = FILL_AREA_STYLE_COLOUR ( '', #3028 ) ;
#2302 = FILL_AREA_STYLE_COLOUR ( '', #1365 ) ;
#2303 = PRESENTATION_STYLE_ASSIGNMENT (( #3439 ) ) ;
#2304 = LINE ( 'NONE', #361, #242 ) ;
#2305 = FILL_AREA_STYLE_COLOUR ( '', #1926 ) ;
#2306 = UNCERTAINTY_MEASURE_WITH_UNIT (LENGTH_MEASURE( 1.000000000000000082E-05 ), #2041, 'distance_accuracy_value', 'NONE');
#2307 =( NAMED_UNIT ( * ) PLANE_ANGLE_UNIT ( ) SI_UNIT ( $, .RADIAN. ) );
#2308 = VERTEX_POINT ( 'NONE', #2344 ) ;
#2309 = DIRECTION ( 'NONE',  ( 0.000000000000000000, -1.000000000000000000, 0.000000000000000000 ) ) ;
#2310 = LINE ( 'NONE', #3836, #711 ) ;
#2311 = CARTESIAN_POINT ( 'NONE',  ( 3.365000000000000657, 1.000000000000021538, -3.055189074466059029 ) ) ;
#2312 = DIRECTION ( 'NONE',  ( -1.000000000000000000, -0.000000000000000000, -0.000000000000000000 ) ) ;
#2313 = VERTEX_POINT ( 'NONE', #3490 ) ;
#2314 = DIRECTION ( 'NONE',  ( 0.000000000000000000, 0.000000000000000000, -1.000000000000000000 ) ) ;
#2315 = VECTOR ( 'NONE', #2545, 1000.000000000000000 ) ;
#2316 = EDGE_CURVE ( 'NONE', #1070, #3729, #2437, .T. ) ;
#2317 = ORIENTED_EDGE ( 'NONE', *, *, #2199, .F. ) ;
#2318 =( LENGTH_UNIT ( ) NAMED_UNIT ( * ) SI_UNIT ( .MILLI., .METRE. ) );
#2319 = DIRECTION ( 'NONE',  ( -0.000000000000000000, 0.9902680687415708061, 0.1391731009600624125 ) ) ;
#2320 = COLOUR_RGB ( '',0.1098039215686274495, 0.1098039215686274495, 0.1098039215686274495 ) ;
#2321 = FILL_AREA_STYLE ('',( #1726 ) ) ;
#2322 = ORIENTED_EDGE ( 'NONE', *, *, #14, .T. ) ;
#2323 = COLOUR_RGB ( '',0.1098039215686274495, 0.1098039215686274495, 0.1098039215686274495 ) ;
#2324 = CARTESIAN_POINT ( 'NONE',  ( 2.734999999999999876, 0.4740635219323601213, 6.114895591585637113 ) ) ;
#2325 = MECHANICAL_DESIGN_GEOMETRIC_PRESENTATION_REPRESENTATION (  '', ( #107 ), #1661 ) ;
#2326 = FILL_AREA_STYLE ('',( #1107 ) ) ;
#2327 = PRESENTATION_LAYER_ASSIGNMENT (  '', '', ( #1373 ) ) ;
#2328 = CARTESIAN_POINT ( 'NONE',  ( -3.364999999999999769, 1.609999999999984333, 3.109999999999998987 ) ) ;
#2329 = SURFACE_STYLE_USAGE ( .BOTH. , #2907 ) ;
#2330 = CARTESIAN_POINT ( 'NONE',  ( -2.859999999999999876, -0.1300000000000042510, 5.002814941432550455 ) ) ;
#2331 = ORIENTED_EDGE ( 'NONE', *, *, #1402, .F. ) ;
#2332 = CARTESIAN_POINT ( 'NONE',  ( 0.5699999999999999512, 1.000000000000021760, 3.109999999999998987 ) ) ;
#2333 = CARTESIAN_POINT ( 'NONE',  ( -0.5699999999999999512, 1.000000000000021760, 3.109999999999998987 ) ) ;
#2334 = DIRECTION ( 'NONE',  ( 0.000000000000000000, 0.000000000000000000, 1.000000000000000000 ) ) ;
#2335 = PLANE ( 'NONE',  #3316 ) ;
#2336 = DIRECTION ( 'NONE',  ( 0.000000000000000000, -1.000000000000000000, -4.293869990041603930E-16 ) ) ;
#2337 = ORIENTED_EDGE ( 'NONE', *, *, #2890, .F. ) ;
#2338 = EDGE_LOOP ( 'NONE', ( #1668, #1118, #2732, #2090 ) ) ;
#2339 = CARTESIAN_POINT ( 'NONE',  ( -0.7500000000000000000, 0.6099999999999999867, -2.060000000000000497 ) ) ;
#2340 = ORIENTED_EDGE ( 'NONE', *, *, #802, .T. ) ;
#2341 = ORIENTED_EDGE ( 'NONE', *, *, #1766, .T. ) ;
#2342 = CARTESIAN_POINT ( 'NONE',  ( 2.859999999999999876, -0.1300000000000001155, 6.030000000000000249 ) ) ;
#2343 = EDGE_CURVE ( 'NONE', #1011, #2137, #1360, .T. ) ;
#2344 = CARTESIAN_POINT ( 'NONE',  ( 1.844999999999999751, 1.610000000000021636, 3.466369568594649397 ) ) ;
#2345 = SURFACE_STYLE_USAGE ( .BOTH. , #2938 ) ;
#2346 = FILL_AREA_STYLE_COLOUR ( '', #1418 ) ;
#2347 = CARTESIAN_POINT ( 'NONE',  ( -0.7500000000000000000, -0.000000000000000000, -2.310000000000000053 ) ) ;
#2348 =( NAMED_UNIT ( * ) SI_UNIT ( $, .STERADIAN. ) SOLID_ANGLE_UNIT ( ) );
#2349 = PRESENTATION_LAYER_ASSIGNMENT (  '', '', ( #2998 ) ) ;
#2350 = PLANE ( 'NONE',  #168 ) ;
#2351 = STYLED_ITEM ( 'NONE', ( #52 ), #1034 ) ;
#2352 = PLANE ( 'NONE',  #743 ) ;
#2353 = EDGE_CURVE ( 'NONE', #1255, #742, #2153, .T. ) ;
#2354 = LINE ( 'NONE', #3864, #1319 ) ;
#2355 = LINE ( 'NONE', #3513, #2157 ) ;
#2356 = LINE ( 'NONE', #1452, #2758 ) ;
#2357 =( NAMED_UNIT ( * ) PLANE_ANGLE_UNIT ( ) SI_UNIT ( $, .RADIAN. ) );
#2358 = VECTOR ( 'NONE', #148, 1000.000000000000000 ) ;
#2359 = DIRECTION ( 'NONE',  ( -0.1378445374916257848, 0.9808148484639899189, -0.1378445374916257848 ) ) ;
#2360 = AXIS2_PLACEMENT_3D ( 'NONE', #3742, #436, #1363 ) ;
#2361 = CARTESIAN_POINT ( 'NONE',  ( 0.7500000000000000000, 0.6099999999999999867, -2.060000000000000497 ) ) ;
#2362 = CARTESIAN_POINT ( 'NONE',  ( 1.719999999999999973, 0.7908527358470643920, 3.877570314550939479 ) ) ;
#2363 = UNCERTAINTY_MEASURE_WITH_UNIT (LENGTH_MEASURE( 1.000000000000000082E-05 ), #3530, 'distance_accuracy_value', 'NONE');
#2364 = ORIENTED_EDGE ( 'NONE', *, *, #1875, .T. ) ;
#2365 = PRESENTATION_LAYER_ASSIGNMENT (  '', '', ( #484 ) ) ;
#2366 = FILL_AREA_STYLE ('',( #2948 ) ) ;
#2367 = EDGE_CURVE ( 'NONE', #3039, #3645, #2191, .T. ) ;
#2368 = CARTESIAN_POINT ( 'NONE',  ( -2.859999999999999876, 0.8358064410504852937, 3.836820691077793555 ) ) ;
#2369 = ORIENTED_EDGE ( 'NONE', *, *, #3023, .F. ) ;
#2370 = COLOUR_RGB ( '',0.1098039215686274495, 0.1098039215686274495, 0.1098039215686274495 ) ;
#2371 = SURFACE_STYLE_USAGE ( .BOTH. , #1223 ) ;
#2372 = EDGE_CURVE ( 'NONE', #2652, #2156, #2356, .T. ) ;
#2373 = ORIENTED_EDGE ( 'NONE', *, *, #1298, .T. ) ;
#2374 = FILL_AREA_STYLE_COLOUR ( '', #1109 ) ;
#2375 = FACE_OUTER_BOUND ( 'NONE', #462, .T. ) ;
#2376 = DIRECTION ( 'NONE',  ( 0.000000000000000000, 0.000000000000000000, 1.000000000000000000 ) ) ;
#2377 =( GEOMETRIC_REPRESENTATION_CONTEXT ( 3 ) GLOBAL_UNCERTAINTY_ASSIGNED_CONTEXT ( ( #852 ) ) GLOBAL_UNIT_ASSIGNED_CONTEXT ( ( #3825, #2088, #2673 ) ) REPRESENTATION_CONTEXT ( 'NONE', 'WORKASPACE' ) );
#2378 =( LENGTH_UNIT ( ) NAMED_UNIT ( * ) SI_UNIT ( .MILLI., .METRE. ) );
#2379 = CARTESIAN_POINT ( 'NONE',  ( -1.720000000000000195, 1.610000000000021636, 3.109999999999998987 ) ) ;
#2380 = DIRECTION ( 'NONE',  ( 0.9284766908852587486, 0.000000000000000000, -0.3713906763541052203 ) ) ;
#2381 = PRODUCT_RELATED_PRODUCT_CATEGORY ( 'part', '', ( #149 ) ) ;
#2382 = CARTESIAN_POINT ( 'NONE',  ( -2.859999999999999876, 1.531025676947491698, 3.877570314550939923 ) ) ;
#2383 = FACE_OUTER_BOUND ( 'NONE', #2971, .T. ) ;
#2384 = CARTESIAN_POINT ( 'NONE',  ( -2.734999999999999876, 0.8358064410504852937, 3.836820691077793555 ) ) ;
#2385 = FILL_AREA_STYLE ('',( #3256 ) ) ;
#2386 = ORIENTED_EDGE ( 'NONE', *, *, #3556, .T. ) ;
#2387 = ORIENTED_EDGE ( 'NONE', *, *, #619, .F. ) ;
#2388 = UNCERTAINTY_MEASURE_WITH_UNIT (LENGTH_MEASURE( 1.000000000000000082E-05 ), #2410, 'distance_accuracy_value', 'NONE');
#2389 = SURFACE_STYLE_USAGE ( .BOTH. , #3583 ) ;
#2390 = EDGE_CURVE ( 'NONE', #3484, #637, #536, .T. ) ;
#2391 =( NAMED_UNIT ( * ) PLANE_ANGLE_UNIT ( ) SI_UNIT ( $, .RADIAN. ) );
#2392 = LINE ( 'NONE', #3480, #2241 ) ;
#2393 =( GEOMETRIC_REPRESENTATION_CONTEXT ( 3 ) GLOBAL_UNCERTAINTY_ASSIGNED_CONTEXT ( ( #3210 ) ) GLOBAL_UNIT_ASSIGNED_CONTEXT ( ( #1252, #1827, #3642 ) ) REPRESENTATION_CONTEXT ( 'NONE', 'WORKASPACE' ) );
#2394 = CIRCLE ( 'NONE', #3063, 0.2499999999999993616 ) ;
#2395 =( LENGTH_UNIT ( ) NAMED_UNIT ( * ) SI_UNIT ( .MILLI., .METRE. ) );
#2396 = ADVANCED_FACE ( 'NONE', ( #3200 ), #3237, .F. ) ;
#2397 = SURFACE_STYLE_FILL_AREA ( #915 ) ;
#2398 = PRESENTATION_LAYER_ASSIGNMENT (  '', '', ( #2258 ) ) ;
#2399 = STYLED_ITEM ( 'NONE', ( #1002 ), #1486 ) ;
#2400 = LINE ( 'NONE', #1570, #1590 ) ;
#2401 =( LENGTH_UNIT ( ) NAMED_UNIT ( * ) SI_UNIT ( .MILLI., .METRE. ) );
#2402 = PRESENTATION_STYLE_ASSIGNMENT (( #3366 ) ) ;
#2403 = COLOUR_RGB ( '',0.6666666666666666297, 0.6980392156862744724, 0.7686274509803920907 ) ;
#2404 = FILL_AREA_STYLE_COLOUR ( '', #1214 ) ;
#2405 = VERTEX_POINT ( 'NONE', #1177 ) ;
#2406 = COLOUR_RGB ( '',0.6666666666666666297, 0.6980392156862744724, 0.7686274509803920907 ) ;
#2407 = SURFACE_STYLE_USAGE ( .BOTH. , #1253 ) ;
#2408 = LINE ( 'NONE', #3388, #2038 ) ;
#2409 = UNCERTAINTY_MEASURE_WITH_UNIT (LENGTH_MEASURE( 1.000000000000000082E-05 ), #1589, 'distance_accuracy_value', 'NONE');
#2410 =( LENGTH_UNIT ( ) NAMED_UNIT ( * ) SI_UNIT ( .MILLI., .METRE. ) );
#2411 = ORIENTED_EDGE ( 'NONE', *, *, #619, .T. ) ;
#2412 = PRESENTATION_LAYER_ASSIGNMENT (  '', '', ( #3678 ) ) ;
#2413 = ORIENTED_EDGE ( 'NONE', *, *, #1675, .F. ) ;
#2414 = EDGE_CURVE ( 'NONE', #1487, #1352, #3257, .T. ) ;
#2415 = EDGE_CURVE ( 'NONE', #357, #3352, #825, .T. ) ;
#2416 = ORIENTED_EDGE ( 'NONE', *, *, #2890, .T. ) ;
#2417 = CARTESIAN_POINT ( 'NONE',  ( 3.256783557279159691, 2.379999999999999893, 0.000000000000000000 ) ) ;
#2418 = SURFACE_STYLE_USAGE ( .BOTH. , #639 ) ;
#2419 = ORIENTED_EDGE ( 'NONE', *, *, #2528, .T. ) ;
#2420 = STYLED_ITEM ( 'NONE', ( #1284 ), #2987 ) ;
#2421 = MECHANICAL_DESIGN_GEOMETRIC_PRESENTATION_REPRESENTATION (  '', ( #1886 ), #1613 ) ;
#2422 = PRESENTATION_LAYER_ASSIGNMENT (  '', '', ( #134 ) ) ;
#2423 = EDGE_CURVE ( 'NONE', #742, #1300, #2454, .T. ) ;
#2424 =( GEOMETRIC_REPRESENTATION_CONTEXT ( 3 ) GLOBAL_UNCERTAINTY_ASSIGNED_CONTEXT ( ( #1829 ) ) GLOBAL_UNIT_ASSIGNED_CONTEXT ( ( #1747, #2967, #1474 ) ) REPRESENTATION_CONTEXT ( 'NONE', 'WORKASPACE' ) );
#2425 = EDGE_LOOP ( 'NONE', ( #3245, #2895, #2506, #1841 ) ) ;
#2426 = UNCERTAINTY_MEASURE_WITH_UNIT (LENGTH_MEASURE( 1.000000000000000082E-05 ), #1461, 'distance_accuracy_value', 'NONE');
#2427 =( NAMED_UNIT ( * ) PLANE_ANGLE_UNIT ( ) SI_UNIT ( $, .RADIAN. ) );
#2428 = ORIENTED_EDGE ( 'NONE', *, *, #1415, .T. ) ;
#2429 = CARTESIAN_POINT ( 'NONE',  ( 1.719999999999999973, 0.5000000000000210942, 5.002814941432550455 ) ) ;
#2430 = EDGE_LOOP ( 'NONE', ( #3390, #281, #3537, #1924 ) ) ;
#2431 = ADVANCED_FACE ( 'NONE', ( #775 ), #2671, .F. ) ;
#2432 = FACE_OUTER_BOUND ( 'NONE', #453, .T. ) ;
#2433 = DIRECTION ( 'NONE',  ( 1.000000000000000000, 0.000000000000000000, 0.000000000000000000 ) ) ;
#2434 = CIRCLE ( 'NONE', #1692, 1.109999999999999876 ) ;
#2435 = STYLED_ITEM ( 'NONE', ( #3548 ), #59 ) ;
#2436 = DIRECTION ( 'NONE',  ( 0.000000000000000000, 0.000000000000000000, 1.000000000000000000 ) ) ;
#2437 = LINE ( 'NONE', #2061, #3401 ) ;
#2438 =( NAMED_UNIT ( * ) SI_UNIT ( $, .STERADIAN. ) SOLID_ANGLE_UNIT ( ) );
#2439 = COLOUR_RGB ( '',0.6666666666666666297, 0.6980392156862744724, 0.7686274509803920907 ) ;
#2440 = FACE_OUTER_BOUND ( 'NONE', #1858, .T. ) ;
#2441 = VECTOR ( 'NONE', #2124, 1000.000000000000000 ) ;
#2442 = DIRECTION ( 'NONE',  ( 0.000000000000000000, 0.000000000000000000, 1.000000000000000000 ) ) ;
#2443 = SURFACE_STYLE_FILL_AREA ( #39 ) ;
#2444 = PRESENTATION_LAYER_ASSIGNMENT (  '', '', ( #1564 ) ) ;
#2445 = CARTESIAN_POINT ( 'NONE',  ( 2.859999999999999876, -0.1300000000000001155, 6.030000000000000249 ) ) ;
#2446 = ORIENTED_EDGE ( 'NONE', *, *, #2819, .T. ) ;
#2447 = CARTESIAN_POINT ( 'NONE',  ( -1.720000000000000195, 0.5000000000000210942, 5.002814941432550455 ) ) ;
#2448 = ORIENTED_EDGE ( 'NONE', *, *, #3023, .T. ) ;
#2449 = VERTEX_POINT ( 'NONE', #905 ) ;
#2450 = SURFACE_STYLE_USAGE ( .BOTH. , #3577 ) ;
#2451 = LINE ( 'NONE', #649, #1117 ) ;
#2452 = ADVANCED_FACE ( 'NONE', ( #2099 ), #3598, .T. ) ;
#2453 = EDGE_LOOP ( 'NONE', ( #3769, #1061, #1521, #593 ) ) ;
#2454 = LINE ( 'NONE', #317, #881 ) ;
#2455 = ORIENTED_EDGE ( 'NONE', *, *, #1901, .T. ) ;
#2456 = CARTESIAN_POINT ( 'NONE',  ( -0.7500000000000000000, 0.6099999999999999867, -2.060000000000000497 ) ) ;
#2457 = COLOUR_RGB ( '',0.1098039215686274495, 0.1098039215686274495, 0.1098039215686274495 ) ;
#2458 = CARTESIAN_POINT ( 'NONE',  ( -2.734999999999999876, 1.000000000000021316, 3.109999999999998543 ) ) ;
#2459 = MECHANICAL_DESIGN_GEOMETRIC_PRESENTATION_REPRESENTATION (  '', ( #2258 ), #2587 ) ;
#2460 = ADVANCED_FACE ( 'NONE', ( #210 ), #3607, .T. ) ;
#2461 = VERTEX_POINT ( 'NONE', #2382 ) ;
#2462 =( GEOMETRIC_REPRESENTATION_CONTEXT ( 3 ) GLOBAL_UNCERTAINTY_ASSIGNED_CONTEXT ( ( #1896 ) ) GLOBAL_UNIT_ASSIGNED_CONTEXT ( ( #1532, #3635, #1786 ) ) REPRESENTATION_CONTEXT ( 'NONE', 'WORKASPACE' ) );
#2463 = AXIS2_PLACEMENT_3D ( 'NONE', #523, #1968, #1983 ) ;
#2464 = ORIENTED_EDGE ( 'NONE', *, *, #2120, .T. ) ;
#2465 = FILL_AREA_STYLE_COLOUR ( '', #2474 ) ;
#2466 = UNCERTAINTY_MEASURE_WITH_UNIT (LENGTH_MEASURE( 1.000000000000000082E-05 ), #589, 'distance_accuracy_value', 'NONE');
#2467 = ORIENTED_EDGE ( 'NONE', *, *, #2288, .F. ) ;
#2468 = DIRECTION ( 'NONE',  ( -0.000000000000000000, 1.000000000000000000, 4.293869990041603930E-16 ) ) ;
#2469 = DIRECTION ( 'NONE',  ( -1.000000000000000000, -0.000000000000000000, -0.000000000000000000 ) ) ;
#2470 = STYLED_ITEM ( 'NONE', ( #150 ), #662 ) ;
#2471 = ORIENTED_EDGE ( 'NONE', *, *, #407, .F. ) ;
#2472 = EDGE_CURVE ( 'NONE', #1527, #2834, #3254, .T. ) ;
#2473 = DIRECTION ( 'NONE',  ( 0.000000000000000000, -1.000000000000000000, 0.000000000000000000 ) ) ;
#2474 = COLOUR_RGB ( '',0.1098039215686274495, 0.1098039215686274495, 0.1098039215686274495 ) ;
#2475 = VECTOR ( 'NONE', #1981, 1000.000000000000114 ) ;
#2476 = EDGE_CURVE ( 'NONE', #1448, #1785, #264, .T. ) ;
#2477 = LINE ( 'NONE', #28, #1405 ) ;
#2478 = LINE ( 'NONE', #181, #329 ) ;
#2479 = VECTOR ( 'NONE', #3387, 1000.000000000000000 ) ;
#2480 = FILL_AREA_STYLE ('',( #2182 ) ) ;
#2481 = DIRECTION ( 'NONE',  ( 0.000000000000000000, 0.7409022449662876486, -0.6716128821009280658 ) ) ;
#2482 = LINE ( 'NONE', #703, #2723 ) ;
#2483 =( GEOMETRIC_REPRESENTATION_CONTEXT ( 3 ) GLOBAL_UNCERTAINTY_ASSIGNED_CONTEXT ( ( #2003 ) ) GLOBAL_UNIT_ASSIGNED_CONTEXT ( ( #3479, #1658, #1962 ) ) REPRESENTATION_CONTEXT ( 'NONE', 'WORKASPACE' ) );
#2484 =( GEOMETRIC_REPRESENTATION_CONTEXT ( 3 ) GLOBAL_UNCERTAINTY_ASSIGNED_CONTEXT ( ( #3588 ) ) GLOBAL_UNIT_ASSIGNED_CONTEXT ( ( #3251, #1436, #1693 ) ) REPRESENTATION_CONTEXT ( 'NONE', 'WORKASPACE' ) );
#2485 = PRESENTATION_LAYER_ASSIGNMENT (  '', '', ( #1537 ) ) ;
#2486 = EDGE_CURVE ( 'NONE', #3015, #1194, #2785, .T. ) ;
#2487 = ORIENTED_EDGE ( 'NONE', *, *, #670, .T. ) ;
#2488 = VECTOR ( 'NONE', #2918, 1000.000000000000000 ) ;
#2489 = PLANE ( 'NONE',  #3147 ) ;
#2490 = STYLED_ITEM ( 'NONE', ( #3608 ), #1042 ) ;
#2491 = ORIENTED_EDGE ( 'NONE', *, *, #1069, .T. ) ;
#2492 = AXIS2_PLACEMENT_3D ( 'NONE', #2851, #1640, #1656 ) ;
#2493 = LINE ( 'NONE', #2883, #1842 ) ;
#2494 = SURFACE_SIDE_STYLE ('',( #3173 ) ) ;
#2495 =( NAMED_UNIT ( * ) PLANE_ANGLE_UNIT ( ) SI_UNIT ( $, .RADIAN. ) );
#2496 = MANIFOLD_SOLID_BREP ( 'Cut-Extrude1', #3796 ) ;
#2497 = ORIENTED_EDGE ( 'NONE', *, *, #1709, .F. ) ;
#2498 = CARTESIAN_POINT ( 'NONE',  ( -1.720000000000000195, 0.8358064410504852937, 3.836820691077793555 ) ) ;
#2499 = CARTESIAN_POINT ( 'NONE',  ( -1.844999999999999751, 0.6303562647612435121, 5.002814941432550455 ) ) ;
#2500 = FILL_AREA_STYLE_COLOUR ( '', #2253 ) ;
#2501 = DIRECTION ( 'NONE',  ( -1.000000000000000000, -0.000000000000000000, -0.000000000000000000 ) ) ;
#2502 = ORIENTED_EDGE ( 'NONE', *, *, #1221, .T. ) ;
#2503 = DIRECTION ( 'NONE',  ( 1.000000000000000000, 0.000000000000000000, 0.000000000000000000 ) ) ;
#2504 = EDGE_LOOP ( 'NONE', ( #986, #1209, #1957, #2850 ) ) ;
#2505 = EDGE_CURVE ( 'NONE', #1530, #3290, #2733, .T. ) ;
#2506 = ORIENTED_EDGE ( 'NONE', *, *, #1231, .T. ) ;
#2507 = FILL_AREA_STYLE_COLOUR ( '', #1922 ) ;
#2508 = MECHANICAL_DESIGN_GEOMETRIC_PRESENTATION_REPRESENTATION (  '', ( #2020 ), #2817 ) ;
#2509 = ADVANCED_FACE ( 'NONE', ( #2375 ), #1233, .F. ) ;
#2510 = DIRECTION ( 'NONE',  ( 0.000000000000000000, 0.1391731009600587488, -0.9902680687415712502 ) ) ;
#2511 =( NAMED_UNIT ( * ) PLANE_ANGLE_UNIT ( ) SI_UNIT ( $, .RADIAN. ) );
#2512 = CARTESIAN_POINT ( 'NONE',  ( 2.730000000000000426, 0.6099999999999999867, 0.8200000000000003952 ) ) ;
#2513 = ORIENTED_EDGE ( 'NONE', *, *, #3150, .T. ) ;
#2514 = VERTEX_POINT ( 'NONE', #2456 ) ;
#2515 = PRESENTATION_LAYER_ASSIGNMENT (  '', '', ( #2565 ) ) ;
#2516 = COLOUR_RGB ( '',0.6666666666666666297, 0.6980392156862744724, 0.7686274509803920907 ) ;
#2517 = UNCERTAINTY_MEASURE_WITH_UNIT (LENGTH_MEASURE( 1.000000000000000082E-05 ), #3228, 'distance_accuracy_value', 'NONE');
#2518 = DIRECTION ( 'NONE',  ( -1.000000000000000000, -0.000000000000000000, 0.000000000000000000 ) ) ;
#2519 = ORIENTED_EDGE ( 'NONE', *, *, #1616, .F. ) ;
#2520 = VECTOR ( 'NONE', #2843, 1000.000000000000114 ) ;
#2521 = SURFACE_STYLE_USAGE ( .BOTH. , #2799 ) ;
#2522 = FACE_OUTER_BOUND ( 'NONE', #1427, .T. ) ;
#2523 = FILL_AREA_STYLE ('',( #441 ) ) ;
#2524 = FILL_AREA_STYLE_COLOUR ( '', #1795 ) ;
#2525 = DIRECTION ( 'NONE',  ( 9.227252531791524161E-17, 0.000000000000000000, -1.000000000000000000 ) ) ;
#2526 = LINE ( 'NONE', #1803, #378 ) ;
#2527 = FACE_OUTER_BOUND ( 'NONE', #2338, .T. ) ;
#2528 = EDGE_CURVE ( 'NONE', #3267, #3669, #397, .T. ) ;
#2529 = FACE_OUTER_BOUND ( 'NONE', #2504, .T. ) ;
#2530 = VECTOR ( 'NONE', #51, 1000.000000000000000 ) ;
#2531 = EDGE_LOOP ( 'NONE', ( #929, #2455, #408, #1469, #3593, #1984, #3634, #811 ) ) ;
#2532 = DIRECTION ( 'NONE',  ( -1.000000000000000000, 0.000000000000000000, 0.000000000000000000 ) ) ;
#2533 = COLOUR_RGB ( '',0.1098039215686274495, 0.1098039215686274495, 0.1098039215686274495 ) ;
#2534 = COLOUR_RGB ( '',0.1098039215686274495, 0.1098039215686274495, 0.1098039215686274495 ) ;
#2535 = DIRECTION ( 'NONE',  ( 1.000000000000000000, 0.000000000000000000, 0.000000000000000000 ) ) ;
#2536 = FILL_AREA_STYLE ('',( #1074 ) ) ;
#2537 = ORIENTED_EDGE ( 'NONE', *, *, #1144, .F. ) ;
#2538 = AXIS2_PLACEMENT_3D ( 'NONE', #1839, #3027, #22 ) ;
#2539 = CARTESIAN_POINT ( 'NONE',  ( 3.491322397581853920, 1.898830563012946504, -2.928866676884204878 ) ) ;
#2540 =( GEOMETRIC_REPRESENTATION_CONTEXT ( 3 ) GLOBAL_UNCERTAINTY_ASSIGNED_CONTEXT ( ( #387 ) ) GLOBAL_UNIT_ASSIGNED_CONTEXT ( ( #3764, #3456, #1112 ) ) REPRESENTATION_CONTEXT ( 'NONE', 'WORKASPACE' ) );
#2541 = MECHANICAL_DESIGN_GEOMETRIC_PRESENTATION_REPRESENTATION (  '', ( #2435 ), #1939 ) ;
#2542 = EDGE_CURVE ( 'NONE', #2313, #2217, #967, .T. ) ;
#2543 = ORIENTED_EDGE ( 'NONE', *, *, #3216, .F. ) ;
#2544 = VECTOR ( 'NONE', #48, 1000.000000000000000 ) ;
#2545 = DIRECTION ( 'NONE',  ( 9.227252531791525393E-17, -0.000000000000000000, -1.000000000000000000 ) ) ;
#2546 = ORIENTED_EDGE ( 'NONE', *, *, #1012, .T. ) ;
#2547 = VERTEX_POINT ( 'NONE', #955 ) ;
#2548 = PRESENTATION_STYLE_ASSIGNMENT (( #2371 ) ) ;
#2549 = SURFACE_STYLE_USAGE ( .BOTH. , #2237 ) ;
#2550 = STYLED_ITEM ( 'NONE', ( #2200 ), #910 ) ;
#2551 =( LENGTH_UNIT ( ) NAMED_UNIT ( * ) SI_UNIT ( .MILLI., .METRE. ) );
#2552 = VECTOR ( 'NONE', #870, 1000.000000000000000 ) ;
#2553 =( NAMED_UNIT ( * ) PLANE_ANGLE_UNIT ( ) SI_UNIT ( $, .RADIAN. ) );
#2554 = DIRECTION ( 'NONE',  ( 1.000000000000000000, 0.000000000000000000, -0.000000000000000000 ) ) ;
#2555 = CARTESIAN_POINT ( 'NONE',  ( 0.000000000000000000, 0.6099999999999999867, 0.000000000000000000 ) ) ;
#2556 = VERTEX_POINT ( 'NONE', #3318 ) ;
#2557 = PRESENTATION_LAYER_ASSIGNMENT (  '', '', ( #1183 ) ) ;
#2558 = EDGE_LOOP ( 'NONE', ( #111, #3434, #2546, #2001 ) ) ;
#2559 = SURFACE_STYLE_USAGE ( .BOTH. , #2570 ) ;
#2560 =( LENGTH_UNIT ( ) NAMED_UNIT ( * ) SI_UNIT ( .MILLI., .METRE. ) );
#2561 = DIRECTION ( 'NONE',  ( 0.000000000000000000, -4.293869990041603437E-16, 1.000000000000000000 ) ) ;
#2562 = CARTESIAN_POINT ( 'NONE',  ( -2.729999999999999982, 0.000000000000000000, -3.109999999999999876 ) ) ;
#2563 = PRESENTATION_LAYER_ASSIGNMENT (  '', '', ( #234 ) ) ;
#2564 = FILL_AREA_STYLE ('',( #1390 ) ) ;
#2565 = STYLED_ITEM ( 'NONE', ( #188 ), #1628 ) ;
#2566 =( NAMED_UNIT ( * ) SI_UNIT ( $, .STERADIAN. ) SOLID_ANGLE_UNIT ( ) );
#2567 = PLANE ( 'NONE',  #822 ) ;
#2568 = ORIENTED_EDGE ( 'NONE', *, *, #867, .T. ) ;
#2570 = SURFACE_SIDE_STYLE ('',( #866 ) ) ;
#2569 = SURFACE_STYLE_USAGE ( .BOTH. , #1995 ) ;
#2571 = CARTESIAN_POINT ( 'NONE',  ( 1.844999999999999751, 1.000000000000021316, 3.109999999999998543 ) ) ;
#2572 = FACE_OUTER_BOUND ( 'NONE', #339, .T. ) ;
#2573 = VECTOR ( 'NONE', #1006, 1000.000000000000000 ) ;
#2574 = CARTESIAN_POINT ( 'NONE',  ( -1.720000000000000195, 1.610000000000021636, 3.466369568594649397 ) ) ;
#2575 = PLANE ( 'NONE',  #2463 ) ;
#2576 = LINE ( 'NONE', #2048, #2674 ) ;
#2577 = PRESENTATION_STYLE_ASSIGNMENT (( #8 ) ) ;
#2578 = EDGE_CURVE ( 'NONE', #922, #351, #878, .T. ) ;
#2579 = LINE ( 'NONE', #1435, #12 ) ;
#2580 = EDGE_LOOP ( 'NONE', ( #3705, #2284, #3683, #3030 ) ) ;
#2581 = PRESENTATION_LAYER_ASSIGNMENT (  '', '', ( #2911 ) ) ;
#2582 = FILL_AREA_STYLE ('',( #3473 ) ) ;
#2583 = CARTESIAN_POINT ( 'NONE',  ( 2.859999999999999876, 0.5000000000000216493, 3.466369568594649397 ) ) ;
#2584 = CARTESIAN_POINT ( 'NONE',  ( -0.5699999999999999512, 1.610000000000021636, 3.109999999999998987 ) ) ;
#2585 = ORIENTED_EDGE ( 'NONE', *, *, #1123, .F. ) ;
#2586 = UNCERTAINTY_MEASURE_WITH_UNIT (LENGTH_MEASURE( 1.000000000000000082E-05 ), #2610, 'distance_accuracy_value', 'NONE');
#2587 =( GEOMETRIC_REPRESENTATION_CONTEXT ( 3 ) GLOBAL_UNCERTAINTY_ASSIGNED_CONTEXT ( ( #3348 ) ) GLOBAL_UNIT_ASSIGNED_CONTEXT ( ( #1400, #1998, #532 ) ) REPRESENTATION_CONTEXT ( 'NONE', 'WORKASPACE' ) );
#2588 = DIRECTION ( 'NONE',  ( 0.000000000000000000, -1.000000000000000000, 0.000000000000000000 ) ) ;
#2589 = EDGE_LOOP ( 'NONE', ( #2416, #2464, #3217, #2428, #2826, #1334, #2953, #443 ) ) ;
#2590 = MECHANICAL_DESIGN_GEOMETRIC_PRESENTATION_REPRESENTATION (  '', ( #549 ), #1583 ) ;
#2591 = CARTESIAN_POINT ( 'NONE',  ( -1.844999999999999751, 1.000000000000021760, 3.466369568594649397 ) ) ;
#2592 = DIRECTION ( 'NONE',  ( 0.000000000000000000, -1.000000000000000000, 0.000000000000000000 ) ) ;
#2593 = CARTESIAN_POINT ( 'NONE',  ( 2.529999999999999805, 0.6099999999999999867, -4.379999999999999893 ) ) ;
#2594 = ORIENTED_EDGE ( 'NONE', *, *, #603, .F. ) ;
#2595 = DIRECTION ( 'NONE',  ( -0.3713906763541038880, 0.000000000000000000, 0.9284766908852593037 ) ) ;
#2596 = CARTESIAN_POINT ( 'NONE',  ( -0.7500000000000000000, 0.6099999999999999867, -2.060000000000000497 ) ) ;
#2597 = EDGE_LOOP ( 'NONE', ( #160, #3249, #1282, #1281 ) ) ;
#2598 = SURFACE_STYLE_USAGE ( .BOTH. , #3829 ) ;
#2599 = ORIENTED_EDGE ( 'NONE', *, *, #1287, .F. ) ;
#2600 = PLANE ( 'NONE',  #1226 ) ;
#2601 = STYLED_ITEM ( 'NONE', ( #251 ), #1014 ) ;
#2602 = PLANE ( 'NONE',  #3784 ) ;
#2603 = SURFACE_STYLE_FILL_AREA ( #3566 ) ;
#2604 = DIRECTION ( 'NONE',  ( -0.000000000000000000, 0.000000000000000000, 1.000000000000000000 ) ) ;
#2605 = EDGE_CURVE ( 'NONE', #2834, #3715, #2451, .T. ) ;
#2606 = CARTESIAN_POINT ( 'NONE',  ( 1.719999999999999973, 0.5000000000000216493, 3.466369568594649397 ) ) ;
#2607 = LINE ( 'NONE', #584, #1031 ) ;
#2608 = SURFACE_STYLE_USAGE ( .BOTH. , #3167 ) ;
#2609 =( NAMED_UNIT ( * ) PLANE_ANGLE_UNIT ( ) SI_UNIT ( $, .RADIAN. ) );
#2610 =( LENGTH_UNIT ( ) NAMED_UNIT ( * ) SI_UNIT ( .MILLI., .METRE. ) );
#2611 = STYLED_ITEM ( 'NONE', ( #1563 ), #2684 ) ;
#2612 = FILL_AREA_STYLE_COLOUR ( '', #3750 ) ;
#2613 = DIRECTION ( 'NONE',  ( -1.000000000000000000, 0.000000000000000000, -9.227252531791524161E-17 ) ) ;
#2614 =( GEOMETRIC_REPRESENTATION_CONTEXT ( 3 ) GLOBAL_UNCERTAINTY_ASSIGNED_CONTEXT ( ( #2388 ) ) GLOBAL_UNIT_ASSIGNED_CONTEXT ( ( #2410, #3868, #2126 ) ) REPRESENTATION_CONTEXT ( 'NONE', 'WORKASPACE' ) );
#2615 = EDGE_CURVE ( 'NONE', #344, #2645, #3856, .T. ) ;
#2616 = SURFACE_STYLE_FILL_AREA ( #2950 ) ;
#2617 = PLANE ( 'NONE',  #3279 ) ;
#2618 =( NAMED_UNIT ( * ) SI_UNIT ( $, .STERADIAN. ) SOLID_ANGLE_UNIT ( ) );
#2619 = LINE ( 'NONE', #2368, #1830 ) ;
#2620 = DIRECTION ( 'NONE',  ( 0.000000000000000000, -1.000000000000000000, 0.000000000000000000 ) ) ;
#2621 = CARTESIAN_POINT ( 'NONE',  ( 0.000000000000000000, 2.379999999999999893, 3.001783557279157577 ) ) ;
#2622 = AXIS2_PLACEMENT_3D ( 'NONE', #2268, #1151, #2896 ) ;
#2623 = VECTOR ( 'NONE', #1528, 1000.000000000000000 ) ;
#2624 = SURFACE_SIDE_STYLE ('',( #2017 ) ) ;
#2625 = PRESENTATION_STYLE_ASSIGNMENT (( #2389 ) ) ;
#2626 = LINE ( 'NONE', #3637, #3741 ) ;
#2627 = ORIENTED_EDGE ( 'NONE', *, *, #4, .F. ) ;
#2628 = SURFACE_STYLE_USAGE ( .BOTH. , #218 ) ;
#2629 =( LENGTH_UNIT ( ) NAMED_UNIT ( * ) SI_UNIT ( .MILLI., .METRE. ) );
#2630 = CARTESIAN_POINT ( 'NONE',  ( -1.844999999999999751, 0.8358064410504852937, 3.836820691077793555 ) ) ;
#2631 = CIRCLE ( 'NONE', #1210, 1.109999999999998987 ) ;
#2632 = DIRECTION ( 'NONE',  ( -1.000000000000000000, -0.000000000000000000, -0.000000000000000000 ) ) ;
#2633 = VECTOR ( 'NONE', #2734, 1000.000000000000000 ) ;
#2634 = DIRECTION ( 'NONE',  ( 1.000000000000000000, 0.000000000000000000, 0.000000000000000000 ) ) ;
#2635 = ORIENTED_EDGE ( 'NONE', *, *, #2367, .T. ) ;
#2636 =( LENGTH_UNIT ( ) NAMED_UNIT ( * ) SI_UNIT ( .MILLI., .METRE. ) );
#2637 = SURFACE_STYLE_FILL_AREA ( #511 ) ;
#2638 = PRESENTATION_LAYER_ASSIGNMENT (  '', '', ( #2435 ) ) ;
#2639 = FILL_AREA_STYLE_COLOUR ( '', #661 ) ;
#2640 = ORIENTED_EDGE ( 'NONE', *, *, #2505, .F. ) ;
#2641 = DIRECTION ( 'NONE',  ( 0.000000000000000000, 0.000000000000000000, 1.000000000000000000 ) ) ;
#2642 = PRESENTATION_STYLE_ASSIGNMENT (( #1914 ) ) ;
#2643 = UNCERTAINTY_MEASURE_WITH_UNIT (LENGTH_MEASURE( 1.000000000000000082E-05 ), #3797, 'distance_accuracy_value', 'NONE');
#2644 = DIRECTION ( 'NONE',  ( 1.000000000000000000, 0.000000000000000000, 0.000000000000000000 ) ) ;
#2645 = VERTEX_POINT ( 'NONE', #990 ) ;
#2646 = ORIENTED_EDGE ( 'NONE', *, *, #1402, .T. ) ;
#2647 = DIRECTION ( 'NONE',  ( 0.000000000000000000, -4.293869990041603930E-16, 1.000000000000000000 ) ) ;
#2648 = MECHANICAL_DESIGN_GEOMETRIC_PRESENTATION_REPRESENTATION (  '', ( #2982 ), #1446 ) ;
#2649 =( NAMED_UNIT ( * ) SI_UNIT ( $, .STERADIAN. ) SOLID_ANGLE_UNIT ( ) );
#2650 = MECHANICAL_DESIGN_GEOMETRIC_PRESENTATION_REPRESENTATION (  '', ( #80 ), #1635 ) ;
#2651 = FILL_AREA_STYLE ('',( #1421 ) ) ;
#2652 = VERTEX_POINT ( 'NONE', #2160 ) ;
#2653 = FILL_AREA_STYLE ('',( #2346 ) ) ;
#2654 = DIRECTION ( 'NONE',  ( -1.000000000000000000, -0.000000000000000000, -0.000000000000000000 ) ) ;
#2655 = SURFACE_STYLE_FILL_AREA ( #308 ) ;
#2656 = ORIENTED_EDGE ( 'NONE', *, *, #2505, .T. ) ;
#2657 = ORIENTED_EDGE ( 'NONE', *, *, #1093, .F. ) ;
#2658 = ORIENTED_EDGE ( 'NONE', *, *, #3695, .T. ) ;
#2659 =( NAMED_UNIT ( * ) SI_UNIT ( $, .STERADIAN. ) SOLID_ANGLE_UNIT ( ) );
#2660 = CARTESIAN_POINT ( 'NONE',  ( -0.7500000000000000000, 0.6099999999999999867, -2.559999999999999165 ) ) ;
#2661 = DIRECTION ( 'NONE',  ( 0.000000000000000000, 0.000000000000000000, -1.000000000000000000 ) ) ;
#2662 =( LENGTH_UNIT ( ) NAMED_UNIT ( * ) SI_UNIT ( .MILLI., .METRE. ) );
#2663 = FACE_OUTER_BOUND ( 'NONE', #2531, .T. ) ;
#2664 = MECHANICAL_DESIGN_GEOMETRIC_PRESENTATION_REPRESENTATION (  '', ( #3187 ), #2794 ) ;
#2665 = MECHANICAL_DESIGN_GEOMETRIC_PRESENTATION_REPRESENTATION (  '', ( #270 ), #340 ) ;
#2666 = ORIENTED_EDGE ( 'NONE', *, *, #3177, .F. ) ;
#2667 = DIRECTION ( 'NONE',  ( 0.000000000000000000, 0.000000000000000000, 1.000000000000000000 ) ) ;
#2668 = SURFACE_SIDE_STYLE ('',( #1788 ) ) ;
#2669 = PRESENTATION_STYLE_ASSIGNMENT (( #3526 ) ) ;
#2670 = CIRCLE ( 'NONE', #2965, 0.5000000000000004441 ) ;
#2671 = PLANE ( 'NONE',  #1906 ) ;
#2672 = VECTOR ( 'NONE', #2989, 1000.000000000000114 ) ;
#2673 =( NAMED_UNIT ( * ) SI_UNIT ( $, .STERADIAN. ) SOLID_ANGLE_UNIT ( ) );
#2674 = VECTOR ( 'NONE', #2703, 1000.000000000000000 ) ;
#2675 = COLOUR_RGB ( '',0.6666666666666666297, 0.6980392156862744724, 0.7686274509803920907 ) ;
#2676 = LINE ( 'NONE', #199, #1919 ) ;
#2677 = ORIENTED_EDGE ( 'NONE', *, *, #1105, .F. ) ;
#2678 =( NAMED_UNIT ( * ) SI_UNIT ( $, .STERADIAN. ) SOLID_ANGLE_UNIT ( ) );
#2679 = EDGE_CURVE ( 'NONE', #1149, #2050, #595, .T. ) ;
#2680 = FILL_AREA_STYLE ('',( #3630 ) ) ;
#2681 = LINE ( 'NONE', #3004, #2633 ) ;
#2682 = EDGE_CURVE ( 'NONE', #2186, #1330, #669, .T. ) ;
#2683 = VERTEX_POINT ( 'NONE', #3036 ) ;
#2684 = ADVANCED_FACE ( 'NONE', ( #3059 ), #1531, .F. ) ;
#2685 = LINE ( 'NONE', #495, #1885 ) ;
#2686 = CARTESIAN_POINT ( 'NONE',  ( -1.720000000000000195, 0.5000000000000216493, 3.466369568594649397 ) ) ;
#2687 = ORIENTED_EDGE ( 'NONE', *, *, #2229, .T. ) ;
#2688 =( LENGTH_UNIT ( ) NAMED_UNIT ( * ) SI_UNIT ( .MILLI., .METRE. ) );
#2689 = UNCERTAINTY_MEASURE_WITH_UNIT (LENGTH_MEASURE( 1.000000000000000082E-05 ), #1948, 'distance_accuracy_value', 'NONE');
#2690 = CARTESIAN_POINT ( 'NONE',  ( -2.529999999999999805, 0.6099999999999999867, -4.379999999999999893 ) ) ;
#2691 =( GEOMETRIC_REPRESENTATION_CONTEXT ( 3 ) GLOBAL_UNCERTAINTY_ASSIGNED_CONTEXT ( ( #606 ) ) GLOBAL_UNIT_ASSIGNED_CONTEXT ( ( #3263, #1756, #856 ) ) REPRESENTATION_CONTEXT ( 'NONE', 'WORKASPACE' ) );
#2692 = VERTEX_POINT ( 'NONE', #1837 ) ;
#2693 = AXIS2_PLACEMENT_3D ( 'NONE', #1182, #1467, #3684 ) ;
#2694 = EDGE_CURVE ( 'NONE', #1005, #3452, #2923, .T. ) ;
#2695 = ORIENTED_EDGE ( 'NONE', *, *, #1601, .F. ) ;
#2696 = FILL_AREA_STYLE_COLOUR ( '', #3411 ) ;
#2697 = PRESENTATION_LAYER_ASSIGNMENT (  '', '', ( #2982 ) ) ;
#2698 = STYLED_ITEM ( 'NONE', ( #3839 ), #2112 ) ;
#2699 = COLOUR_RGB ( '',0.6666666666666666297, 0.6980392156862744724, 0.7686274509803920907 ) ;
#2700 = DIRECTION ( 'NONE',  ( 0.000000000000000000, -0.7409022449662884258, 0.6716128821009271777 ) ) ;
#2701 = FILL_AREA_STYLE ('',( #9 ) ) ;
#2702 = ADVANCED_FACE ( 'NONE', ( #818 ), #1629, .F. ) ;
#2703 = DIRECTION ( 'NONE',  ( -1.000000000000000000, -0.000000000000000000, -0.000000000000000000 ) ) ;
#2704 = EDGE_LOOP ( 'NONE', ( #476, #2939, #2369, #2886 ) ) ;
#2705 = COLOUR_RGB ( '',0.1098039215686274495, 0.1098039215686274495, 0.1098039215686274495 ) ;
#2706 = DIRECTION ( 'NONE',  ( 0.000000000000000000, -1.000000000000000000, 0.000000000000000000 ) ) ;
#2707 = EDGE_CURVE ( 'NONE', #3452, #1082, #1560, .T. ) ;
#2708 = CARTESIAN_POINT ( 'NONE',  ( -3.364999999999999769, 2.379999999999999893, 3.109999999999998987 ) ) ;
#2709 = PRESENTATION_LAYER_ASSIGNMENT (  '', '', ( #921 ) ) ;
#2710 =( NAMED_UNIT ( * ) SI_UNIT ( $, .STERADIAN. ) SOLID_ANGLE_UNIT ( ) );
#2711 = FACE_OUTER_BOUND ( 'NONE', #3324, .T. ) ;
#2712 = COLOUR_RGB ( '',0.6666666666666666297, 0.6980392156862744724, 0.7686274509803920907 ) ;
#2713 = PLANE ( 'NONE',  #2818 ) ;
#2714 = VECTOR ( 'NONE', #950, 1000.000000000000000 ) ;
#2715 = CIRCLE ( 'NONE', #62, 0.2499999999999993616 ) ;
#2716 = MECHANICAL_DESIGN_GEOMETRIC_PRESENTATION_REPRESENTATION (  '', ( #977 ), #640 ) ;
#2717 = LINE ( 'NONE', #2328, #701 ) ;
#2718 = SURFACE_STYLE_USAGE ( .BOTH. , #634 ) ;
#2719 = COLOUR_RGB ( '',0.6666666666666666297, 0.6980392156862744724, 0.7686274509803920907 ) ;
#2720 = ADVANCED_FACE ( 'NONE', ( #1161 ), #101, .T. ) ;
#2721 = VECTOR ( 'NONE', #2870, 1000.000000000000000 ) ;
#2722 =( NAMED_UNIT ( * ) SI_UNIT ( $, .STERADIAN. ) SOLID_ANGLE_UNIT ( ) );
#2723 = VECTOR ( 'NONE', #732, 1000.000000000000114 ) ;
#2724 = FILL_AREA_STYLE_COLOUR ( '', #2675 ) ;
#2725 = EDGE_LOOP ( 'NONE', ( #609, #1514, #3594, #1217, #916 ) ) ;
#2726 = COLOUR_RGB ( '',0.1098039215686274495, 0.1098039215686274495, 0.1098039215686274495 ) ;
#2727 = VECTOR ( 'NONE', #2008, 1000.000000000000000 ) ;
#2728 = ORIENTED_EDGE ( 'NONE', *, *, #3371, .F. ) ;
#2729 = CARTESIAN_POINT ( 'NONE',  ( 2.734999999999999876, -0.1300000000000046674, 6.114895591585637113 ) ) ;
#2730 = EDGE_CURVE ( 'NONE', #1050, #2095, #873, .T. ) ;
#2731 = ORIENTED_EDGE ( 'NONE', *, *, #3638, .T. ) ;
#2732 = ORIENTED_EDGE ( 'NONE', *, *, #3740, .T. ) ;
#2733 = CIRCLE ( 'NONE', #1822, 0.4999999999999995559 ) ;
#2734 = DIRECTION ( 'NONE',  ( 9.227252531791525393E-17, -0.000000000000000000, -1.000000000000000000 ) ) ;
#2735 = SURFACE_STYLE_USAGE ( .BOTH. , #644 ) ;
#2736 = MECHANICAL_DESIGN_GEOMETRIC_PRESENTATION_REPRESENTATION (  '', ( #2187 ), #3603 ) ;
#2737 = ADVANCED_FACE ( 'NONE', ( #1653 ), #2235, .F. ) ;
#2738 = VERTEX_POINT ( 'NONE', #1291 ) ;
#2739 = MECHANICAL_DESIGN_GEOMETRIC_PRESENTATION_REPRESENTATION (  '', ( #1663 ), #2540 ) ;
#2740 = DIRECTION ( 'NONE',  ( 0.000000000000000000, 4.293869990041602944E-16, -1.000000000000000000 ) ) ;
#2741 = ORIENTED_EDGE ( 'NONE', *, *, #1483, .T. ) ;
#2742 = MECHANICAL_DESIGN_GEOMETRIC_PRESENTATION_REPRESENTATION (  '', ( #1823 ), #1862 ) ;
#2743 = EDGE_CURVE ( 'NONE', #3828, #3290, #110, .T. ) ;
#2744 = LINE ( 'NONE', #2333, #779 ) ;
#2745 = PRESENTATION_LAYER_ASSIGNMENT (  '', '', ( #2266 ) ) ;
#2746 = ORIENTED_EDGE ( 'NONE', *, *, #680, .F. ) ;
#2747 = DIRECTION ( 'NONE',  ( 0.000000000000000000, -1.000000000000000000, 0.000000000000000000 ) ) ;
#2748 = ADVANCED_FACE ( 'NONE', ( #3297 ), #2813, .F. ) ;
#2749 = VERTEX_POINT ( 'NONE', #1020 ) ;
#2750 = DIRECTION ( 'NONE',  ( 0.000000000000000000, -1.000000000000000000, 0.000000000000000000 ) ) ;
#2751 = EDGE_LOOP ( 'NONE', ( #2098, #971, #2193, #1857 ) ) ;
#2752 = VERTEX_POINT ( 'NONE', #464 ) ;
#2753 =( GEOMETRIC_REPRESENTATION_CONTEXT ( 3 ) GLOBAL_UNCERTAINTY_ASSIGNED_CONTEXT ( ( #3510 ) ) GLOBAL_UNIT_ASSIGNED_CONTEXT ( ( #2784, #1584, #3680 ) ) REPRESENTATION_CONTEXT ( 'NONE', 'WORKASPACE' ) );
#2754 = EDGE_CURVE ( 'NONE', #3645, #2867, #204, .T. ) ;
#2755 = SURFACE_SIDE_STYLE ('',( #2603 ) ) ;
#2756 = DIRECTION ( 'NONE',  ( 0.000000000000000000, 0.9902680687415711391, 0.1391731009600592761 ) ) ;
#2757 = UNCERTAINTY_MEASURE_WITH_UNIT (LENGTH_MEASURE( 1.000000000000000082E-05 ), #2888, 'distance_accuracy_value', 'NONE');
#2758 = VECTOR ( 'NONE', #2892, 1000.000000000000000 ) ;
#2759 = LINE ( 'NONE', #720, #291 ) ;
#2760 = ADVANCED_FACE ( 'NONE', ( #394 ), #1119, .F. ) ;
#2761 = ORIENTED_EDGE ( 'NONE', *, *, #2353, .T. ) ;
#2762 = LINE ( 'NONE', #409, #1967 ) ;
#2763 = VECTOR ( 'NONE', #2588, 1000.000000000000000 ) ;
#2764 = VECTOR ( 'NONE', #1740, 1000.000000000000114 ) ;
#2765 = SURFACE_SIDE_STYLE ('',( #574 ) ) ;
#2766 = AXIS2_PLACEMENT_3D ( 'NONE', #3756, #3436, #1087 ) ;
#2767 =( LENGTH_UNIT ( ) NAMED_UNIT ( * ) SI_UNIT ( .MILLI., .METRE. ) );
#2768 = VECTOR ( 'NONE', #2632, 1000.000000000000000 ) ;
#2769 = SURFACE_STYLE_FILL_AREA ( #3230 ) ;
#2770 = FACE_OUTER_BOUND ( 'NONE', #396, .T. ) ;
#2771 = ADVANCED_FACE ( 'NONE', ( #919 ), #2600, .F. ) ;
#2772 = PRESENTATION_LAYER_ASSIGNMENT (  '', '', ( #2490 ) ) ;
#2773 = CIRCLE ( 'NONE', #1802, 1.109999999999999876 ) ;
#2774 = PRESENTATION_STYLE_ASSIGNMENT (( #2407 ) ) ;
#2775 = MECHANICAL_DESIGN_GEOMETRIC_PRESENTATION_REPRESENTATION (  '', ( #1564 ), #1775 ) ;
#2776 = DIRECTION ( 'NONE',  ( 0.000000000000000000, 0.1391731009600592761, -0.9902680687415711391 ) ) ;
#2777 = VECTOR ( 'NONE', #2359, 1000.000000000000114 ) ;
#2778 = CLOSED_SHELL ( 'NONE', ( #2771, #1014, #3870, #3633, #3349, #944, #2987, #3099, #71, #2112, #3384, #3310, #2452, #3708, #2806, #1273, #2760, #3018, #910, #374, #1568, #3358 ) ) ;
#2779 =( NAMED_UNIT ( * ) PLANE_ANGLE_UNIT ( ) SI_UNIT ( $, .RADIAN. ) );
#2780 = ORIENTED_EDGE ( 'NONE', *, *, #3730, .T. ) ;
#2781 = LINE ( 'NONE', #3393, #2315 ) ;
#2782 = VECTOR ( 'NONE', #400, 1000.000000000000000 ) ;
#2783 = EDGE_LOOP ( 'NONE', ( #2446, #3495, #1753, #3861, #3120, #2173 ) ) ;
#2784 =( LENGTH_UNIT ( ) NAMED_UNIT ( * ) SI_UNIT ( .MILLI., .METRE. ) );
#2785 = LINE ( 'NONE', #2417, #3541 ) ;
#2786 = UNCERTAINTY_MEASURE_WITH_UNIT (LENGTH_MEASURE( 1.000000000000000082E-05 ), #1051, 'distance_accuracy_value', 'NONE');
#2787 = EDGE_CURVE ( 'NONE', #262, #3056, #1243, .T. ) ;
#2788 = ORIENTED_EDGE ( 'NONE', *, *, #95, .F. ) ;
#2789 = SURFACE_STYLE_USAGE ( .BOTH. , #3066 ) ;
#2790 = AXIS2_PLACEMENT_3D ( 'NONE', #38, #2142, #1849 ) ;
#2791 = DIRECTION ( 'NONE',  ( 0.000000000000000000, 0.000000000000000000, 1.000000000000000000 ) ) ;
#2792 = CARTESIAN_POINT ( 'NONE',  ( -3.224459165297608898, 0.000000000000000000, -3.109999999999999876 ) ) ;
#2793 = VERTEX_POINT ( 'NONE', #2863 ) ;
#2794 =( GEOMETRIC_REPRESENTATION_CONTEXT ( 3 ) GLOBAL_UNCERTAINTY_ASSIGNED_CONTEXT ( ( #2426 ) ) GLOBAL_UNIT_ASSIGNED_CONTEXT ( ( #1461, #2357, #2649 ) ) REPRESENTATION_CONTEXT ( 'NONE', 'WORKASPACE' ) );
#2795 = PRESENTATION_LAYER_ASSIGNMENT (  '', '', ( #3468 ) ) ;
#2796 = SURFACE_STYLE_USAGE ( .BOTH. , #430 ) ;
#2797 = SURFACE_STYLE_USAGE ( .BOTH. , #2494 ) ;
#2798 =( NAMED_UNIT ( * ) SI_UNIT ( $, .STERADIAN. ) SOLID_ANGLE_UNIT ( ) );
#2799 = SURFACE_SIDE_STYLE ('',( #1335 ) ) ;
#2800 = CARTESIAN_POINT ( 'NONE',  ( 0.5699999999999999512, 1.610000000000021192, 4.119999999999998330 ) ) ;
#2801 = DIRECTION ( 'NONE',  ( 0.000000000000000000, 0.000000000000000000, -1.000000000000000000 ) ) ;
#2802 = SURFACE_SIDE_STYLE ('',( #622 ) ) ;
#2803 = MECHANICAL_DESIGN_GEOMETRIC_PRESENTATION_REPRESENTATION (  '', ( #2273 ), #2009 ) ;
#2804 = EDGE_CURVE ( 'NONE', #2645, #2129, #445, .T. ) ;
#2805 = CARTESIAN_POINT ( 'NONE',  ( -2.859999999999999876, 1.245490299132050893, 4.288771060507229116 ) ) ;
#2806 = ADVANCED_FACE ( 'NONE', ( #632 ), #2256, .F. ) ;
#2807 = PRESENTATION_STYLE_ASSIGNMENT (( #159 ) ) ;
#2808 = CIRCLE ( 'NONE', #1128, 1.109999999999998987 ) ;
#2809 = EDGE_CURVE ( 'NONE', #912, #3015, #2685, .T. ) ;
#2810 = UNCERTAINTY_MEASURE_WITH_UNIT (LENGTH_MEASURE( 1.000000000000000082E-05 ), #3820, 'distance_accuracy_value', 'NONE');
#2811 = DIRECTION ( 'NONE',  ( 0.000000000000000000, 0.000000000000000000, -1.000000000000000000 ) ) ;
#2812 = VECTOR ( 'NONE', #2319, 999.9999999999998863 ) ;
#2814 = CARTESIAN_POINT ( 'NONE',  ( -3.364999999999999769, 0.6099999999999539124, -3.109999999999999876 ) ) ;
#2813 = PLANE ( 'NONE',  #571 ) ;
#2815 =( NAMED_UNIT ( * ) PLANE_ANGLE_UNIT ( ) SI_UNIT ( $, .RADIAN. ) );
#2816 = CARTESIAN_POINT ( 'NONE',  ( -1.720000000000000195, 1.125490299132028804, 5.072401491912580163 ) ) ;
#2817 =( GEOMETRIC_REPRESENTATION_CONTEXT ( 3 ) GLOBAL_UNCERTAINTY_ASSIGNED_CONTEXT ( ( #1604 ) ) GLOBAL_UNIT_ASSIGNED_CONTEXT ( ( #1869, #638, #2722 ) ) REPRESENTATION_CONTEXT ( 'NONE', 'WORKASPACE' ) );
#2818 = AXIS2_PLACEMENT_3D ( 'NONE', #3017, #1225, #1810 ) ;
#2819 = EDGE_CURVE ( 'NONE', #125, #3314, #1114, .T. ) ;
#2820 = FILL_AREA_STYLE_COLOUR ( '', #2962 ) ;
#2821 = VECTOR ( 'NONE', #428, 1000.000000000000000 ) ;
#2822 = ORIENTED_EDGE ( 'NONE', *, *, #1015, .F. ) ;
#2823 = PRESENTATION_LAYER_ASSIGNMENT (  '', '', ( #1030 ) ) ;
#2824 = FACE_OUTER_BOUND ( 'NONE', #3429, .T. ) ;
#2825 = DIRECTION ( 'NONE',  ( 0.000000000000000000, -0.1391731009600622182, 0.9902680687415708061 ) ) ;
#2826 = ORIENTED_EDGE ( 'NONE', *, *, #298, .T. ) ;
#2828 = DIRECTION ( 'NONE',  ( 0.1378445374916257848, 0.9808148484639899189, -0.1378445374916257848 ) ) ;
#2827 = DIRECTION ( 'NONE',  ( -0.000000000000000000, 1.000000000000000000, 4.293869990041603930E-16 ) ) ;
#2829 = ORIENTED_EDGE ( 'NONE', *, *, #2966, .T. ) ;
#2830 = CARTESIAN_POINT ( 'NONE',  ( -0.5699999999999999512, 1.610000000000021192, 4.119999999999998330 ) ) ;
#2831 = CARTESIAN_POINT ( 'NONE',  ( -0.7500000000000000000, 0.6099999999999999867, -2.559999999999999165 ) ) ;
#2832 = CARTESIAN_POINT ( 'NONE',  ( 2.730000000000000426, 0.6099999999999999867, 0.8200000000000003952 ) ) ;
#2833 = CARTESIAN_POINT ( 'NONE',  ( -2.734999999999999876, 1.610000000000021192, 3.109999999999998987 ) ) ;
#2834 = VERTEX_POINT ( 'NONE', #2876 ) ;
#2835 = ORIENTED_EDGE ( 'NONE', *, *, #3485, .T. ) ;
#2836 = VECTOR ( 'NONE', #3050, 1000.000000000000000 ) ;
#2837 = ORIENTED_EDGE ( 'NONE', *, *, #898, .T. ) ;
#2838 = AXIS2_PLACEMENT_3D ( 'NONE', #2583, #3508, #2442 ) ;
#2839 = SURFACE_STYLE_USAGE ( .BOTH. , #2244 ) ;
#2840 = ORIENTED_EDGE ( 'NONE', *, *, #135, .T. ) ;
#2842 = CARTESIAN_POINT ( 'NONE',  ( -2.730000000000000426, 0.6099999999999999867, 0.8200000000000003952 ) ) ;
#2841 = FILL_AREA_STYLE ('',( #437 ) ) ;
#2843 = DIRECTION ( 'NONE',  ( -0.1391731009600621904, -0.9902680687415706950, 0.000000000000000000 ) ) ;
#2844 = SURFACE_SIDE_STYLE ('',( #3090 ) ) ;
#2845 = SURFACE_SIDE_STYLE ('',( #3415 ) ) ;
#2846 = SURFACE_STYLE_USAGE ( .BOTH. , #751 ) ;
#2847 = AXIS2_PLACEMENT_3D ( 'NONE', #3169, #143, #563 ) ;
#2848 = VERTEX_POINT ( 'NONE', #1102 ) ;
#2849 = EDGE_LOOP ( 'NONE', ( #36, #1337, #3709, #1429, #2387, #1240, #3367, #2568, #1859, #714 ) ) ;
#2850 = ORIENTED_EDGE ( 'NONE', *, *, #3640, .F. ) ;
#2851 = CARTESIAN_POINT ( 'NONE',  ( 2.859999999999999876, 1.000000000000021760, 3.109999999999998987 ) ) ;
#2852 = COLOUR_RGB ( '',0.1098039215686274495, 0.1098039215686274495, 0.1098039215686274495 ) ;
#2853 =( LENGTH_UNIT ( ) NAMED_UNIT ( * ) SI_UNIT ( .MILLI., .METRE. ) );
#2854 =( NAMED_UNIT ( * ) PLANE_ANGLE_UNIT ( ) SI_UNIT ( $, .RADIAN. ) );
#2855 = SURFACE_STYLE_FILL_AREA ( #1877 ) ;
#2856 = LINE ( 'NONE', #1140, #3 ) ;
#2857 = COLOUR_RGB ( '',0.1098039215686274495, 0.1098039215686274495, 0.1098039215686274495 ) ;
#2858 =( NAMED_UNIT ( * ) SI_UNIT ( $, .STERADIAN. ) SOLID_ANGLE_UNIT ( ) );
#2859 =( NAMED_UNIT ( * ) SI_UNIT ( $, .STERADIAN. ) SOLID_ANGLE_UNIT ( ) );
#2860 = VECTOR ( 'NONE', #1572, 1000.000000000000000 ) ;
#2861 = DIRECTION ( 'NONE',  ( 0.000000000000000000, -1.000000000000000000, 0.000000000000000000 ) ) ;
#2862 = LINE ( 'NONE', #863, #1796 ) ;
#2863 = CARTESIAN_POINT ( 'NONE',  ( -2.859999999999999876, 0.3800000000000001155, 4.250000000000000000 ) ) ;
#2864 = LINE ( 'NONE', #3221, #2721 ) ;
#2865 = CARTESIAN_POINT ( 'NONE',  ( -2.859999999999999876, 0.5000000000000216493, 3.466369568594649397 ) ) ;
#2866 = ORIENTED_EDGE ( 'NONE', *, *, #314, .F. ) ;
#2867 = VERTEX_POINT ( 'NONE', #1386 ) ;
#2868 = AXIS2_PLACEMENT_3D ( 'NONE', #2239, #1965, #2905 ) ;
#2869 = AXIS2_PLACEMENT_3D ( 'NONE', #3145, #2248, #3421 ) ;
#2870 = DIRECTION ( 'NONE',  ( -0.000000000000000000, 0.7409022449662884258, -0.6716128821009271777 ) ) ;
#2871 = ORIENTED_EDGE ( 'NONE', *, *, #3074, .F. ) ;
#2872 = PRESENTATION_STYLE_ASSIGNMENT (( #716 ) ) ;
#2873 = SURFACE_SIDE_STYLE ('',( #3533 ) ) ;
#2874 = ORIENTED_EDGE ( 'NONE', *, *, #1285, .T. ) ;
#2875 = ORIENTED_EDGE ( 'NONE', *, *, #2288, .T. ) ;
#2877 = DIRECTION ( 'NONE',  ( -0.000000000000000000, 0.7409022449662884258, -0.6716128821009271777 ) ) ;
#2876 = CARTESIAN_POINT ( 'NONE',  ( -3.364999999999999769, 1.000000000000021760, 3.109999999999998987 ) ) ;
#2878 = UNCERTAINTY_MEASURE_WITH_UNIT (LENGTH_MEASURE( 1.000000000000000082E-05 ), #689, 'distance_accuracy_value', 'NONE');
#2879 = DIRECTION ( 'NONE',  ( -0.000000000000000000, 1.000000000000000000, 4.293869990041603930E-16 ) ) ;
#2880 = EDGE_CURVE ( 'NONE', #3369, #1011, #310, .T. ) ;
#2881 =( LENGTH_UNIT ( ) NAMED_UNIT ( * ) SI_UNIT ( .MILLI., .METRE. ) );
#2882 = EDGE_CURVE ( 'NONE', #2313, #1255, #3792, .T. ) ;
#2883 = CARTESIAN_POINT ( 'NONE',  ( -0.7500000000000000000, 0.6099999999999999867, -2.559999999999999165 ) ) ;
#2884 =( NAMED_UNIT ( * ) PLANE_ANGLE_UNIT ( ) SI_UNIT ( $, .RADIAN. ) );
#2885 = CARTESIAN_POINT ( 'NONE',  ( 2.734999999999999876, 1.000000000000021760, 3.109999999999998987 ) ) ;
#2886 = ORIENTED_EDGE ( 'NONE', *, *, #2423, .T. ) ;
#2887 = AXIS2_PLACEMENT_3D ( 'NONE', #854, #2620, #1752 ) ;
#2888 =( LENGTH_UNIT ( ) NAMED_UNIT ( * ) SI_UNIT ( .MILLI., .METRE. ) );
#2889 = STYLED_ITEM ( 'NONE', ( #658 ), #418 ) ;
#2890 = EDGE_CURVE ( 'NONE', #2165, #155, #2087, .T. ) ;
#2891 = ORIENTED_EDGE ( 'NONE', *, *, #2486, .F. ) ;
#2892 = DIRECTION ( 'NONE',  ( 1.000000000000000000, 0.000000000000000000, 0.000000000000000000 ) ) ;
#2893 =( GEOMETRIC_REPRESENTATION_CONTEXT ( 3 ) GLOBAL_UNCERTAINTY_ASSIGNED_CONTEXT ( ( #3734 ) ) GLOBAL_UNIT_ASSIGNED_CONTEXT ( ( #1787, #864, #220 ) ) REPRESENTATION_CONTEXT ( 'NONE', 'WORKASPACE' ) );
#2894 = VECTOR ( 'NONE', #241, 1000.000000000000114 ) ;
#2895 = ORIENTED_EDGE ( 'NONE', *, *, #1790, .F. ) ;
#2896 = DIRECTION ( 'NONE',  ( 0.000000000000000000, -0.7409022449662884258, 0.6716128821009271777 ) ) ;
#2897 = VECTOR ( 'NONE', #3171, 1000.000000000000000 ) ;
#2898 = SURFACE_STYLE_FILL_AREA ( #829 ) ;
#2899 = PRESENTATION_STYLE_ASSIGNMENT (( #981 ) ) ;
#2900 = FACE_OUTER_BOUND ( 'NONE', #2725, .T. ) ;
#2901 = PLANE ( 'NONE',  #1718 ) ;
#2902 = DIRECTION ( 'NONE',  ( 0.000000000000000000, 0.000000000000000000, 1.000000000000000000 ) ) ;
#2903 = SURFACE_STYLE_FILL_AREA ( #82 ) ;
#2904 = MANIFOLD_SOLID_BREP ( 'Cut-Extrude2[1]', #1258 ) ;
#2905 = DIRECTION ( 'NONE',  ( 0.000000000000000000, 0.000000000000000000, 1.000000000000000000 ) ) ;
#2906 = CARTESIAN_POINT ( 'NONE',  ( -1.844999999999999751, -0.1300000000000046396, 6.030000000000033111 ) ) ;
#2907 = SURFACE_SIDE_STYLE ('',( #746 ) ) ;
#2908 = FILL_AREA_STYLE_COLOUR ( '', #1925 ) ;
#2909 = EDGE_CURVE ( 'NONE', #1845, #2834, #534, .T. ) ;
#2910 = ORIENTED_EDGE ( 'NONE', *, *, #3035, .F. ) ;
#2911 = STYLED_ITEM ( 'NONE', ( #2642 ), #2702 ) ;
#2912 = DIRECTION ( 'NONE',  ( -1.000000000000000000, -0.000000000000000000, 0.000000000000000000 ) ) ;
#2913 = LINE ( 'NONE', #558, #1651 ) ;
#2914 = CARTESIAN_POINT ( 'NONE',  ( -0.5699999999999999512, 1.000000000000021760, 4.119999999999998330 ) ) ;
#2915 = FACE_OUTER_BOUND ( 'NONE', #1798, .T. ) ;
#2916 = VERTEX_POINT ( 'NONE', #3013 ) ;
#2917 = DIRECTION ( 'NONE',  ( -1.000000000000000000, 0.000000000000000000, 0.000000000000000000 ) ) ;
#2918 = DIRECTION ( 'NONE',  ( -1.000000000000000000, -0.000000000000000000, -0.000000000000000000 ) ) ;
#2919 = FILL_AREA_STYLE ('',( #860 ) ) ;
#2920 = FILL_AREA_STYLE ('',( #1674 ) ) ;
#2921 = ORIENTED_EDGE ( 'NONE', *, *, #3774, .T. ) ;
#2922 = STYLED_ITEM ( 'NONE', ( #1364 ), #1811 ) ;
#2923 = LINE ( 'NONE', #2132, #2544 ) ;
#2924 = FILL_AREA_STYLE_COLOUR ( '', #2403 ) ;
#2925 = ORIENTED_EDGE ( 'NONE', *, *, #3640, .T. ) ;
#2926 = CARTESIAN_POINT ( 'NONE',  ( -1.720000000000000195, 0.02629274282888523218, 4.917919349846915367 ) ) ;
#2927 = VERTEX_POINT ( 'NONE', #2324 ) ;
#2928 = CARTESIAN_POINT ( 'NONE',  ( -3.224459165297608898, 0.000000000000000000, -3.109999999999999876 ) ) ;
#2929 = ORIENTED_EDGE ( 'NONE', *, *, #3140, .T. ) ;
#2930 = UNCERTAINTY_MEASURE_WITH_UNIT (LENGTH_MEASURE( 1.000000000000000082E-05 ), #1719, 'distance_accuracy_value', 'NONE');
#2931 = DIRECTION ( 'NONE',  ( 0.000000000000000000, 0.000000000000000000, 1.000000000000000000 ) ) ;
#2932 = FILL_AREA_STYLE ('',( #3231 ) ) ;
#2933 =( LENGTH_UNIT ( ) NAMED_UNIT ( * ) SI_UNIT ( .MILLI., .METRE. ) );
#2934 = COLOUR_RGB ( '',0.6666666666666666297, 0.6980392156862744724, 0.7686274509803920907 ) ;
#2935 = DIRECTION ( 'NONE',  ( -1.000000000000000000, 0.000000000000000000, 0.000000000000000000 ) ) ;
#2936 = EDGE_CURVE ( 'NONE', #348, #590, #158, .T. ) ;
#2937 = CARTESIAN_POINT ( 'NONE',  ( -2.730000000000000426, 0.000000000000000000, 0.8200000000000003952 ) ) ;
#2938 = SURFACE_SIDE_STYLE ('',( #1650 ) ) ;
#2939 = ORIENTED_EDGE ( 'NONE', *, *, #3282, .T. ) ;
#2940 = DIRECTION ( 'NONE',  ( 0.000000000000000000, 0.000000000000000000, -1.000000000000000000 ) ) ;
#2941 = VERTEX_POINT ( 'NONE', #2384 ) ;
#2942 = DIRECTION ( 'NONE',  ( -1.000000000000000000, -0.000000000000000000, -0.000000000000000000 ) ) ;
#2943 = DIRECTION ( 'NONE',  ( -1.000000000000000000, -0.000000000000000000, -0.000000000000000000 ) ) ;
#2944 = CARTESIAN_POINT ( 'NONE',  ( -1.844999999999999751, 1.610000000000021192, 3.109999999999998987 ) ) ;
#2945 = ORIENTED_EDGE ( 'NONE', *, *, #135, .F. ) ;
#2946 = VERTEX_POINT ( 'NONE', #2928 ) ;
#2947 = AXIS2_PLACEMENT_3D ( 'NONE', #1294, #3103, #651 ) ;
#2948 = FILL_AREA_STYLE_COLOUR ( '', #1047 ) ;
#2949 = SURFACE_STYLE_USAGE ( .BOTH. , #562 ) ;
#2950 = FILL_AREA_STYLE ('',( #465 ) ) ;
#2951 = MECHANICAL_DESIGN_GEOMETRIC_PRESENTATION_REPRESENTATION (  '', ( #415 ), #618 ) ;
#2952 = EDGE_CURVE ( 'NONE', #2164, #576, #2913, .T. ) ;
#2953 = ORIENTED_EDGE ( 'NONE', *, *, #2476, .T. ) ;
#2954 = COLOUR_RGB ( '',0.6666666666666666297, 0.6980392156862744724, 0.7686274509803920907 ) ;
#2955 = PRESENTATION_LAYER_ASSIGNMENT (  '', '', ( #2698 ) ) ;
#2956 = SURFACE_STYLE_USAGE ( .BOTH. , #245 ) ;
#2957 = ORIENTED_EDGE ( 'NONE', *, *, #3357, .F. ) ;
#2958 = SURFACE_STYLE_FILL_AREA ( #964 ) ;
#2959 = VECTOR ( 'NONE', #553, 1000.000000000000000 ) ;
#2960 = COLOUR_RGB ( '',0.6666666666666666297, 0.6980392156862744724, 0.7686274509803920907 ) ;
#2961 = CARTESIAN_POINT ( 'NONE',  ( 2.859999999999999876, 1.245490299132050893, 4.288771060507229116 ) ) ;
#2962 = COLOUR_RGB ( '',0.1098039215686274495, 0.1098039215686274495, 0.1098039215686274495 ) ;
#2963 = SURFACE_STYLE_FILL_AREA ( #2366 ) ;
#2964 = SURFACE_STYLE_FILL_AREA ( #3622 ) ;
#2965 = AXIS2_PLACEMENT_3D ( 'NONE', #535, #1918, #819 ) ;
#2966 = EDGE_CURVE ( 'NONE', #3021, #1149, #197, .T. ) ;
#2967 =( NAMED_UNIT ( * ) PLANE_ANGLE_UNIT ( ) SI_UNIT ( $, .RADIAN. ) );
#2968 = SURFACE_STYLE_FILL_AREA ( #3161 ) ;
#2969 =( LENGTH_UNIT ( ) NAMED_UNIT ( * ) SI_UNIT ( .MILLI., .METRE. ) );
#2970 = ORIENTED_EDGE ( 'NONE', *, *, #1348, .F. ) ;
#2971 = EDGE_LOOP ( 'NONE', ( #765, #1295, #171, #2874 ) ) ;
#2972 = SURFACE_STYLE_FILL_AREA ( #3400 ) ;
#2973 = CARTESIAN_POINT ( 'NONE',  ( 0.5699999999999999512, 1.610000000000021636, 3.109999999999998987 ) ) ;
#2974 = ORIENTED_EDGE ( 'NONE', *, *, #3427, .F. ) ;
#2975 = DIRECTION ( 'NONE',  ( 0.000000000000000000, 0.000000000000000000, -1.000000000000000000 ) ) ;
#2976 = STYLED_ITEM ( 'NONE', ( #2774 ), #3034 ) ;
#2977 = VECTOR ( 'NONE', #126, 1000.000000000000000 ) ;
#2978 = CARTESIAN_POINT ( 'NONE',  ( 2.859999999999999876, 0.6303562647612435121, 5.002814941432550455 ) ) ;
#2979 = ORIENTED_EDGE ( 'NONE', *, *, #2390, .T. ) ;
#2980 = SURFACE_STYLE_FILL_AREA ( #2100 ) ;
#2981 = CARTESIAN_POINT ( 'NONE',  ( 2.859999999999999876, 0.01436144552488709258, 5.002814941432550455 ) ) ;
#2982 = STYLED_ITEM ( 'NONE', ( #2899 ), #3688 ) ;
#2983 = CARTESIAN_POINT ( 'NONE',  ( -3.364999999999999769, 1.000000000000021760, 3.109999999999998987 ) ) ;
#2984 = DIRECTION ( 'NONE',  ( 0.000000000000000000, -1.000000000000000000, -4.293869990041603930E-16 ) ) ;
#2985 = UNCERTAINTY_MEASURE_WITH_UNIT (LENGTH_MEASURE( 1.000000000000000082E-05 ), #570, 'distance_accuracy_value', 'NONE');
#2986 = LINE ( 'NONE', #842, #885 ) ;
#2987 = ADVANCED_FACE ( 'NONE', ( #1510 ), #1477, .F. ) ;
#2988 =( LENGTH_UNIT ( ) NAMED_UNIT ( * ) SI_UNIT ( .MILLI., .METRE. ) );
#2989 = DIRECTION ( 'NONE',  ( -0.1391731009600621904, 0.9902680687415706950, 0.000000000000000000 ) ) ;
#2990 = EDGE_CURVE ( 'NONE', #816, #641, #2310, .T. ) ;
#2991 = ORIENTED_EDGE ( 'NONE', *, *, #1599, .F. ) ;
#2992 = FILL_AREA_STYLE_COLOUR ( '', #1018 ) ;
#2993 = STYLED_ITEM ( 'NONE', ( #3674 ), #2452 ) ;
#2994 =( LENGTH_UNIT ( ) NAMED_UNIT ( * ) SI_UNIT ( .MILLI., .METRE. ) );
#2995 = DIRECTION ( 'NONE',  ( 0.000000000000000000, -1.000000000000000000, 0.000000000000000000 ) ) ;
#2996 = VECTOR ( 'NONE', #2295, 1000.000000000000114 ) ;
#2997 = PRESENTATION_STYLE_ASSIGNMENT (( #482 ) ) ;
#2998 = STYLED_ITEM ( 'NONE', ( #1988 ), #3633 ) ;
#2999 = PRESENTATION_LAYER_ASSIGNMENT (  '', '', ( #2399 ) ) ;
#3000 = ADVANCED_FACE ( 'NONE', ( #2205 ), #3253, .F. ) ;
#3001 = UNCERTAINTY_MEASURE_WITH_UNIT (LENGTH_MEASURE( 1.000000000000000082E-05 ), #259, 'distance_accuracy_value', 'NONE');
#3002 = SURFACE_SIDE_STYLE ('',( #1895 ) ) ;
#3003 = LINE ( 'NONE', #3309, #2197 ) ;
#3004 = CARTESIAN_POINT ( 'NONE',  ( -2.730000000000000426, 0.6099999999999999867, 0.8200000000000003952 ) ) ;
#3005 = CARTESIAN_POINT ( 'NONE',  ( 0.7500000000000000000, 0.6099999999999999867, -2.559999999999999165 ) ) ;
#3006 = LINE ( 'NONE', #1952, #2358 ) ;
#3007 = PLANE ( 'NONE',  #3022 ) ;
#3008 = EDGE_LOOP ( 'NONE', ( #3258, #325, #451, #79, #489 ) ) ;
#3009 = PRESENTATION_LAYER_ASSIGNMENT (  '', '', ( #1480 ) ) ;
#3010 = FACE_OUTER_BOUND ( 'NONE', #869, .T. ) ;
#3011 = EDGE_CURVE ( 'NONE', #2461, #3539, #306, .T. ) ;
#3012 = VERTEX_POINT ( 'NONE', #1465 ) ;
#3013 = CARTESIAN_POINT ( 'NONE',  ( -0.5699999999999999512, 1.000000000000021760, 3.109999999999998987 ) ) ;
#3014 = DIRECTION ( 'NONE',  ( 0.000000000000000000, -1.000000000000000000, -4.293869990041603930E-16 ) ) ;
#3015 = VERTEX_POINT ( 'NONE', #1737 ) ;
#3016 =( NAMED_UNIT ( * ) PLANE_ANGLE_UNIT ( ) SI_UNIT ( $, .RADIAN. ) );
#3017 = CARTESIAN_POINT ( 'NONE',  ( 3.256783557279159691, 2.379999999999999893, 0.000000000000000000 ) ) ;
#3018 = ADVANCED_FACE ( 'NONE', ( #3365 ), #1778, .F. ) ;
#3019 = ORIENTED_EDGE ( 'NONE', *, *, #947, .T. ) ;
#3020 = AXIS2_PLACEMENT_3D ( 'NONE', #1088, #3462, #1672 ) ;
#3021 = VERTEX_POINT ( 'NONE', #2332 ) ;
#3022 = AXIS2_PLACEMENT_3D ( 'NONE', #909, #24, #3611 ) ;
#3023 = EDGE_CURVE ( 'NONE', #742, #344, #487, .T. ) ;
#3024 = PRESENTATION_LAYER_ASSIGNMENT (  '', '', ( #3823 ) ) ;
#3025 = CARTESIAN_POINT ( 'NONE',  ( -0.7500000000000000000, 0.6099999999999999867, -2.559999999999999165 ) ) ;
#3026 = FACE_OUTER_BOUND ( 'NONE', #2453, .T. ) ;
#3027 = DIRECTION ( 'NONE',  ( 0.000000000000000000, -1.000000000000000000, 0.000000000000000000 ) ) ;
#3028 = COLOUR_RGB ( '',0.6666666666666666297, 0.6980392156862744724, 0.7686274509803920907 ) ;
#3029 = EDGE_CURVE ( 'NONE', #3012, #3847, #1695, .T. ) ;
#3030 = ORIENTED_EDGE ( 'NONE', *, *, #1573, .T. ) ;
#3031 = ORIENTED_EDGE ( 'NONE', *, *, #341, .T. ) ;
#3032 = ORIENTED_EDGE ( 'NONE', *, *, #3140, .F. ) ;
#3033 = DIRECTION ( 'NONE',  ( 0.000000000000000000, 0.000000000000000000, 1.000000000000000000 ) ) ;
#3034 = ADVANCED_FACE ( 'NONE', ( #1643 ), #3535, .F. ) ;
#3035 = EDGE_CURVE ( 'NONE', #406, #3314, #152, .T. ) ;
#3036 = CARTESIAN_POINT ( 'NONE',  ( -3.364999999999999769, 1.609999999999983888, -2.969459165297607228 ) ) ;
#3037 = LINE ( 'NONE', #1950, #2520 ) ;
#3038 =( LENGTH_UNIT ( ) NAMED_UNIT ( * ) SI_UNIT ( .MILLI., .METRE. ) );
#3039 = VERTEX_POINT ( 'NONE', #3288 ) ;
#3040 =( NAMED_UNIT ( * ) SI_UNIT ( $, .STERADIAN. ) SOLID_ANGLE_UNIT ( ) );
#3041 = COLOUR_RGB ( '',0.6666666666666666297, 0.6980392156862744724, 0.7686274509803920907 ) ;
#3042 = LINE ( 'NONE', #2630, #1870 ) ;
#3043 = MECHANICAL_DESIGN_GEOMETRIC_PRESENTATION_REPRESENTATION (  '', ( #447 ), #3250 ) ;
#3044 = CIRCLE ( 'NONE', #936, 0.5000000000000000000 ) ;
#3045 = DIRECTION ( 'NONE',  ( -1.000000000000000000, 0.000000000000000000, -0.000000000000000000 ) ) ;
#3046 = UNCERTAINTY_MEASURE_WITH_UNIT (LENGTH_MEASURE( 1.000000000000000082E-05 ), #2401, 'distance_accuracy_value', 'NONE');
#3047 = PRESENTATION_STYLE_ASSIGNMENT (( #2067 ) ) ;
#3048 = LINE ( 'NONE', #3691, #2530 ) ;
#3049 = SURFACE_STYLE_FILL_AREA ( #1024 ) ;
#3050 = DIRECTION ( 'NONE',  ( -1.000000000000000000, -0.000000000000000000, -0.000000000000000000 ) ) ;
#3051 = DIRECTION ( 'NONE',  ( -0.000000000000000000, 0.9902680687415712502, 0.1391731009600587488 ) ) ;
#3052 = LINE ( 'NONE', #3762, #3185 ) ;
#3053 = VERTEX_POINT ( 'NONE', #3005 ) ;
#3054 = ADVANCED_FACE ( 'NONE', ( #1921 ), #50, .F. ) ;
#3055 = DIRECTION ( 'NONE',  ( -1.000000000000000000, 0.000000000000000000, 0.000000000000000000 ) ) ;
#3056 = VERTEX_POINT ( 'NONE', #3303 ) ;
#3057 =( LENGTH_UNIT ( ) NAMED_UNIT ( * ) SI_UNIT ( .MILLI., .METRE. ) );
#3058 = ORIENTED_EDGE ( 'NONE', *, *, #78, .F. ) ;
#3059 = FACE_OUTER_BOUND ( 'NONE', #1724, .T. ) ;
#3060 = ADVANCED_FACE ( 'NONE', ( #3621 ), #1818, .T. ) ;
#3061 =( LENGTH_UNIT ( ) NAMED_UNIT ( * ) SI_UNIT ( .MILLI., .METRE. ) );
#3062 =( NAMED_UNIT ( * ) SI_UNIT ( $, .STERADIAN. ) SOLID_ANGLE_UNIT ( ) );
#3063 = AXIS2_PLACEMENT_3D ( 'NONE', #2010, #2309, #1417 ) ;
#3064 = PRESENTATION_LAYER_ASSIGNMENT (  '', '', ( #2351 ) ) ;
#3065 = ORIENTED_EDGE ( 'NONE', *, *, #2707, .T. ) ;
#3066 = SURFACE_SIDE_STYLE ('',( #2855 ) ) ;
#3067 = DIRECTION ( 'NONE',  ( 0.000000000000000000, 0.1391731009600587488, -0.9902680687415712502 ) ) ;
#3068 = CARTESIAN_POINT ( 'NONE',  ( -3.364999999999999769, 0.000000000000000000, -3.109999999999999876 ) ) ;
#3069 = EDGE_LOOP ( 'NONE', ( #2687, #2373, #1430, #543 ) ) ;
#3070 = EDGE_LOOP ( 'NONE', ( #2656, #2340, #3122, #3855, #2006, #725 ) ) ;
#3071 = MECHANICAL_DESIGN_GEOMETRIC_PRESENTATION_REPRESENTATION (  '', ( #2550 ), #1357 ) ;
#3072 = EDGE_CURVE ( 'NONE', #2217, #841, #1464, .T. ) ;
#3073 = DIRECTION ( 'NONE',  ( 9.227252531791525393E-17, -0.000000000000000000, -1.000000000000000000 ) ) ;
#3074 = EDGE_CURVE ( 'NONE', #406, #637, #2626, .T. ) ;
#3075 = FILL_AREA_STYLE_COLOUR ( '', #3041 ) ;
#3076 = COLOUR_RGB ( '',0.6666666666666666297, 0.6980392156862744724, 0.7686274509803920907 ) ;
#3077 = SURFACE_SIDE_STYLE ('',( #1428 ) ) ;
#3078 = LINE ( 'NONE', #1894, #902 ) ;
#3079 = LINE ( 'NONE', #572, #3460 ) ;
#3080 = CARTESIAN_POINT ( 'NONE',  ( -0.7500000000000000000, -0.000000000000000000, -2.060000000000000497 ) ) ;
#3081 = PLANE ( 'NONE',  #1873 ) ;
#3082 = MECHANICAL_DESIGN_GEOMETRIC_PRESENTATION_REPRESENTATION (  '', ( #735 ), #3291 ) ;
#3083 = CARTESIAN_POINT ( 'NONE',  ( 1.844999999999999751, 0.01436144552488705269, 5.002814941432550455 ) ) ;
#3084 = LINE ( 'NONE', #1013, #2298 ) ;
#3085 = MECHANICAL_DESIGN_GEOMETRIC_PRESENTATION_REPRESENTATION (  '', ( #952 ), #1296 ) ;
#3086 = PRESENTATION_LAYER_ASSIGNMENT (  '', '', ( #2889 ) ) ;
#3087 = EDGE_CURVE ( 'NONE', #3727, #3837, #1546, .T. ) ;
#3088 = LINE ( 'NONE', #1060, #1634 ) ;
#3090 = SURFACE_STYLE_FILL_AREA ( #748 ) ;
#3089 = CARTESIAN_POINT ( 'NONE',  ( 3.365000000000000657, 1.000000000000021760, 3.109999999999998987 ) ) ;
#3091 = FILL_AREA_STYLE ('',( #3728 ) ) ;
#3092 = UNCERTAINTY_MEASURE_WITH_UNIT (LENGTH_MEASURE( 1.000000000000000082E-05 ), #2994, 'distance_accuracy_value', 'NONE');
#3093 = MECHANICAL_DESIGN_GEOMETRIC_PRESENTATION_REPRESENTATION (  '', ( #1697 ), #1272 ) ;
#3094 = SURFACE_SIDE_STYLE ('',( #2903 ) ) ;
#3095 = LINE ( 'NONE', #3191, #386 ) ;
#3096 = ORIENTED_EDGE ( 'NONE', *, *, #3203, .F. ) ;
#3098 =( NAMED_UNIT ( * ) SI_UNIT ( $, .STERADIAN. ) SOLID_ANGLE_UNIT ( ) );
#3097 = DIRECTION ( 'NONE',  ( 0.000000000000000000, 0.000000000000000000, 1.000000000000000000 ) ) ;
#3099 = ADVANCED_FACE ( 'NONE', ( #1638 ), #1245, .F. ) ;
#3100 = DIRECTION ( 'NONE',  ( 0.000000000000000000, -0.6716128821009280658, -0.7409022449662876486 ) ) ;
#3101 =( NAMED_UNIT ( * ) PLANE_ANGLE_UNIT ( ) SI_UNIT ( $, .RADIAN. ) );
#3102 = ORIENTED_EDGE ( 'NONE', *, *, #815, .F. ) ;
#3103 = DIRECTION ( 'NONE',  ( 0.000000000000000000, 1.000000000000000000, 0.000000000000000000 ) ) ;
#3104 = SURFACE_STYLE_FILL_AREA ( #1971 ) ;
#3105 = EDGE_LOOP ( 'NONE', ( #492, #2891, #3111, #179 ) ) ;
#3106 = DIRECTION ( 'NONE',  ( -0.000000000000000000, -1.000000000000000000, -0.000000000000000000 ) ) ;
#3107 = STYLED_ITEM ( 'NONE', ( #177 ), #19 ) ;
#3108 = ORIENTED_EDGE ( 'NONE', *, *, #1901, .F. ) ;
#3109 = ORIENTED_EDGE ( 'NONE', *, *, #3431, .F. ) ;
#3110 =( GEOMETRIC_REPRESENTATION_CONTEXT ( 3 ) GLOBAL_UNCERTAINTY_ASSIGNED_CONTEXT ( ( #3692 ) ) GLOBAL_UNIT_ASSIGNED_CONTEXT ( ( #1806, #2391, #920 ) ) REPRESENTATION_CONTEXT ( 'NONE', 'WORKASPACE' ) );
#3111 = ORIENTED_EDGE ( 'NONE', *, *, #647, .F. ) ;
#3113 = DIRECTION ( 'NONE',  ( 1.000000000000000000, 0.000000000000000000, 0.000000000000000000 ) ) ;
#3112 =( NAMED_UNIT ( * ) SI_UNIT ( $, .STERADIAN. ) SOLID_ANGLE_UNIT ( ) );
#3114 = SURFACE_STYLE_USAGE ( .BOTH. , #164 ) ;
#3115 = DIRECTION ( 'NONE',  ( -1.000000000000000000, -0.000000000000000000, -0.000000000000000000 ) ) ;
#3116 =( GEOMETRIC_REPRESENTATION_CONTEXT ( 3 ) GLOBAL_UNCERTAINTY_ASSIGNED_CONTEXT ( ( #2409 ) ) GLOBAL_UNIT_ASSIGNED_CONTEXT ( ( #1589, #1312, #1259 ) ) REPRESENTATION_CONTEXT ( 'NONE', 'WORKASPACE' ) );
#3117 = PRESENTATION_STYLE_ASSIGNMENT (( #2016 ) ) ;
#3118 = FILL_AREA_STYLE ('',( #2231 ) ) ;
#3119 = ORIENTED_EDGE ( 'NONE', *, *, #1923, .T. ) ;
#3120 = ORIENTED_EDGE ( 'NONE', *, *, #2754, .F. ) ;
#3121 = ORIENTED_EDGE ( 'NONE', *, *, #3216, .T. ) ;
#3122 = ORIENTED_EDGE ( 'NONE', *, *, #2229, .F. ) ;
#3123 = CARTESIAN_POINT ( 'NONE',  ( -2.529999999999999805, 0.6099999999999999867, -4.379999999999999893 ) ) ;
#3124 =( NAMED_UNIT ( * ) SI_UNIT ( $, .STERADIAN. ) SOLID_ANGLE_UNIT ( ) );
#3125 = DIRECTION ( 'NONE',  ( 1.000000000000000000, 0.000000000000000000, 0.000000000000000000 ) ) ;
#3126 = COLOUR_RGB ( '',0.7921568627450980005, 0.8196078431372548767, 0.9333333333333333481 ) ;
#3127 = EDGE_CURVE ( 'NONE', #3452, #1050, #1370, .T. ) ;
#3128 = VECTOR ( 'NONE', #2281, 1000.000000000000000 ) ;
#3129 = CIRCLE ( 'NONE', #1090, 0.2499999999999993616 ) ;
#3131 = CARTESIAN_POINT ( 'NONE',  ( 2.859999999999999876, 0.3800000000000001155, 4.250000000000000000 ) ) ;
#3130 = FILL_AREA_STYLE_COLOUR ( '', #3534 ) ;
#3132 = DIRECTION ( 'NONE',  ( 0.1378445374916257848, 0.9808148484639899189, 0.1378445374916256461 ) ) ;
#3133 = LINE ( 'NONE', #1745, #1637 ) ;
#3134 = SURFACE_SIDE_STYLE ('',( #300 ) ) ;
#3135 = AXIS2_PLACEMENT_3D ( 'NONE', #1344, #118, #3453 ) ;
#3136 = FILL_AREA_STYLE_COLOUR ( '', #3320 ) ;
#3137 = PRESENTATION_LAYER_ASSIGNMENT (  '', '', ( #2601 ) ) ;
#3138 = CYLINDRICAL_SURFACE ( 'NONE', #3202, 0.2499999999999993616 ) ;
#3139 =( GEOMETRIC_REPRESENTATION_CONTEXT ( 3 ) GLOBAL_UNCERTAINTY_ASSIGNED_CONTEXT ( ( #3428 ) ) GLOBAL_UNIT_ASSIGNED_CONTEXT ( ( #3339, #895, #1781 ) ) REPRESENTATION_CONTEXT ( 'NONE', 'WORKASPACE' ) );
#3140 = EDGE_CURVE ( 'NONE', #355, #1498, #3048, .T. ) ;
#3141 = VECTOR ( 'NONE', #307, 1000.000000000000000 ) ;
#3142 = ORIENTED_EDGE ( 'NONE', *, *, #2605, .F. ) ;
#3143 =( GEOMETRIC_REPRESENTATION_CONTEXT ( 3 ) GLOBAL_UNCERTAINTY_ASSIGNED_CONTEXT ( ( #2517 ) ) GLOBAL_UNIT_ASSIGNED_CONTEXT ( ( #3228, #843, #1976 ) ) REPRESENTATION_CONTEXT ( 'NONE', 'WORKASPACE' ) );
#3144 = EDGE_LOOP ( 'NONE', ( #506, #3121, #3559, #2232 ) ) ;
#3145 = CARTESIAN_POINT ( 'NONE',  ( 1.719999999999999973, -0.1300000000000042510, 5.002814941432550455 ) ) ;
#3146 = CARTESIAN_POINT ( 'NONE',  ( 2.730000000000000426, 0.6099999999999999867, 0.8200000000000003952 ) ) ;
#3147 = AXIS2_PLACEMENT_3D ( 'NONE', #3089, #1310, #2203 ) ;
#3148 = FILL_AREA_STYLE_COLOUR ( '', #7 ) ;
#3149 = ORIENTED_EDGE ( 'NONE', *, *, #3730, .F. ) ;
#3150 = EDGE_CURVE ( 'NONE', #1011, #2165, #1834, .T. ) ;
#3151 = SURFACE_STYLE_FILL_AREA ( #940 ) ;
#3152 = EDGE_LOOP ( 'NONE', ( #2837, #1980, #2223, #772 ) ) ;
#3153 = CARTESIAN_POINT ( 'NONE',  ( -1.844999999999999751, 1.531025676947492142, 3.877570314550939479 ) ) ;
#3154 = COLOUR_RGB ( '',0.1098039215686274495, 0.1098039215686274495, 0.1098039215686274495 ) ;
#3155 = CARTESIAN_POINT ( 'NONE',  ( 3.224459165297609786, 0.000000000000000000, -3.109999999999999876 ) ) ;
#3156 = DIRECTION ( 'NONE',  ( 1.000000000000000000, 0.000000000000000000, 0.000000000000000000 ) ) ;
#3158 = DIRECTION ( 'NONE',  ( 0.3713906763541052203, 0.000000000000000000, 0.9284766908852586376 ) ) ;
#3157 = SURFACE_SIDE_STYLE ('',( #3426 ) ) ;
#3159 = UNCERTAINTY_MEASURE_WITH_UNIT (LENGTH_MEASURE( 1.000000000000000082E-05 ), #3711, 'distance_accuracy_value', 'NONE');
#3160 = SURFACE_STYLE_USAGE ( .BOTH. , #2845 ) ;
#3161 = FILL_AREA_STYLE ('',( #2924 ) ) ;
#3162 = AXIS2_PLACEMENT_3D ( 'NONE', #2209, #1035, #1621 ) ;
#3163 = PLANE ( 'NONE',  #3270 ) ;
#3164 = MECHANICAL_DESIGN_GEOMETRIC_PRESENTATION_REPRESENTATION (  '', ( #1373 ), #3650 ) ;
#3165 = EDGE_LOOP ( 'NONE', ( #900, #3375, #53, #985 ) ) ;
#3166 = ORIENTED_EDGE ( 'NONE', *, *, #3035, .T. ) ;
#3167 = SURFACE_SIDE_STYLE ('',( #3454 ) ) ;
#3168 = FACE_OUTER_BOUND ( 'NONE', #2430, .T. ) ;
#3169 = CARTESIAN_POINT ( 'NONE',  ( -1.720000000000000195, 0.5000000000000216493, 3.466369568594649397 ) ) ;
#3170 = LINE ( 'NONE', #3747, #3778 ) ;
#3171 = DIRECTION ( 'NONE',  ( -1.000000000000000000, -0.000000000000000000, -0.000000000000000000 ) ) ;
#3172 = VERTEX_POINT ( 'NONE', #2185 ) ;
#3173 = SURFACE_STYLE_FILL_AREA ( #987 ) ;
#3174 = CYLINDRICAL_SURFACE ( 'NONE', #2868, 0.5000000000000004441 ) ;
#3175 = CARTESIAN_POINT ( 'NONE',  ( 1.844999999999999751, -0.1300000000000046674, 6.114895591585637113 ) ) ;
#3176 = DIRECTION ( 'NONE',  ( 1.000000000000000000, 0.000000000000000000, 0.000000000000000000 ) ) ;
#3177 = EDGE_CURVE ( 'NONE', #3672, #76, #582, .T. ) ;
#3178 = PRESENTATION_STYLE_ASSIGNMENT (( #176 ) ) ;
#3179 = PRESENTATION_STYLE_ASSIGNMENT (( #2839 ) ) ;
#3180 =( GEOMETRIC_REPRESENTATION_CONTEXT ( 3 ) GLOBAL_UNCERTAINTY_ASSIGNED_CONTEXT ( ( #275 ) ) GLOBAL_UNIT_ASSIGNED_CONTEXT ( ( #1045, #115, #3420 ) ) REPRESENTATION_CONTEXT ( 'NONE', 'WORKASPACE' ) );
#3181 =( LENGTH_UNIT ( ) NAMED_UNIT ( * ) SI_UNIT ( .MILLI., .METRE. ) );
#3182 = DIRECTION ( 'NONE',  ( -1.000000000000000000, -0.000000000000000000, -0.000000000000000000 ) ) ;
#3183 = VECTOR ( 'NONE', #3677, 1000.000000000000000 ) ;
#3184 = CARTESIAN_POINT ( 'NONE',  ( 2.859999999999999876, 1.125490299132028804, 5.072401491912580163 ) ) ;
#3185 = VECTOR ( 'NONE', #3488, 1000.000000000000114 ) ;
#3186 = ORIENTED_EDGE ( 'NONE', *, *, #3501, .T. ) ;
#3187 = STYLED_ITEM ( 'NONE', ( #2669 ), #3595 ) ;
#3188 = CARTESIAN_POINT ( 'NONE',  ( 1.719999999999999973, 0.8358064410504852937, 3.836820691077793555 ) ) ;
#3189 = FACE_OUTER_BOUND ( 'NONE', #1378, .T. ) ;
#3190 = MECHANICAL_DESIGN_GEOMETRIC_PRESENTATION_REPRESENTATION (  '', ( #2399 ), #3787 ) ;
#3191 = CARTESIAN_POINT ( 'NONE',  ( -2.730000000000000426, 0.6099999999999999867, 0.8200000000000003952 ) ) ;
#3192 = ORIENTED_EDGE ( 'NONE', *, *, #1172, .F. ) ;
#3193 = FACE_OUTER_BOUND ( 'NONE', #463, .T. ) ;
#3194 = ORIENTED_EDGE ( 'NONE', *, *, #2012, .T. ) ;
#3195 = CARTESIAN_POINT ( 'NONE',  ( -1.844999999999999751, -0.1300000000000033906, 3.109999999999998099 ) ) ;
#3196 = CARTESIAN_POINT ( 'NONE',  ( -2.734999999999999876, 1.531025676947491698, 3.877570314550939923 ) ) ;
#3197 = VECTOR ( 'NONE', #3713, 1000.000000000000000 ) ;
#3198 =( NAMED_UNIT ( * ) PLANE_ANGLE_UNIT ( ) SI_UNIT ( $, .RADIAN. ) );
#3199 = ORIENTED_EDGE ( 'NONE', *, *, #2147, .F. ) ;
#3200 = FACE_OUTER_BOUND ( 'NONE', #1019, .T. ) ;
#3201 = CARTESIAN_POINT ( 'NONE',  ( 0.000000000000000000, 0.000000000000000000, 0.000000000000000000 ) ) ;
#3202 = AXIS2_PLACEMENT_3D ( 'NONE', #3405, #3717, #86 ) ;
#3203 = EDGE_CURVE ( 'NONE', #2738, #3779, #2250, .T. ) ;
#3204 = ORIENTED_EDGE ( 'NONE', *, *, #3177, .T. ) ;
#3205 = EDGE_CURVE ( 'NONE', #348, #3039, #1147, .T. ) ;
#3206 = CARTESIAN_POINT ( 'NONE',  ( 1.719999999999999973, 0.5000000000000216493, 3.466369568594649397 ) ) ;
#3207 = VERTEX_POINT ( 'NONE', #2458 ) ;
#3208 = PLANE ( 'NONE',  #13 ) ;
#3209 = CARTESIAN_POINT ( 'NONE',  ( 1.719999999999999973, 1.245490299132050893, 4.288771060507229116 ) ) ;
#3210 = UNCERTAINTY_MEASURE_WITH_UNIT (LENGTH_MEASURE( 1.000000000000000082E-05 ), #1252, 'distance_accuracy_value', 'NONE');
#3211 =( GEOMETRIC_REPRESENTATION_CONTEXT ( 3 ) GLOBAL_UNCERTAINTY_ASSIGNED_CONTEXT ( ( #3092 ) ) GLOBAL_UNIT_ASSIGNED_CONTEXT ( ( #2994, #3016, #2438 ) ) REPRESENTATION_CONTEXT ( 'NONE', 'WORKASPACE' ) );
#3212 = DIRECTION ( 'NONE',  ( 0.000000000000000000, 0.000000000000000000, 1.000000000000000000 ) ) ;
#3213 = ORIENTED_EDGE ( 'NONE', *, *, #2615, .F. ) ;
#3214 = AXIS2_PLACEMENT_3D ( 'NONE', #2379, #2081, #288 ) ;
#3215 = FILL_AREA_STYLE ('',( #2612 ) ) ;
#3216 = EDGE_CURVE ( 'NONE', #3847, #1994, #1271, .T. ) ;
#3217 = ORIENTED_EDGE ( 'NONE', *, *, #754, .F. ) ;
#3218 = SURFACE_SIDE_STYLE ('',( #695 ) ) ;
#3219 = EDGE_LOOP ( 'NONE', ( #3560, #1375, #3240, #3058 ) ) ;
#3220 =( NAMED_UNIT ( * ) SI_UNIT ( $, .STERADIAN. ) SOLID_ANGLE_UNIT ( ) );
#3221 = CARTESIAN_POINT ( 'NONE',  ( 2.859999999999999876, 0.8358064410504852937, 3.836820691077793555 ) ) ;
#3222 = SURFACE_STYLE_USAGE ( .BOTH. , #1707 ) ;
#3223 = DIRECTION ( 'NONE',  ( -1.000000000000000000, -0.000000000000000000, -0.000000000000000000 ) ) ;
#3224 = AXIS2_PLACEMENT_3D ( 'NONE', #3815, #2055, #2043 ) ;
#3225 = CARTESIAN_POINT ( 'NONE',  ( 2.859999999999999876, 1.000000000000021760, 3.109999999999998987 ) ) ;
#3226 = VECTOR ( 'NONE', #1631, 1000.000000000000000 ) ;
#3227 = CARTESIAN_POINT ( 'NONE',  ( -2.734999999999999876, -0.1300000000000038070, 3.877570314550939035 ) ) ;
#3228 =( LENGTH_UNIT ( ) NAMED_UNIT ( * ) SI_UNIT ( .MILLI., .METRE. ) );
#3229 = COLOUR_RGB ( '',0.6666666666666666297, 0.6980392156862744724, 0.7686274509803920907 ) ;
#3230 = FILL_AREA_STYLE ('',( #2079 ) ) ;
#3231 = FILL_AREA_STYLE_COLOUR ( '', #1495 ) ;
#3232 = APPLICATION_CONTEXT ( 'automotive_design' ) ;
#3233 = PRESENTATION_STYLE_ASSIGNMENT (( #3736 ) ) ;
#3234 = DIRECTION ( 'NONE',  ( -1.000000000000000000, -0.000000000000000000, -0.000000000000000000 ) ) ;
#3235 = CARTESIAN_POINT ( 'NONE',  ( 2.730000000000000426, 0.6099999999999999867, 0.8200000000000003952 ) ) ;
#3236 = CARTESIAN_POINT ( 'NONE',  ( 1.719999999999999973, 0.02629274282888523218, 4.917919349846915367 ) ) ;
#3237 = PLANE ( 'NONE',  #11 ) ;
#3238 = PRESENTATION_STYLE_ASSIGNMENT (( #3160 ) ) ;
#3239 = PLANE ( 'NONE',  #3626 ) ;
#3240 = ORIENTED_EDGE ( 'NONE', *, *, #58, .F. ) ;
#3241 = EDGE_CURVE ( 'NONE', #60, #2946, #1504, .T. ) ;
#3242 = SURFACE_STYLE_USAGE ( .BOTH. , #1485 ) ;
#3243 = PRESENTATION_STYLE_ASSIGNMENT (( #1127 ) ) ;
#3244 = FACE_OUTER_BOUND ( 'NONE', #587, .T. ) ;
#3245 = ORIENTED_EDGE ( 'NONE', *, *, #1483, .F. ) ;
#3246 = VECTOR ( 'NONE', #583, 1000.000000000000000 ) ;
#3247 =( NAMED_UNIT ( * ) PLANE_ANGLE_UNIT ( ) SI_UNIT ( $, .RADIAN. ) );
#3248 = DIRECTION ( 'NONE',  ( 0.000000000000000000, 0.000000000000000000, 1.000000000000000000 ) ) ;
#3249 = ORIENTED_EDGE ( 'NONE', *, *, #680, .T. ) ;
#3250 =( GEOMETRIC_REPRESENTATION_CONTEXT ( 3 ) GLOBAL_UNCERTAINTY_ASSIGNED_CONTEXT ( ( #3285 ) ) GLOBAL_UNIT_ASSIGNED_CONTEXT ( ( #1603, #1847, #2149 ) ) REPRESENTATION_CONTEXT ( 'NONE', 'WORKASPACE' ) );
#3251 =( LENGTH_UNIT ( ) NAMED_UNIT ( * ) SI_UNIT ( .MILLI., .METRE. ) );
#3252 = ORIENTED_EDGE ( 'NONE', *, *, #2026, .T. ) ;
#3253 = PLANE ( 'NONE',  #969 ) ;
#3254 = LINE ( 'NONE', #2708, #2262 ) ;
#3255 = CARTESIAN_POINT ( 'NONE',  ( 2.859999999999999876, 0.7896838580815656039, 4.701950369429436449 ) ) ;
#3256 = FILL_AREA_STYLE_COLOUR ( '', #3600 ) ;
#3257 = LINE ( 'NONE', #2032, #1765 ) ;
#3258 = ORIENTED_EDGE ( 'NONE', *, *, #1573, .F. ) ;
#3259 = CARTESIAN_POINT ( 'NONE',  ( 2.859999999999999876, 0.02629274282888501707, 4.917919349846915367 ) ) ;
#3260 = DIRECTION ( 'NONE',  ( -0.3713906763541051648, 0.000000000000000000, -0.9284766908852586376 ) ) ;
#3261 = VECTOR ( 'NONE', #2654, 1000.000000000000000 ) ;
#3262 = DIRECTION ( 'NONE',  ( -0.9902680687415708061, -0.1391731009600622182, -0.000000000000000000 ) ) ;
#3263 =( LENGTH_UNIT ( ) NAMED_UNIT ( * ) SI_UNIT ( .MILLI., .METRE. ) );
#3264 = CARTESIAN_POINT ( 'NONE',  ( -1.720000000000000195, 1.610000000000021636, 3.109999999999998987 ) ) ;
#3265 = CARTESIAN_POINT ( 'NONE',  ( 1.844999999999999751, 0.6303562647612435121, 5.002814941432550455 ) ) ;
#3266 = ORIENTED_EDGE ( 'NONE', *, *, #2936, .T. ) ;
#3267 = VERTEX_POINT ( 'NONE', #3083 ) ;
#3268 = AXIS2_PLACEMENT_3D ( 'NONE', #2832, #2251, #2525 ) ;
#3269 = FILL_AREA_STYLE ('',( #1197 ) ) ;
#3270 = AXIS2_PLACEMENT_3D ( 'NONE', #2265, #1382, #1696 ) ;
#3271 = VECTOR ( 'NONE', #1513, 1000.000000000000000 ) ;
#3272 = DIRECTION ( 'NONE',  ( -0.000000000000000000, 0.7409022449662884258, -0.6716128821009271777 ) ) ;
#3273 = FACE_OUTER_BOUND ( 'NONE', #1111, .T. ) ;
#3274 = ORIENTED_EDGE ( 'NONE', *, *, #286, .F. ) ;
#3275 = FACE_OUTER_BOUND ( 'NONE', #3350, .T. ) ;
#3276 = LINE ( 'NONE', #1725, #650 ) ;
#3277 = SURFACE_SIDE_STYLE ('',( #2655 ) ) ;
#3278 = VECTOR ( 'NONE', #2045, 1000.000000000000000 ) ;
#3279 = AXIS2_PLACEMENT_3D ( 'NONE', #1934, #427, #2604 ) ;
#3280 = LINE ( 'NONE', #2037, #907 ) ;
#3281 =( NAMED_UNIT ( * ) PLANE_ANGLE_UNIT ( ) SI_UNIT ( $, .RADIAN. ) );
#3282 = EDGE_CURVE ( 'NONE', #1068, #344, #2304, .T. ) ;
#3283 =( NAMED_UNIT ( * ) SI_UNIT ( $, .STERADIAN. ) SOLID_ANGLE_UNIT ( ) );
#3284 = EDGE_CURVE ( 'NONE', #357, #1081, #1916, .T. ) ;
#3285 = UNCERTAINTY_MEASURE_WITH_UNIT (LENGTH_MEASURE( 1.000000000000000082E-05 ), #1603, 'distance_accuracy_value', 'NONE');
#3286 = DIRECTION ( 'NONE',  ( -1.000000000000000000, -0.000000000000000000, -0.000000000000000000 ) ) ;
#3287 = EDGE_LOOP ( 'NONE', ( #1771, #1470, #599, #3186 ) ) ;
#3288 = CARTESIAN_POINT ( 'NONE',  ( 2.859999999999999876, 1.245490299132050893, 4.288771060507229116 ) ) ;
#3289 = CARTESIAN_POINT ( 'NONE',  ( 2.859999999999999876, 0.6303562647612435121, 5.002814941432550455 ) ) ;
#3290 = VERTEX_POINT ( 'NONE', #678 ) ;
#3291 =( GEOMETRIC_REPRESENTATION_CONTEXT ( 3 ) GLOBAL_UNCERTAINTY_ASSIGNED_CONTEXT ( ( #29 ) ) GLOBAL_UNIT_ASSIGNED_CONTEXT ( ( #2688, #1524, #1216 ) ) REPRESENTATION_CONTEXT ( 'NONE', 'WORKASPACE' ) );
#3292 = VECTOR ( 'NONE', #2503, 1000.000000000000000 ) ;
#3293 = MECHANICAL_DESIGN_GEOMETRIC_PRESENTATION_REPRESENTATION (  '', ( #208 ), #2484 ) ;
#3294 = AXIS2_PLACEMENT_3D ( 'NONE', #542, #3536, #2661 ) ;
#3295 = EDGE_CURVE ( 'NONE', #3672, #3801, #2077, .T. ) ;
#3296 = ORIENTED_EDGE ( 'NONE', *, *, #1029, .T. ) ;
#3297 = FACE_OUTER_BOUND ( 'NONE', #26, .T. ) ;
#3298 = DIRECTION ( 'NONE',  ( -0.000000000000000000, 0.000000000000000000, 1.000000000000000000 ) ) ;
#3299 = PRODUCT_DEFINITION ( 'UNKNOWN', '', #2056, #3838 ) ;
#3300 = MECHANICAL_DESIGN_GEOMETRIC_PRESENTATION_REPRESENTATION (  '', ( #3416 ), #2424 ) ;
#3301 = EDGE_LOOP ( 'NONE', ( #963, #3777, #30, #1652, #633, #1391, #1164, #1944 ) ) ;
#3302 = DIRECTION ( 'NONE',  ( 0.000000000000000000, 0.9902680687415711391, 0.1391731009600592484 ) ) ;
#3303 = CARTESIAN_POINT ( 'NONE',  ( -0.7500000000000000000, -0.000000000000000000, -2.060000000000000497 ) ) ;
#3304 = VERTEX_POINT ( 'NONE', #3380 ) ;
#3305 = FILL_AREA_STYLE ('',( #319 ) ) ;
#3306 = ORIENTED_EDGE ( 'NONE', *, *, #939, .T. ) ;
#3307 = CARTESIAN_POINT ( 'NONE',  ( 3.365000000000000657, 1.609999999999984333, 3.109999999999998987 ) ) ;
#3308 = COLOUR_RGB ( '',0.6666666666666666297, 0.6980392156862744724, 0.7686274509803920907 ) ;
#3309 = CARTESIAN_POINT ( 'NONE',  ( 2.730000000000000426, 0.6099999999999999867, 0.8200000000000003952 ) ) ;
#3310 = ADVANCED_FACE ( 'NONE', ( #1238 ), #996, .F. ) ;
#3311 = MECHANICAL_DESIGN_GEOMETRIC_PRESENTATION_REPRESENTATION (  '', ( #3107 ), #3710 ) ;
#3312 = ORIENTED_EDGE ( 'NONE', *, *, #918, .T. ) ;
#3313 = CARTESIAN_POINT ( 'NONE',  ( 2.730000000000000426, 0.000000000000000000, 0.8200000000000003952 ) ) ;
#3314 = VERTEX_POINT ( 'NONE', #1579 ) ;
#3315 = MECHANICAL_DESIGN_GEOMETRIC_PRESENTATION_REPRESENTATION (  '', ( #921 ), #3518 ) ;
#3316 = AXIS2_PLACEMENT_3D ( 'NONE', #547, #845, #2931 ) ;
#3317 = CARTESIAN_POINT ( 'NONE',  ( 2.730000000000000426, 0.6099999999999999867, 0.8200000000000003952 ) ) ;
#3318 = CARTESIAN_POINT ( 'NONE',  ( 2.859999999999999876, 0.01436144552488712381, 5.002814941432550455 ) ) ;
#3319 = COLOUR_RGB ( '',0.1098039215686274495, 0.1098039215686274495, 0.1098039215686274495 ) ;
#3320 = COLOUR_RGB ( '',0.6666666666666666297, 0.6980392156862744724, 0.7686274509803920907 ) ;
#3321 = FILL_AREA_STYLE ('',( #2122 ) ) ;
#3322 = SURFACE_STYLE_FILL_AREA ( #93 ) ;
#3323 = LINE ( 'NONE', #1371, #1743 ) ;
#3324 = EDGE_LOOP ( 'NONE', ( #1392, #2822, #3096, #844, #631, #3199 ) ) ;
#3325 = PRESENTATION_STYLE_ASSIGNMENT (( #2628 ) ) ;
#3326 = DIRECTION ( 'NONE',  ( 0.000000000000000000, 0.7409022449662884258, -0.6716128821009271777 ) ) ;
#3327 = VERTEX_POINT ( 'NONE', #1610 ) ;
#3328 = EDGE_CURVE ( 'NONE', #2514, #1070, #3703, .T. ) ;
#3329 = UNCERTAINTY_MEASURE_WITH_UNIT (LENGTH_MEASURE( 1.000000000000000082E-05 ), #503, 'distance_accuracy_value', 'NONE');
#3330 = CLOSED_SHELL ( 'NONE', ( #3612, #67, #1212, #3654, #1505, #399 ) ) ;
#3331 = FACE_OUTER_BOUND ( 'NONE', #185, .T. ) ;
#3332 = SURFACE_STYLE_FILL_AREA ( #2247 ) ;
#3333 =( NAMED_UNIT ( * ) SI_UNIT ( $, .STERADIAN. ) SOLID_ANGLE_UNIT ( ) );
#3334 = EDGE_LOOP ( 'NONE', ( #2731, #34, #2413, #709 ) ) ;
#3335 =( NAMED_UNIT ( * ) PLANE_ANGLE_UNIT ( ) SI_UNIT ( $, .RADIAN. ) );
#3336 = STYLED_ITEM ( 'NONE', ( #3233 ), #3384 ) ;
#3337 = ORIENTED_EDGE ( 'NONE', *, *, #2542, .T. ) ;
#3338 = PRESENTATION_LAYER_ASSIGNMENT (  '', '', ( #1663 ) ) ;
#3339 =( LENGTH_UNIT ( ) NAMED_UNIT ( * ) SI_UNIT ( .MILLI., .METRE. ) );
#3340 =( GEOMETRIC_REPRESENTATION_CONTEXT ( 3 ) GLOBAL_UNCERTAINTY_ASSIGNED_CONTEXT ( ( #1681 ) ) GLOBAL_UNIT_ASSIGNED_CONTEXT ( ( #1406, #2884, #2566 ) ) REPRESENTATION_CONTEXT ( 'NONE', 'WORKASPACE' ) );
#3341 = EDGE_CURVE ( 'NONE', #1149, #3672, #3323, .T. ) ;
#3342 = CARTESIAN_POINT ( 'NONE',  ( 2.529999999999999805, 0.6099999999999999867, -4.379999999999999893 ) ) ;
#3343 = ADVANCED_FACE ( 'NONE', ( #145 ), #2213, .F. ) ;
#3344 = ORIENTED_EDGE ( 'NONE', *, *, #1790, .T. ) ;
#3345 = CARTESIAN_POINT ( 'NONE',  ( -2.734999999999999876, 0.02629274282888501707, 4.917919349846915367 ) ) ;
#3346 = VECTOR ( 'NONE', #3575, 1000.000000000000000 ) ;
#3347 = DIRECTION ( 'NONE',  ( 0.000000000000000000, -1.000000000000000000, 0.000000000000000000 ) ) ;
#3348 = UNCERTAINTY_MEASURE_WITH_UNIT (LENGTH_MEASURE( 1.000000000000000082E-05 ), #1400, 'distance_accuracy_value', 'NONE');
#3349 = ADVANCED_FACE ( 'NONE', ( #2300 ), #857, .F. ) ;
#3350 = EDGE_LOOP ( 'NONE', ( #1655, #3142, #2695, #2788 ) ) ;
#3351 = ORIENTED_EDGE ( 'NONE', *, *, #647, .T. ) ;
#3352 = VERTEX_POINT ( 'NONE', #3467 ) ;
#3353 = ORIENTED_EDGE ( 'NONE', *, *, #3556, .F. ) ;
#3354 = SURFACE_SIDE_STYLE ('',( #40 ) ) ;
#3355 = AXIS2_PLACEMENT_3D ( 'NONE', #507, #2270, #209 ) ;
#3356 = CARTESIAN_POINT ( 'NONE',  ( 2.730000000000000426, 0.6099999999999999867, 0.8200000000000003952 ) ) ;
#3357 = EDGE_CURVE ( 'NONE', #202, #250, #3412, .T. ) ;
#3358 = ADVANCED_FACE ( 'NONE', ( #2027 ), #131, .F. ) ;
#3359 = LINE ( 'NONE', #848, #2897 ) ;
#3360 = STYLED_ITEM ( 'NONE', ( #2997 ), #3870 ) ;
#3361 = PRESENTATION_STYLE_ASSIGNMENT (( #1669 ) ) ;
#3362 = CARTESIAN_POINT ( 'NONE',  ( -3.364999999999999769, 2.379999999999999893, -3.109999999999999876 ) ) ;
#3363 = VECTOR ( 'NONE', #3158, 1000.000000000000114 ) ;
#3364 =( LENGTH_UNIT ( ) NAMED_UNIT ( * ) SI_UNIT ( .MILLI., .METRE. ) );
#3365 = FACE_OUTER_BOUND ( 'NONE', #1449, .T. ) ;
#3366 = SURFACE_STYLE_USAGE ( .BOTH. , #2802 ) ;
#3367 = ORIENTED_EDGE ( 'NONE', *, *, #1940, .F. ) ;
#3368 = VECTOR ( 'NONE', #2984, 1000.000000000000000 ) ;
#3369 = VERTEX_POINT ( 'NONE', #1633 ) ;
#3370 = VECTOR ( 'NONE', #225, 1000.000000000000114 ) ;
#3371 = EDGE_CURVE ( 'NONE', #3172, #3671, #1044, .T. ) ;
#3372 = SURFACE_STYLE_FILL_AREA ( #3732 ) ;
#3373 = PLANE ( 'NONE',  #322 ) ;
#3374 = PRESENTATION_LAYER_ASSIGNMENT (  '', '', ( #2993 ) ) ;
#3375 = ORIENTED_EDGE ( 'NONE', *, *, #2707, .F. ) ;
#3376 = SURFACE_STYLE_FILL_AREA ( #333 ) ;
#3377 = SURFACE_SIDE_STYLE ('',( #3803 ) ) ;
#3378 = FILL_AREA_STYLE_COLOUR ( '', #2439 ) ;
#3379 =( LENGTH_UNIT ( ) NAMED_UNIT ( * ) SI_UNIT ( .MILLI., .METRE. ) );
#3380 = CARTESIAN_POINT ( 'NONE',  ( -3.256783557279158803, 2.379999999999999893, -2.861242722576766262 ) ) ;
#3381 = EDGE_LOOP ( 'NONE', ( #3441, #466, #2921, #3031 ) ) ;
#3382 = MECHANICAL_DESIGN_GEOMETRIC_PRESENTATION_REPRESENTATION (  '', ( #3336 ), #998 ) ;
#3383 = STYLED_ITEM ( 'NONE', ( #913 ), #1262 ) ;
#3384 = ADVANCED_FACE ( 'NONE', ( #429 ), #3174, .F. ) ;
#3385 = CARTESIAN_POINT ( 'NONE',  ( -1.720000000000000195, 0.3800000000000001155, 4.250000000000000000 ) ) ;
#3386 = SURFACE_STYLE_USAGE ( .BOTH. , #3077 ) ;
#3387 = DIRECTION ( 'NONE',  ( -0.000000000000000000, -1.000000000000000000, -0.000000000000000000 ) ) ;
#3388 = CARTESIAN_POINT ( 'NONE',  ( -1.720000000000000195, 0.8358064410504852937, 3.836820691077793555 ) ) ;
#3389 = LINE ( 'NONE', #280, #219 ) ;
#3390 = ORIENTED_EDGE ( 'NONE', *, *, #1506, .F. ) ;
#3391 = STYLED_ITEM ( 'NONE', ( #1053 ), #727 ) ;
#3392 = EDGE_CURVE ( 'NONE', #2749, #641, #997, .T. ) ;
#3393 = CARTESIAN_POINT ( 'NONE',  ( -2.730000000000000426, 0.000000000000000000, 0.8200000000000003952 ) ) ;
#3394 = FACE_OUTER_BOUND ( 'NONE', #3105, .T. ) ;
#3395 = SURFACE_SIDE_STYLE ('',( #904 ) ) ;
#3396 = EDGE_CURVE ( 'NONE', #3207, #816, #613, .T. ) ;
#3397 = CARTESIAN_POINT ( 'NONE',  ( 3.365000000000000657, 2.379999999999999893, -2.861242722576766262 ) ) ;
#3398 = SURFACE_STYLE_FILL_AREA ( #2536 ) ;
#3400 = FILL_AREA_STYLE ('',( #3723 ) ) ;
#3399 = CARTESIAN_POINT ( 'NONE',  ( -0.7500000000000000000, 0.6099999999999999867, -2.060000000000000497 ) ) ;
#3401 = VECTOR ( 'NONE', #2592, 1000.000000000000000 ) ;
#3402 = VECTOR ( 'NONE', #2510, 1000.000000000000114 ) ;
#3403 = FACE_OUTER_BOUND ( 'NONE', #3590, .T. ) ;
#3404 = CARTESIAN_POINT ( 'NONE',  ( 0.5699999999999999512, 1.000000000000021760, 3.109999999999998987 ) ) ;
#3405 = CARTESIAN_POINT ( 'NONE',  ( 0.7500000000000000000, 0.6099999999999999867, -2.310000000000000053 ) ) ;
#3406 = COLOUR_RGB ( '',0.6666666666666666297, 0.6980392156862744724, 0.7686274509803920907 ) ;
#3407 =( GEOMETRIC_REPRESENTATION_CONTEXT ( 3 ) GLOBAL_UNCERTAINTY_ASSIGNED_CONTEXT ( ( #2757 ) ) GLOBAL_UNIT_ASSIGNED_CONTEXT ( ( #2888, #1977, #3499 ) ) REPRESENTATION_CONTEXT ( 'NONE', 'WORKASPACE' ) );
#3408 = PRESENTATION_LAYER_ASSIGNMENT (  '', '', ( #109 ) ) ;
#3409 = MECHANICAL_DESIGN_GEOMETRIC_PRESENTATION_REPRESENTATION (  '', ( #880 ), #3340 ) ;
#3410 = EDGE_CURVE ( 'NONE', #3352, #3715, #2117, .T. ) ;
#3411 = COLOUR_RGB ( '',0.6666666666666666297, 0.6980392156862744724, 0.7686274509803920907 ) ;
#3412 = LINE ( 'NONE', #2512, #3699 ) ;
#3413 = LINE ( 'NONE', #1116, #1543 ) ;
#3414 = LINE ( 'NONE', #3528, #2768 ) ;
#3415 = SURFACE_STYLE_FILL_AREA ( #1662 ) ;
#3416 = STYLED_ITEM ( 'NONE', ( #573 ), #2176 ) ;
#3417 = ORIENTED_EDGE ( 'NONE', *, *, #1678, .F. ) ;
#3418 = FILL_AREA_STYLE_COLOUR ( '', #2121 ) ;
#3419 = COLOUR_RGB ( '',0.6666666666666666297, 0.6980392156862744724, 0.7686274509803920907 ) ;
#3421 = DIRECTION ( 'NONE',  ( 0.000000000000000000, 1.000000000000000000, 4.293869990041603930E-16 ) ) ;
#3420 =( NAMED_UNIT ( * ) SI_UNIT ( $, .STERADIAN. ) SOLID_ANGLE_UNIT ( ) );
#3422 = CARTESIAN_POINT ( 'NONE',  ( 1.844999999999999751, 1.000000000000021760, 3.109999999999998987 ) ) ;
#3423 =( LENGTH_UNIT ( ) NAMED_UNIT ( * ) SI_UNIT ( .MILLI., .METRE. ) );
#3424 = ORIENTED_EDGE ( 'NONE', *, *, #122, .F. ) ;
#3425 = VECTOR ( 'NONE', #2296, 1000.000000000000000 ) ;
#3426 = SURFACE_STYLE_FILL_AREA ( #1354 ) ;
#3427 = EDGE_CURVE ( 'NONE', #601, #2793, #794, .T. ) ;
#3428 = UNCERTAINTY_MEASURE_WITH_UNIT (LENGTH_MEASURE( 1.000000000000000082E-05 ), #3339, 'distance_accuracy_value', 'NONE');
#3429 = EDGE_LOOP ( 'NONE', ( #3351, #3458, #2599, #2136 ) ) ;
#3430 = DIRECTION ( 'NONE',  ( 0.000000000000000000, 0.000000000000000000, -1.000000000000000000 ) ) ;
#3431 = EDGE_CURVE ( 'NONE', #1785, #2165, #2291, .T. ) ;
#3432 = ORIENTED_EDGE ( 'NONE', *, *, #3596, .T. ) ;
#3433 = CARTESIAN_POINT ( 'NONE',  ( -1.844999999999999751, 0.5000000000000216493, 3.466369568594649397 ) ) ;
#3434 = ORIENTED_EDGE ( 'NONE', *, *, #2414, .F. ) ;
#3435 = COLOUR_RGB ( '',0.6666666666666666297, 0.6980392156862744724, 0.7686274509803920907 ) ;
#3437 = DIRECTION ( 'NONE',  ( 1.000000000000000000, 0.000000000000000000, 0.000000000000000000 ) ) ;
#3436 = DIRECTION ( 'NONE',  ( 1.000000000000000000, 0.000000000000000000, 0.000000000000000000 ) ) ;
#3438 = CARTESIAN_POINT ( 'NONE',  ( -1.720000000000000195, 0.5000000000000216493, 3.466369568594649397 ) ) ;
#3439 = SURFACE_STYLE_USAGE ( .BOTH. , #2844 ) ;
#3440 = FILL_AREA_STYLE ('',( #3136 ) ) ;
#3441 = ORIENTED_EDGE ( 'NONE', *, *, #1958, .F. ) ;
#3442 = VECTOR ( 'NONE', #279, 1000.000000000000000 ) ;
#3443 =( NAMED_UNIT ( * ) PLANE_ANGLE_UNIT ( ) SI_UNIT ( $, .RADIAN. ) );
#3444 = CARTESIAN_POINT ( 'NONE',  ( -0.7500000000000000000, 0.6099999999999999867, -2.060000000000000497 ) ) ;
#3445 =( NAMED_UNIT ( * ) PLANE_ANGLE_UNIT ( ) SI_UNIT ( $, .RADIAN. ) );
#3446 = ORIENTED_EDGE ( 'NONE', *, *, #226, .T. ) ;
#3447 = ORIENTED_EDGE ( 'NONE', *, *, #1144, .T. ) ;
#3449 =( NAMED_UNIT ( * ) SI_UNIT ( $, .STERADIAN. ) SOLID_ANGLE_UNIT ( ) );
#3448 = SURFACE_SIDE_STYLE ('',( #3372 ) ) ;
#3450 = UNCERTAINTY_MEASURE_WITH_UNIT (LENGTH_MEASURE( 1.000000000000000082E-05 ), #2151, 'distance_accuracy_value', 'NONE');
#3451 = FILL_AREA_STYLE ('',( #1387 ) ) ;
#3452 = VERTEX_POINT ( 'NONE', #521 ) ;
#3453 = DIRECTION ( 'NONE',  ( 0.000000000000000000, -1.000000000000000000, -4.293869990041603930E-16 ) ) ;
#3454 = SURFACE_STYLE_FILL_AREA ( #2701 ) ;
#3455 = DIRECTION ( 'NONE',  ( 0.000000000000000000, 4.293869990041603930E-16, -1.000000000000000000 ) ) ;
#3456 =( NAMED_UNIT ( * ) PLANE_ANGLE_UNIT ( ) SI_UNIT ( $, .RADIAN. ) );
#3457 = DIRECTION ( 'NONE',  ( 0.000000000000000000, -0.000000000000000000, -1.000000000000000000 ) ) ;
#3458 = ORIENTED_EDGE ( 'NONE', *, *, #2809, .F. ) ;
#3459 = LINE ( 'NONE', #2339, #2763 ) ;
#3460 = VECTOR ( 'NONE', #266, 1000.000000000000000 ) ;
#3462 = DIRECTION ( 'NONE',  ( -0.000000000000000000, 0.9902680687415712502, 0.1391731009600587488 ) ) ;
#3461 = CARTESIAN_POINT ( 'NONE',  ( 1.719999999999999973, 1.125490299132028804, 5.072401491912580163 ) ) ;
#3463 = DIRECTION ( 'NONE',  ( 0.000000000000000000, 0.000000000000000000, -1.000000000000000000 ) ) ;
#3464 = LINE ( 'NONE', #3639, #2672 ) ;
#3465 = ORIENTED_EDGE ( 'NONE', *, *, #3392, .T. ) ;
#3466 = STYLED_ITEM ( 'NONE', ( #1683 ), #3612 ) ;
#3467 = CARTESIAN_POINT ( 'NONE',  ( 3.224459165297609786, 0.000000000000000000, 2.969459165297607672 ) ) ;
#3468 = STYLED_ITEM ( 'NONE', ( #3587 ), #1241 ) ;
#3469 = CARTESIAN_POINT ( 'NONE',  ( 2.859999999999999876, 0.4740635219323582894, 6.114895591585637113 ) ) ;
#3470 = DIRECTION ( 'NONE',  ( -1.000000000000000000, 0.000000000000000000, -0.000000000000000000 ) ) ;
#3471 = ORIENTED_EDGE ( 'NONE', *, *, #2819, .F. ) ;
#3472 = FACE_OUTER_BOUND ( 'NONE', #2558, .T. ) ;
#3473 = FILL_AREA_STYLE_COLOUR ( '', #2516 ) ;
#3474 = LINE ( 'NONE', #1577, #2573 ) ;
#3475 =( NAMED_UNIT ( * ) PLANE_ANGLE_UNIT ( ) SI_UNIT ( $, .RADIAN. ) );
#3476 = DIRECTION ( 'NONE',  ( 0.1378445374916257848, -0.9808148484639899189, -0.1378445374916256461 ) ) ;
#3477 = LINE ( 'NONE', #817, #1804 ) ;
#3478 = ORIENTED_EDGE ( 'NONE', *, *, #1105, .T. ) ;
#3479 =( LENGTH_UNIT ( ) NAMED_UNIT ( * ) SI_UNIT ( .MILLI., .METRE. ) );
#3480 = CARTESIAN_POINT ( 'NONE',  ( 1.844999999999999751, -0.1300000000000038070, 3.877570314550939035 ) ) ;
#3481 = AXIS2_PLACEMENT_3D ( 'NONE', #1057, #3106, #3430 ) ;
#3482 = MANIFOLD_SOLID_BREP ( 'Cut-Extrude2[2]', #2778 ) ;
#3483 = CARTESIAN_POINT ( 'NONE',  ( 2.734999999999999876, 0.6303562647612435121, 5.002814941432550455 ) ) ;
#3484 = VERTEX_POINT ( 'NONE', #3786 ) ;
#3485 = EDGE_CURVE ( 'NONE', #2927, #1490, #423, .T. ) ;
#3486 = DIRECTION ( 'NONE',  ( -1.000000000000000000, -0.000000000000000000, -0.000000000000000000 ) ) ;
#3487 = VECTOR ( 'NONE', #2747, 1000.000000000000000 ) ;
#3488 = DIRECTION ( 'NONE',  ( 0.000000000000000000, 0.1391731009600587488, -0.9902680687415712502 ) ) ;
#3489 = EDGE_CURVE ( 'NONE', #2514, #2015, #3459, .T. ) ;
#3490 = CARTESIAN_POINT ( 'NONE',  ( -1.720000000000000195, 0.01436144552488712381, 5.002814941432550455 ) ) ;
#3491 =( NAMED_UNIT ( * ) SI_UNIT ( $, .STERADIAN. ) SOLID_ANGLE_UNIT ( ) );
#3492 = ORIENTED_EDGE ( 'NONE', *, *, #1489, .F. ) ;
#3493 =( NAMED_UNIT ( * ) PLANE_ANGLE_UNIT ( ) SI_UNIT ( $, .RADIAN. ) );
#3494 = DIRECTION ( 'NONE',  ( 1.000000000000000000, 0.000000000000000000, 0.000000000000000000 ) ) ;
#3495 = ORIENTED_EDGE ( 'NONE', *, *, #2097, .T. ) ;
#3496 = STYLED_ITEM ( 'NONE', ( #2577 ), #3060 ) ;
#3497 = ORIENTED_EDGE ( 'NONE', *, *, #3396, .T. ) ;
#3498 = AXIS2_PLACEMENT_3D ( 'NONE', #3206, #555, #510 ) ;
#3499 =( NAMED_UNIT ( * ) SI_UNIT ( $, .STERADIAN. ) SOLID_ANGLE_UNIT ( ) );
#3500 = AXIS2_PLACEMENT_3D ( 'NONE', #2031, #3455, #789 ) ;
#3501 = EDGE_CURVE ( 'NONE', #76, #2134, #2355, .T. ) ;
#3502 = CARTESIAN_POINT ( 'NONE',  ( -2.859999999999999876, 0.7908527358470643920, 3.877570314550939479 ) ) ;
#3503 = DIRECTION ( 'NONE',  ( -1.000000000000000000, -0.000000000000000000, -0.000000000000000000 ) ) ;
#3504 = SURFACE_STYLE_USAGE ( .BOTH. , #1722 ) ;
#3505 = MECHANICAL_DESIGN_GEOMETRIC_PRESENTATION_REPRESENTATION (  '', ( #2698 ), #3143 ) ;
#3506 = EDGE_LOOP ( 'NONE', ( #2910, #2657, #2419, #112 ) ) ;
#3507 = DIRECTION ( 'NONE',  ( -0.9284766908852593037, 0.000000000000000000, -0.3713906763541038880 ) ) ;
#3508 = DIRECTION ( 'NONE',  ( -1.000000000000000000, -0.000000000000000000, -0.000000000000000000 ) ) ;
#3509 = DIRECTION ( 'NONE',  ( 0.000000000000000000, 0.7409022449662884258, -0.6716128821009271777 ) ) ;
#3510 = UNCERTAINTY_MEASURE_WITH_UNIT (LENGTH_MEASURE( 1.000000000000000082E-05 ), #2784, 'distance_accuracy_value', 'NONE');
#3511 = CARTESIAN_POINT ( 'NONE',  ( -1.720000000000000195, 0.01436144552488709258, 5.002814941432550455 ) ) ;
#3512 = LINE ( 'NONE', #3422, #846 ) ;
#3513 = CARTESIAN_POINT ( 'NONE',  ( 0.5699999999999999512, 1.000000000000021760, 4.119999999999998330 ) ) ;
#3514 = DIRECTION ( 'NONE',  ( -1.000000000000000000, -0.000000000000000000, -0.000000000000000000 ) ) ;
#3515 = DIRECTION ( 'NONE',  ( 1.000000000000000000, 0.000000000000000000, 0.000000000000000000 ) ) ;
#3516 = EDGE_CURVE ( 'NONE', #2692, #355, #3042, .T. ) ;
#3517 = COLOUR_RGB ( '',0.6666666666666666297, 0.6980392156862744724, 0.7686274509803920907 ) ;
#3518 =( GEOMETRIC_REPRESENTATION_CONTEXT ( 3 ) GLOBAL_UNCERTAINTY_ASSIGNED_CONTEXT ( ( #1022 ) ) GLOBAL_UNIT_ASSIGNED_CONTEXT ( ( #1929, #702, #2224 ) ) REPRESENTATION_CONTEXT ( 'NONE', 'WORKASPACE' ) );
#3519 = CARTESIAN_POINT ( 'NONE',  ( -1.720000000000000195, 1.531025676947492142, 3.877570314550939479 ) ) ;
#3520 = FILL_AREA_STYLE ('',( #1992 ) ) ;
#3521 = PRESENTATION_STYLE_ASSIGNMENT (( #588 ) ) ;
#3522 =( NAMED_UNIT ( * ) PLANE_ANGLE_UNIT ( ) SI_UNIT ( $, .RADIAN. ) );
#3523 =( NAMED_UNIT ( * ) PLANE_ANGLE_UNIT ( ) SI_UNIT ( $, .RADIAN. ) );
#3524 = SURFACE_STYLE_FILL_AREA ( #105 ) ;
#3525 = PLANE ( 'NONE',  #18 ) ;
#3526 = SURFACE_STYLE_USAGE ( .BOTH. , #3218 ) ;
#3527 = AXIS2_PLACEMENT_3D ( 'NONE', #1270, #61, #978 ) ;
#3528 = CARTESIAN_POINT ( 'NONE',  ( -1.720000000000000195, 0.4740635219323582894, 6.114895591585637113 ) ) ;
#3529 = PRESENTATION_STYLE_ASSIGNMENT (( #410 ) ) ;
#3530 =( LENGTH_UNIT ( ) NAMED_UNIT ( * ) SI_UNIT ( .MILLI., .METRE. ) );
#3531 = ORIENTED_EDGE ( 'NONE', *, *, #3569, .F. ) ;
#3532 = FILL_AREA_STYLE ('',( #2005 ) ) ;
#3533 = SURFACE_STYLE_FILL_AREA ( #435 ) ;
#3534 = COLOUR_RGB ( '',0.6666666666666666297, 0.6980392156862744724, 0.7686274509803920907 ) ;
#3535 = PLANE ( 'NONE',  #3625 ) ;
#3536 = DIRECTION ( 'NONE',  ( 1.000000000000000000, 0.000000000000000000, 0.000000000000000000 ) ) ;
#3537 = ORIENTED_EDGE ( 'NONE', *, *, #2147, .T. ) ;
#3538 = DIRECTION ( 'NONE',  ( -0.000000000000000000, 0.000000000000000000, 1.000000000000000000 ) ) ;
#3539 = VERTEX_POINT ( 'NONE', #3502 ) ;
#3540 = ORIENTED_EDGE ( 'NONE', *, *, #3396, .F. ) ;
#3541 = VECTOR ( 'NONE', #932, 1000.000000000000000 ) ;
#3542 = SURFACE_SIDE_STYLE ('',( #1459 ) ) ;
#3543 =( NAMED_UNIT ( * ) SI_UNIT ( $, .STERADIAN. ) SOLID_ANGLE_UNIT ( ) );
#3544 = EDGE_CURVE ( 'NONE', #2065, #2461, #3359, .T. ) ;
#3545 =( NAMED_UNIT ( * ) PLANE_ANGLE_UNIT ( ) SI_UNIT ( $, .RADIAN. ) );
#3546 = ORIENTED_EDGE ( 'NONE', *, *, #3679, .T. ) ;
#3547 = DIRECTION ( 'NONE',  ( -0.000000000000000000, -0.000000000000000000, -1.000000000000000000 ) ) ;
#3548 = PRESENTATION_STYLE_ASSIGNMENT (( #1266 ) ) ;
#3549 = CARTESIAN_POINT ( 'NONE',  ( -2.729999999999999982, 0.6099999999999999867, -3.880000000000000338 ) ) ;
#3550 = AXIS2_PLACEMENT_3D ( 'NONE', #75, #3051, #2175 ) ;
#3551 = CARTESIAN_POINT ( 'NONE',  ( -3.364999999999999769, 1.609999999999984333, 3.109999999999998987 ) ) ;
#3552 = CLOSED_SHELL ( 'NONE', ( #1305, #1526, #727, #2172, #653, #350, #1863, #2219, #117, #2431, #683, #3000 ) ) ;
#3553 = PRESENTATION_LAYER_ASSIGNMENT (  '', '', ( #3383 ) ) ;
#3554 = FILL_AREA_STYLE_COLOUR ( '', #3076 ) ;
#3555 = AXIS2_PLACEMENT_3D ( 'NONE', #2267, #2912, #807 ) ;
#3556 = EDGE_CURVE ( 'NONE', #2095, #1005, #2394, .T. ) ;
#3557 = ORIENTED_EDGE ( 'NONE', *, *, #2177, .F. ) ;
#3558 = CARTESIAN_POINT ( 'NONE',  ( 2.859999999999999876, 1.610000000000021636, 3.109999999999998987 ) ) ;
#3559 = ORIENTED_EDGE ( 'NONE', *, *, #3580, .F. ) ;
#3560 = ORIENTED_EDGE ( 'NONE', *, *, #2528, .F. ) ;
#3561 = FILL_AREA_STYLE_COLOUR ( '', #354 ) ;
#3562 = ORIENTED_EDGE ( 'NONE', *, *, #3638, .F. ) ;
#3563 = MECHANICAL_DESIGN_GEOMETRIC_PRESENTATION_REPRESENTATION (  '', ( #660 ), #1424 ) ;
#3564 = CARTESIAN_POINT ( 'NONE',  ( -1.720000000000000195, -0.1300000000000001155, 6.030000000000000249 ) ) ;
#3565 = DIRECTION ( 'NONE',  ( -1.000000000000000000, -0.000000000000000000, -0.000000000000000000 ) ) ;
#3566 = FILL_AREA_STYLE ('',( #1797 ) ) ;
#3567 = AXIS2_PLACEMENT_3D ( 'NONE', #3235, #3819, #2059 ) ;
#3568 = SURFACE_SIDE_STYLE ('',( #49 ) ) ;
#3569 = EDGE_CURVE ( 'NONE', #311, #2221, #2856, .T. ) ;
#3570 = FILL_AREA_STYLE_COLOUR ( '', #1460 ) ;
#3571 = PRESENTATION_STYLE_ASSIGNMENT (( #508 ) ) ;
#3572 = LINE ( 'NONE', #2240, #3617 ) ;
#3573 = DIRECTION ( 'NONE',  ( 0.000000000000000000, 0.000000000000000000, -1.000000000000000000 ) ) ;
#3574 = CARTESIAN_POINT ( 'NONE',  ( -1.720000000000000195, -0.1300000000000001155, 6.030000000000000249 ) ) ;
#3575 = DIRECTION ( 'NONE',  ( 0.000000000000000000, -1.000000000000000000, -4.293869990041603930E-16 ) ) ;
#3576 = SURFACE_STYLE_FILL_AREA ( #3644 ) ;
#3577 = SURFACE_SIDE_STYLE ('',( #2181 ) ) ;
#3578 = MECHANICAL_DESIGN_GEOMETRIC_PRESENTATION_REPRESENTATION (  '', ( #1293 ), #3407 ) ;
#3579 = VECTOR ( 'NONE', #1677, 1000.000000000000000 ) ;
#3580 = EDGE_CURVE ( 'NONE', #2848, #1994, #1588, .T. ) ;
#3581 = ORIENTED_EDGE ( 'NONE', *, *, #298, .F. ) ;
#3582 = ORIENTED_EDGE ( 'NONE', *, *, #2966, .F. ) ;
#3583 = SURFACE_SIDE_STYLE ('',( #1742 ) ) ;
#3584 = PRESENTATION_LAYER_ASSIGNMENT (  '', '', ( #3360 ) ) ;
#3585 = ORIENTED_EDGE ( 'NONE', *, *, #800, .T. ) ;
#3586 =( GEOMETRIC_REPRESENTATION_CONTEXT ( 3 ) GLOBAL_UNCERTAINTY_ASSIGNED_CONTEXT ( ( #790 ) ) GLOBAL_UNIT_ASSIGNED_CONTEXT ( ( #343, #1211, #3283 ) ) REPRESENTATION_CONTEXT ( 'NONE', 'WORKASPACE' ) );
#3587 = PRESENTATION_STYLE_ASSIGNMENT (( #3504 ) ) ;
#3588 = UNCERTAINTY_MEASURE_WITH_UNIT (LENGTH_MEASURE( 1.000000000000000082E-05 ), #3251, 'distance_accuracy_value', 'NONE');
#3589 =( NAMED_UNIT ( * ) PLANE_ANGLE_UNIT ( ) SI_UNIT ( $, .RADIAN. ) );
#3590 = EDGE_LOOP ( 'NONE', ( #823, #539, #252, #2741, #21, #2211 ) ) ;
#3591 =( NAMED_UNIT ( * ) SI_UNIT ( $, .STERADIAN. ) SOLID_ANGLE_UNIT ( ) );
#3592 = CARTESIAN_POINT ( 'NONE',  ( -3.364999999999999769, 0.000000000000000000, 2.969459165297607672 ) ) ;
#3593 = ORIENTED_EDGE ( 'NONE', *, *, #157, .F. ) ;
#3594 = ORIENTED_EDGE ( 'NONE', *, *, #3410, .F. ) ;
#3595 = ADVANCED_FACE ( 'NONE', ( #2246 ), #2602, .F. ) ;
#3596 = EDGE_CURVE ( 'NONE', #1974, #1160, #2808, .T. ) ;
#3597 = ORIENTED_EDGE ( 'NONE', *, *, #1888, .T. ) ;
#3598 = PLANE ( 'NONE',  #1027 ) ;
#3599 =( GEOMETRIC_REPRESENTATION_CONTEXT ( 3 ) GLOBAL_UNCERTAINTY_ASSIGNED_CONTEXT ( ( #514 ) ) GLOBAL_UNIT_ASSIGNED_CONTEXT ( ( #2969, #3589, #2659 ) ) REPRESENTATION_CONTEXT ( 'NONE', 'WORKASPACE' ) );
#3600 = COLOUR_RGB ( '',0.6666666666666666297, 0.6980392156862744724, 0.7686274509803920907 ) ;
#3601 =( NAMED_UNIT ( * ) PLANE_ANGLE_UNIT ( ) SI_UNIT ( $, .RADIAN. ) );
#3602 = ORIENTED_EDGE ( 'NONE', *, *, #3203, .T. ) ;
#3603 =( GEOMETRIC_REPRESENTATION_CONTEXT ( 3 ) GLOBAL_UNCERTAINTY_ASSIGNED_CONTEXT ( ( #172 ) ) GLOBAL_UNIT_ASSIGNED_CONTEXT ( ( #1091, #2854, #1951 ) ) REPRESENTATION_CONTEXT ( 'NONE', 'WORKASPACE' ) );
#3604 = MECHANICAL_DESIGN_GEOMETRIC_PRESENTATION_REPRESENTATION (  '', ( #738 ), #184 ) ;
#3605 = SURFACE_STYLE_FILL_AREA ( #3305 ) ;
#3606 = DIRECTION ( 'NONE',  ( 1.000000000000000000, 0.000000000000000000, -0.000000000000000000 ) ) ;
#3607 = PLANE ( 'NONE',  #2106 ) ;
#3608 = PRESENTATION_STYLE_ASSIGNMENT (( #1174 ) ) ;
#3609 = CARTESIAN_POINT ( 'NONE',  ( -1.720000000000000195, 0.6303562647612435121, 5.002814941432550455 ) ) ;
#3610 = VECTOR ( 'NONE', #3509, 1000.000000000000000 ) ;
#3611 = DIRECTION ( 'NONE',  ( 0.000000000000000000, -0.000000000000000000, -1.000000000000000000 ) ) ;
#3612 = ADVANCED_FACE ( 'NONE', ( #2072 ), #257, .F. ) ;
#3613 = CARTESIAN_POINT ( 'NONE',  ( -2.734999999999999876, 0.4740635219323597882, 6.114895591585637113 ) ) ;
#3614 = PRESENTATION_LAYER_ASSIGNMENT (  '', '', ( #2550 ) ) ;
#3615 = LINE ( 'NONE', #3397, #2812 ) ;
#3616 = EDGE_CURVE ( 'NONE', #355, #2449, #3670, .T. ) ;
#3617 = VECTOR ( 'NONE', #3125, 1000.000000000000000 ) ;
#3618 =( NAMED_UNIT ( * ) SI_UNIT ( $, .STERADIAN. ) SOLID_ANGLE_UNIT ( ) );
#3619 = EDGE_CURVE ( 'NONE', #202, #663, #3474, .T. ) ;
#3620 = SURFACE_STYLE_USAGE ( .BOTH. , #1274 ) ;
#3621 = FACE_OUTER_BOUND ( 'NONE', #3662, .T. ) ;
#3622 = FILL_AREA_STYLE ('',( #349 ) ) ;
#3623 = LINE ( 'NONE', #726, #2821 ) ;
#3624 = ORIENTED_EDGE ( 'NONE', *, *, #2804, .F. ) ;
#3625 = AXIS2_PLACEMENT_3D ( 'NONE', #611, #337, #2700 ) ;
#3626 = AXIS2_PLACEMENT_3D ( 'NONE', #2330, #838, #540 ) ;
#3627 = MECHANICAL_DESIGN_GEOMETRIC_PRESENTATION_REPRESENTATION (  '', ( #471 ), #3694 ) ;
#3628 = EDGE_CURVE ( 'NONE', #1300, #841, #1134, .T. ) ;
#3629 = EDGE_LOOP ( 'NONE', ( #367, #365, #1582, #2245 ) ) ;
#3630 = FILL_AREA_STYLE_COLOUR ( '', #906 ) ;
#3631 = UNCERTAINTY_MEASURE_WITH_UNIT (LENGTH_MEASURE( 1.000000000000000082E-05 ), #3789, 'distance_accuracy_value', 'NONE');
#3632 = MECHANICAL_DESIGN_GEOMETRIC_PRESENTATION_REPRESENTATION (  '', ( #3823 ), #557 ) ;
#3633 = ADVANCED_FACE ( 'NONE', ( #3010 ), #690, .F. ) ;
#3634 = ORIENTED_EDGE ( 'NONE', *, *, #4, .T. ) ;
#3635 =( NAMED_UNIT ( * ) PLANE_ANGLE_UNIT ( ) SI_UNIT ( $, .RADIAN. ) );
#3636 = ORIENTED_EDGE ( 'NONE', *, *, #3760, .F. ) ;
#3637 = CARTESIAN_POINT ( 'NONE',  ( 1.719999999999999973, 0.02629274282888501707, 4.917919349846915367 ) ) ;
#3638 = EDGE_CURVE ( 'NONE', #351, #2015, #3735, .T. ) ;
#3639 = CARTESIAN_POINT ( 'NONE',  ( -3.364999999999999769, 1.000000000000021760, -3.109999999999999876 ) ) ;
#3640 = EDGE_CURVE ( 'NONE', #3304, #912, #2759, .T. ) ;
#3641 = LINE ( 'NONE', #1700, #1953 ) ;
#3642 =( NAMED_UNIT ( * ) SI_UNIT ( $, .STERADIAN. ) SOLID_ANGLE_UNIT ( ) );
#3643 = VERTEX_POINT ( 'NONE', #1909 ) ;
#3644 = FILL_AREA_STYLE ('',( #1235 ) ) ;
#3645 = VERTEX_POINT ( 'NONE', #381 ) ;
#3646 = ORIENTED_EDGE ( 'NONE', *, *, #1178, .F. ) ;
#3647 = CARTESIAN_POINT ( 'NONE',  ( -1.720000000000000195, 1.125490299132028804, 5.072401491912580163 ) ) ;
#3648 = LINE ( 'NONE', #2690, #1395 ) ;
#3649 = UNCERTAINTY_MEASURE_WITH_UNIT (LENGTH_MEASURE( 1.000000000000000082E-05 ), #1292, 'distance_accuracy_value', 'NONE');
#3650 =( GEOMETRIC_REPRESENTATION_CONTEXT ( 3 ) GLOBAL_UNCERTAINTY_ASSIGNED_CONTEXT ( ( #3046 ) ) GLOBAL_UNIT_ASSIGNED_CONTEXT ( ( #2401, #938, #3618 ) ) REPRESENTATION_CONTEXT ( 'NONE', 'WORKASPACE' ) );
#3651 = FILL_AREA_STYLE ('',( #1303 ) ) ;
#3652 = ORIENTED_EDGE ( 'NONE', *, *, #1298, .F. ) ;
#3653 = FILL_AREA_STYLE_COLOUR ( '', #3435 ) ;
#3654 = ADVANCED_FACE ( 'NONE', ( #372 ), #2183, .F. ) ;
#3655 = VECTOR ( 'NONE', #3234, 1000.000000000000000 ) ;
#3656 = FACE_OUTER_BOUND ( 'NONE', #2597, .T. ) ;
#3657 = CARTESIAN_POINT ( 'NONE',  ( 1.844999999999999751, -0.1300000000000033906, 3.109999999999998099 ) ) ;
#3658 = COLOUR_RGB ( '',0.1098039215686274495, 0.1098039215686274495, 0.1098039215686274495 ) ;
#3659 = VECTOR ( 'NONE', #3347, 1000.000000000000000 ) ;
#3660 = CARTESIAN_POINT ( 'NONE',  ( -3.364999999999999769, 2.379999999999999893, 3.109999999999998987 ) ) ;
#3661 = LINE ( 'NONE', #3772, #1468 ) ;
#3662 = EDGE_LOOP ( 'NONE', ( #3646, #3531, #1946, #352, #1702, #876, #2260, #2585 ) ) ;
#3663 = ORIENTED_EDGE ( 'NONE', *, *, #78, .T. ) ;
#3664 = DIRECTION ( 'NONE',  ( -1.000000000000000000, -0.000000000000000000, 0.000000000000000000 ) ) ;
#3665 = DIRECTION ( 'NONE',  ( 0.000000000000000000, 0.000000000000000000, 1.000000000000000000 ) ) ;
#3666 =( NAMED_UNIT ( * ) SI_UNIT ( $, .STERADIAN. ) SOLID_ANGLE_UNIT ( ) );
#3667 = ORIENTED_EDGE ( 'NONE', *, *, #1463, .T. ) ;
#3668 = PRESENTATION_LAYER_ASSIGNMENT (  '', '', ( #3466 ) ) ;
#3669 = VERTEX_POINT ( 'NONE', #1307 ) ;
#3670 = LINE ( 'NONE', #425, #2782 ) ;
#3671 = VERTEX_POINT ( 'NONE', #1592 ) ;
#3672 = VERTEX_POINT ( 'NONE', #2800 ) ;
#3673 = DIRECTION ( 'NONE',  ( 0.000000000000000000, 0.000000000000000000, -1.000000000000000000 ) ) ;
#3674 = PRESENTATION_STYLE_ASSIGNMENT (( #1192 ) ) ;
#3675 = DIRECTION ( 'NONE',  ( 0.000000000000000000, 0.000000000000000000, -1.000000000000000000 ) ) ;
#3676 = LINE ( 'NONE', #3255, #976 ) ;
#3677 = DIRECTION ( 'NONE',  ( -1.000000000000000000, -0.000000000000000000, -0.000000000000000000 ) ) ;
#3678 = STYLED_ITEM ( 'NONE', ( #616 ), #944 ) ;
#3679 = EDGE_CURVE ( 'NONE', #76, #3021, #1361, .T. ) ;
#3680 =( NAMED_UNIT ( * ) SI_UNIT ( $, .STERADIAN. ) SOLID_ANGLE_UNIT ( ) );
#3681 =( NAMED_UNIT ( * ) SI_UNIT ( $, .STERADIAN. ) SOLID_ANGLE_UNIT ( ) );
#3682 = EDGE_CURVE ( 'NONE', #1330, #1352, #1318, .T. ) ;
#3683 = ORIENTED_EDGE ( 'NONE', *, *, #1123, .T. ) ;
#3684 = DIRECTION ( 'NONE',  ( 0.000000000000000000, 0.000000000000000000, -1.000000000000000000 ) ) ;
#3685 = FILL_AREA_STYLE_COLOUR ( '', #375 ) ;
#3686 = FILL_AREA_STYLE ('',( #2507 ) ) ;
#3687 =( LENGTH_UNIT ( ) NAMED_UNIT ( * ) SI_UNIT ( .MILLI., .METRE. ) );
#3688 = ADVANCED_FACE ( 'NONE', ( #3273 ), #3716, .F. ) ;
#3689 = SURFACE_STYLE_USAGE ( .BOTH. , #1317 ) ;
#3690 = AXIS2_PLACEMENT_3D ( 'NONE', #942, #923, #1808 ) ;
#3691 = CARTESIAN_POINT ( 'NONE',  ( -1.844999999999999751, -0.1300000000000038070, 3.877570314550939035 ) ) ;
#3692 = UNCERTAINTY_MEASURE_WITH_UNIT (LENGTH_MEASURE( 1.000000000000000082E-05 ), #1806, 'distance_accuracy_value', 'NONE');
#3693 = LINE ( 'NONE', #3821, #2894 ) ;
#3694 =( GEOMETRIC_REPRESENTATION_CONTEXT ( 3 ) GLOBAL_UNCERTAINTY_ASSIGNED_CONTEXT ( ( #592 ) ) GLOBAL_UNIT_ASSIGNED_CONTEXT ( ( #1196, #265, #3040 ) ) REPRESENTATION_CONTEXT ( 'NONE', 'WORKASPACE' ) );
#3695 = EDGE_CURVE ( 'NONE', #953, #3327, #2434, .T. ) ;
#3696 = PRESENTATION_LAYER_ASSIGNMENT (  '', '', ( #2033 ) ) ;
#3697 = SURFACE_SIDE_STYLE ('',( #139 ) ) ;
#3698 = VECTOR ( 'NONE', #2110, 1000.000000000000000 ) ;
#3699 = VECTOR ( 'NONE', #1917, 1000.000000000000000 ) ;
#3700 = DIRECTION ( 'NONE',  ( 0.000000000000000000, -0.1391731009600587488, 0.9902680687415712502 ) ) ;
#3701 =( NAMED_UNIT ( * ) SI_UNIT ( $, .STERADIAN. ) SOLID_ANGLE_UNIT ( ) );
#3702 = SURFACE_SIDE_STYLE ('',( #1641 ) ) ;
#3703 = CIRCLE ( 'NONE', #1343, 0.2499999999999993616 ) ;
#3704 = FILL_AREA_STYLE ('',( #3148 ) ) ;
#3705 = ORIENTED_EDGE ( 'NONE', *, *, #2372, .T. ) ;
#3706 = VECTOR ( 'NONE', #3223, 1000.000000000000000 ) ;
#3707 = DIRECTION ( 'NONE',  ( 0.000000000000000000, -0.7409022449662876486, 0.6716128821009280658 ) ) ;
#3708 = ADVANCED_FACE ( 'NONE', ( #1632 ), #163, .F. ) ;
#3709 = ORIENTED_EDGE ( 'NONE', *, *, #1888, .F. ) ;
#3710 =( GEOMETRIC_REPRESENTATION_CONTEXT ( 3 ) GLOBAL_UNCERTAINTY_ASSIGNED_CONTEXT ( ( #191 ) ) GLOBAL_UNIT_ASSIGNED_CONTEXT ( ( #518, #1167, #2348 ) ) REPRESENTATION_CONTEXT ( 'NONE', 'WORKASPACE' ) );
#3711 =( LENGTH_UNIT ( ) NAMED_UNIT ( * ) SI_UNIT ( .MILLI., .METRE. ) );
#3712 = ORIENTED_EDGE ( 'NONE', *, *, #2159, .F. ) ;
#3714 = DIRECTION ( 'NONE',  ( -0.000000000000000000, -1.000000000000000000, -0.000000000000000000 ) ) ;
#3713 = DIRECTION ( 'NONE',  ( -0.000000000000000000, -1.000000000000000000, -0.000000000000000000 ) ) ;
#3715 = VERTEX_POINT ( 'NONE', #1368 ) ;
#3716 = PLANE ( 'NONE',  #975 ) ;
#3717 = DIRECTION ( 'NONE',  ( 0.000000000000000000, -1.000000000000000000, 0.000000000000000000 ) ) ;
#3718 = ORIENTED_EDGE ( 'NONE', *, *, #1069, .F. ) ;
#3719 = ORIENTED_EDGE ( 'NONE', *, *, #200, .F. ) ;
#3720 =( GEOMETRIC_REPRESENTATION_CONTEXT ( 3 ) GLOBAL_UNCERTAINTY_ASSIGNED_CONTEXT ( ( #1556 ) ) GLOBAL_UNIT_ASSIGNED_CONTEXT ( ( #2933, #2307, #1397 ) ) REPRESENTATION_CONTEXT ( 'NONE', 'WORKASPACE' ) );
#3721 = CARTESIAN_POINT ( 'NONE',  ( 2.734999999999999876, 0.01436144552488703707, 5.002814941432550455 ) ) ;
#3723 = FILL_AREA_STYLE_COLOUR ( '', #533 ) ;
#3722 = SURFACE_SIDE_STYLE ('',( #23 ) ) ;
#3724 = DIRECTION ( 'NONE',  ( 0.000000000000000000, 0.000000000000000000, -1.000000000000000000 ) ) ;
#3725 = FILL_AREA_STYLE_COLOUR ( '', #1366 ) ;
#3726 = ORIENTED_EDGE ( 'NONE', *, *, #2120, .F. ) ;
#3727 = VERTEX_POINT ( 'NONE', #455 ) ;
#3728 = FILL_AREA_STYLE_COLOUR ( '', #426 ) ;
#3729 = VERTEX_POINT ( 'NONE', #733 ) ;
#3730 = EDGE_CURVE ( 'NONE', #1476, #3847, #3512, .T. ) ;
#3731 = CYLINDRICAL_SURFACE ( 'NONE', #2847, 1.109999999999999876 ) ;
#3733 = CARTESIAN_POINT ( 'NONE',  ( 2.730000000000000426, 0.000000000000000000, 0.8200000000000003952 ) ) ;
#3732 = FILL_AREA_STYLE ('',( #2305 ) ) ;
#3734 = UNCERTAINTY_MEASURE_WITH_UNIT (LENGTH_MEASURE( 1.000000000000000082E-05 ), #1787, 'distance_accuracy_value', 'NONE');
#3735 = LINE ( 'NONE', #3080, #988 ) ;
#3736 = SURFACE_STYLE_USAGE ( .BOTH. , #1649 ) ;
#3737 = CARTESIAN_POINT ( 'NONE',  ( -1.844999999999999751, 0.6303562647612432901, 5.002814941432550455 ) ) ;
#3738 = ORIENTED_EDGE ( 'NONE', *, *, #2615, .T. ) ;
#3739 = MECHANICAL_DESIGN_GEOMETRIC_PRESENTATION_REPRESENTATION (  '', ( #134 ), #2614 ) ;
#3740 = EDGE_CURVE ( 'NONE', #1288, #2156, #610, .T. ) ;
#3741 = VECTOR ( 'NONE', #327, 1000.000000000000000 ) ;
#3742 = CARTESIAN_POINT ( 'NONE',  ( 0.000000000000000000, 0.6099999999999999867, 0.000000000000000000 ) ) ;
#3743 = COLOUR_RGB ( '',0.6666666666666666297, 0.6980392156862744724, 0.7686274509803920907 ) ;
#3744 = VECTOR ( 'NONE', #2101, 1000.000000000000000 ) ;
#3745 = SURFACE_STYLE_USAGE ( .BOTH. , #3157 ) ;
#3746 = PRESENTATION_STYLE_ASSIGNMENT (( #1665 ) ) ;
#3747 = CARTESIAN_POINT ( 'NONE',  ( -3.194901033438991789, 2.820317036477051342, -2.799360198736599692 ) ) ;
#3748 = ORIENTED_EDGE ( 'NONE', *, *, #802, .F. ) ;
#3749 = DIRECTION ( 'NONE',  ( 0.000000000000000000, 0.000000000000000000, 1.000000000000000000 ) ) ;
#3750 = COLOUR_RGB ( '',0.7921568627450980005, 0.8196078431372548767, 0.9333333333333333481 ) ;
#3751 =( LENGTH_UNIT ( ) NAMED_UNIT ( * ) SI_UNIT ( .MILLI., .METRE. ) );
#3752 = EDGE_LOOP ( 'NONE', ( #636, #979, #2594, #791 ) ) ;
#3753 = DIRECTION ( 'NONE',  ( 0.000000000000000000, 0.000000000000000000, 1.000000000000000000 ) ) ;
#3754 = ORIENTED_EDGE ( 'NONE', *, *, #3516, .T. ) ;
#3755 = MECHANICAL_DESIGN_GEOMETRIC_PRESENTATION_REPRESENTATION (  '', ( #2018 ), #2483 ) ;
#3757 = CARTESIAN_POINT ( 'NONE',  ( 2.734999999999999876, 0.6303562647612432901, 5.002814941432550455 ) ) ;
#3756 = CARTESIAN_POINT ( 'NONE',  ( -2.734999999999999876, -0.1300000000000046674, 6.114895591585637113 ) ) ;
#3758 = PRESENTATION_STYLE_ASSIGNMENT (( #625 ) ) ;
#3759 = SURFACE_SIDE_STYLE ('',( #3398 ) ) ;
#3760 = EDGE_CURVE ( 'NONE', #155, #3369, #2392, .T. ) ;
#3761 = UNCERTAINTY_MEASURE_WITH_UNIT (LENGTH_MEASURE( 1.000000000000000082E-05 ), #2395, 'distance_accuracy_value', 'NONE');
#3762 = CARTESIAN_POINT ( 'NONE',  ( 1.844999999999999751, 0.02629274282888501707, 4.917919349846915367 ) ) ;
#3763 = LINE ( 'NONE', #3264, #1385 ) ;
#3764 =( LENGTH_UNIT ( ) NAMED_UNIT ( * ) SI_UNIT ( .MILLI., .METRE. ) );
#3765 = PRESENTATION_LAYER_ASSIGNMENT (  '', '', ( #237 ) ) ;
#3766 = CARTESIAN_POINT ( 'NONE',  ( -2.729999999999999982, 0.6099999999999999867, -3.880000000000000338 ) ) ;
#3767 = CARTESIAN_POINT ( 'NONE',  ( 2.859999999999999876, 1.000000000000021760, 3.109999999999998987 ) ) ;
#3768 = CARTESIAN_POINT ( 'NONE',  ( -2.859999999999999876, 1.245490299132050893, 4.288771060507229116 ) ) ;
#3769 = ORIENTED_EDGE ( 'NONE', *, *, #212, .T. ) ;
#3770 = SURFACE_STYLE_USAGE ( .BOTH. , #3448 ) ;
#3771 = DIRECTION ( 'NONE',  ( 0.000000000000000000, 0.000000000000000000, 1.000000000000000000 ) ) ;
#3772 = CARTESIAN_POINT ( 'NONE',  ( 2.859999999999999876, 1.610000000000021636, 3.466369568594649397 ) ) ;
#3773 = CARTESIAN_POINT ( 'NONE',  ( -3.364999999999999769, 1.609999999999984333, 3.109999999999998987 ) ) ;
#3774 = EDGE_CURVE ( 'NONE', #2556, #2867, #1038, .T. ) ;
#3775 = ORIENTED_EDGE ( 'NONE', *, *, #226, .F. ) ;
#3776 = VECTOR ( 'NONE', #2047, 1000.000000000000000 ) ;
#3777 = ORIENTED_EDGE ( 'NONE', *, *, #1093, .T. ) ;
#3778 = VECTOR ( 'NONE', #3132, 1000.000000000000000 ) ;
#3779 = VERTEX_POINT ( 'NONE', #3146 ) ;
#3780 = CARTESIAN_POINT ( 'NONE',  ( -0.7500000000000000000, -0.000000000000000000, -2.060000000000000497 ) ) ;
#3781 = UNCERTAINTY_MEASURE_WITH_UNIT (LENGTH_MEASURE( 1.000000000000000082E-05 ), #1423, 'distance_accuracy_value', 'NONE');
#3782 = PRESENTATION_STYLE_ASSIGNMENT (( #2796 ) ) ;
#3783 = LINE ( 'NONE', #313, #3698 ) ;
#3784 = AXIS2_PLACEMENT_3D ( 'NONE', #3558, #1764, #865 ) ;
#3785 = FACE_BOUND ( 'NONE', #15, .T. ) ;
#3786 = CARTESIAN_POINT ( 'NONE',  ( 2.859999999999999876, 0.02629274282888523218, 4.917919349846915367 ) ) ;
#3787 =( GEOMETRIC_REPRESENTATION_CONTEXT ( 3 ) GLOBAL_UNCERTAINTY_ASSIGNED_CONTEXT ( ( #1942 ) ) GLOBAL_UNIT_ASSIGNED_CONTEXT ( ( #1103, #786, #2257 ) ) REPRESENTATION_CONTEXT ( 'NONE', 'WORKASPACE' ) );
#3788 = PRESENTATION_STYLE_ASSIGNMENT (( #2735 ) ) ;
#3789 =( LENGTH_UNIT ( ) NAMED_UNIT ( * ) SI_UNIT ( .MILLI., .METRE. ) );
#3790 = EDGE_LOOP ( 'NONE', ( #1902, #1805, #2386, #2491 ) ) ;
#3791 = SURFACE_STYLE_USAGE ( .BOTH. , #1085 ) ;
#3792 = LINE ( 'NONE', #3511, #764 ) ;
#3793 = SURFACE_SIDE_STYLE ('',( #33 ) ) ;
#3794 = CARTESIAN_POINT ( 'NONE',  ( 3.365000000000000657, 1.000000000000021760, -3.109999999999999876 ) ) ;
#3795 = VECTOR ( 'NONE', #2060, 1000.000000000000000 ) ;
#3796 = CLOSED_SHELL ( 'NONE', ( #2737, #2702, #662, #2684, #1789, #2396, #3060, #1811, #332, #1262, #1541, #974, #1855, #2460, #2161, #3343, #1241, #1915, #704, #368, #931, #1561, #320 ) ) ;
#3797 =( LENGTH_UNIT ( ) NAMED_UNIT ( * ) SI_UNIT ( .MILLI., .METRE. ) );
#3798 = CARTESIAN_POINT ( 'NONE',  ( 2.859999999999999876, 0.7908527358470647250, 3.877570314550939479 ) ) ;
#3799 = DIRECTION ( 'NONE',  ( 0.000000000000000000, 0.000000000000000000, 1.000000000000000000 ) ) ;
#3800 = MECHANICAL_DESIGN_GEOMETRIC_PRESENTATION_REPRESENTATION (  '', ( #3391 ), #66 ) ;
#3801 = VERTEX_POINT ( 'NONE', #2830 ) ;
#3802 = EDGE_CURVE ( 'NONE', #663, #357, #3037, .T. ) ;
#3803 = SURFACE_STYLE_FILL_AREA ( #1881 ) ;
#3804 = CARTESIAN_POINT ( 'NONE',  ( 1.844999999999999751, 0.5000000000000216493, 3.466369568594649397 ) ) ;
#3805 = EDGE_CURVE ( 'NONE', #2156, #446, #136, .T. ) ;
#3806 = DIRECTION ( 'NONE',  ( 0.000000000000000000, -0.000000000000000000, -1.000000000000000000 ) ) ;
#3807 =( NAMED_UNIT ( * ) PLANE_ANGLE_UNIT ( ) SI_UNIT ( $, .RADIAN. ) );
#3808 = EDGE_LOOP ( 'NONE', ( #3827, #2046, #1562, #449 ) ) ;
#3809 = ORIENTED_EDGE ( 'NONE', *, *, #1958, .T. ) ;
#3810 = UNCERTAINTY_MEASURE_WITH_UNIT (LENGTH_MEASURE( 1.000000000000000082E-05 ), #2629, 'distance_accuracy_value', 'NONE');
#3811 = CARTESIAN_POINT ( 'NONE',  ( 2.859999999999999876, 0.7908527358470647250, 3.877570314550939479 ) ) ;
#3812 = CARTESIAN_POINT ( 'NONE',  ( -1.720000000000000195, 0.02629274282888523218, 4.917919349846915367 ) ) ;
#3813 = PRESENTATION_LAYER_ASSIGNMENT (  '', '', ( #735 ) ) ;
#3814 =( NAMED_UNIT ( * ) SI_UNIT ( $, .STERADIAN. ) SOLID_ANGLE_UNIT ( ) );
#3815 = CARTESIAN_POINT ( 'NONE',  ( 2.859999999999999876, 0.5000000000000216493, 3.466369568594649397 ) ) ;
#3816 = EDGE_CURVE ( 'NONE', #2683, #3304, #3170, .T. ) ;
#3817 = CARTESIAN_POINT ( 'NONE',  ( -2.734999999999999876, -0.1300000000000033906, 3.109999999999998099 ) ) ;
#3818 = VECTOR ( 'NONE', #656, 1000.000000000000114 ) ;
#3819 = DIRECTION ( 'NONE',  ( 1.000000000000000000, 0.000000000000000000, 9.227252531791524161E-17 ) ) ;
#3820 =( LENGTH_UNIT ( ) NAMED_UNIT ( * ) SI_UNIT ( .MILLI., .METRE. ) );
#3821 = CARTESIAN_POINT ( 'NONE',  ( 2.734999999999999876, 0.02629274282888501707, 4.917919349846915367 ) ) ;
#3822 = FILL_AREA_STYLE_COLOUR ( '', #2406 ) ;
#3823 = STYLED_ITEM ( 'NONE', ( #3871 ), #2196 ) ;
#3824 = VERTEX_POINT ( 'NONE', #1104 ) ;
#3825 =( LENGTH_UNIT ( ) NAMED_UNIT ( * ) SI_UNIT ( .MILLI., .METRE. ) );
#3826 = ORIENTED_EDGE ( 'NONE', *, *, #1529, .F. ) ;
#3827 = ORIENTED_EDGE ( 'NONE', *, *, #1242, .T. ) ;
#3828 = VERTEX_POINT ( 'NONE', #2286 ) ;
#3829 = SURFACE_SIDE_STYLE ('',( #2963 ) ) ;
#3830 = CARTESIAN_POINT ( 'NONE',  ( 1.844999999999999751, 1.610000000000021636, 3.109999999999998987 ) ) ;
#3831 =( LENGTH_UNIT ( ) NAMED_UNIT ( * ) SI_UNIT ( .MILLI., .METRE. ) );
#3832 = PLANE ( 'NONE',  #3567 ) ;
#3833 = CARTESIAN_POINT ( 'NONE',  ( -2.734999999999999876, 1.610000000000021636, 3.466369568594649397 ) ) ;
#3834 = PLANE ( 'NONE',  #2887 ) ;
#3835 = EDGE_CURVE ( 'NONE', #1553, #2927, #1359, .T. ) ;
#3836 = CARTESIAN_POINT ( 'NONE',  ( -2.734999999999999876, 1.610000000000021636, 3.109999999999998987 ) ) ;
#3837 = VERTEX_POINT ( 'NONE', #2249 ) ;
#3838 = PRODUCT_DEFINITION_CONTEXT ( 'detailed design', #2044, 'design' ) ;
#3839 = PRESENTATION_STYLE_ASSIGNMENT (( #1408 ) ) ;
#3840 = DIRECTION ( 'NONE',  ( 0.000000000000000000, 1.000000000000000000, 4.293869990041603930E-16 ) ) ;
#3841 = DIRECTION ( 'NONE',  ( 0.000000000000000000, -1.000000000000000000, 0.000000000000000000 ) ) ;
#3842 = FACE_OUTER_BOUND ( 'NONE', #502, .T. ) ;
#3843 = SURFACE_SIDE_STYLE ('',( #1403 ) ) ;
#3844 = FILL_AREA_STYLE ('',( #564 ) ) ;
#3845 = MECHANICAL_DESIGN_GEOMETRIC_PRESENTATION_REPRESENTATION (  '', ( #522 ), #473 ) ;
#3846 = VECTOR ( 'NONE', #537, 1000.000000000000000 ) ;
#3847 = VERTEX_POINT ( 'NONE', #2571 ) ;
#3848 = ORIENTED_EDGE ( 'NONE', *, *, #2936, .F. ) ;
#3849 = PRESENTATION_STYLE_ASSIGNMENT (( #1431 ) ) ;
#3850 = DIRECTION ( 'NONE',  ( 0.000000000000000000, -1.000000000000000000, -4.293869990041603930E-16 ) ) ;
#3851 = CARTESIAN_POINT ( 'NONE',  ( 0.7500000000000000000, 0.000000000000000000, -2.559999999999999165 ) ) ;
#3852 = ORIENTED_EDGE ( 'NONE', *, *, #2694, .F. ) ;
#3853 = PRESENTATION_STYLE_ASSIGNMENT (( #2521 ) ) ;
#3854 = DIRECTION ( 'NONE',  ( -0.000000000000000000, 0.1391731009600587488, -0.9902680687415712502 ) ) ;
#3855 = ORIENTED_EDGE ( 'NONE', *, *, #3072, .F. ) ;
#3856 = LINE ( 'NONE', #3345, #1657 ) ;
#3857 = PLANE ( 'NONE',  #3214 ) ;
#3858 = FILL_AREA_STYLE ('',( #3570 ) ) ;
#3859 = UNCERTAINTY_MEASURE_WITH_UNIT (LENGTH_MEASURE( 1.000000000000000082E-05 ), #432, 'distance_accuracy_value', 'NONE');
#3860 =( LENGTH_UNIT ( ) NAMED_UNIT ( * ) SI_UNIT ( .MILLI., .METRE. ) );
#3861 = ORIENTED_EDGE ( 'NONE', *, *, #341, .F. ) ;
#3862 = CARTESIAN_POINT ( 'NONE',  ( 0.5699999999999999512, 1.610000000000021636, 3.109999999999998987 ) ) ;
#3863 =( GEOMETRIC_REPRESENTATION_CONTEXT ( 3 ) GLOBAL_UNCERTAINTY_ASSIGNED_CONTEXT ( ( #2023 ) ) GLOBAL_UNIT_ASSIGNED_CONTEXT ( ( #3831, #840, #1828 ) ) REPRESENTATION_CONTEXT ( 'NONE', 'WORKASPACE' ) );
#3864 = CARTESIAN_POINT ( 'NONE',  ( -2.734999999999999876, 0.8358064410504852937, 3.836820691077793555 ) ) ;
#3865 = ORIENTED_EDGE ( 'NONE', *, *, #2472, .F. ) ;
#3866 =( NAMED_UNIT ( * ) SI_UNIT ( $, .STERADIAN. ) SOLID_ANGLE_UNIT ( ) );
#3867 = ORIENTED_EDGE ( 'NONE', *, *, #331, .F. ) ;
#3868 =( NAMED_UNIT ( * ) PLANE_ANGLE_UNIT ( ) SI_UNIT ( $, .RADIAN. ) );
#3869 = SURFACE_STYLE_USAGE ( .BOTH. , #2091 ) ;
#3870 = ADVANCED_FACE ( 'NONE', ( #2432 ), #3731, .T. ) ;
#3871 = PRESENTATION_STYLE_ASSIGNMENT (( #2949 ) ) ;
ENDSEC;
END-ISO-10303-21;
