ISO-10303-21;
HEADER;
FILE_DESCRIPTION (( 'STEP AP214' ),
    '1' );
FILE_NAME ('PM3604-5-RC.STEP',
    '2026-03-06T10:08:33',
    ( '' ),
    ( '' ),
    'SwSTEP 2.0',
    'SolidWorks 2023',
    '' );
FILE_SCHEMA (( 'AUTOMOTIVE_DESIGN' ));
ENDSEC;

DATA;
#1 = LINE ( 'NONE', #3246, #2373 ) ;
#2 = ORIENTED_EDGE ( 'NONE', *, *, #1605, .T. ) ;
#3 = EDGE_CURVE ( 'NONE', #1470, #4139, #2637, .T. ) ;
#4 = EDGE_CURVE ( 'NONE', #3535, #2414, #1747, .T. ) ;
#5 = CARTESIAN_POINT ( 'NONE',  ( -5.900000000000000355, 1.554999999999999938, 1.149999999999999911 ) ) ;
#6 = PLANE ( 'NONE',  #3184 ) ;
#7 = CARTESIAN_POINT ( 'NONE',  ( 6.985000000000000320, 1.409999999999999920, 0.000000000000000000 ) ) ;
#8 = ORIENTED_EDGE ( 'NONE', *, *, #3976, .F. ) ;
#9 = DIRECTION ( 'NONE',  ( -0.000000000000000000, -1.000000000000000000, 0.000000000000000000 ) ) ;
#10 = DIRECTION ( 'NONE',  ( 0.000000000000000000, 1.000000000000000000, 0.000000000000000000 ) ) ;
#11 = ORIENTED_EDGE ( 'NONE', *, *, #2528, .T. ) ;
#12 =( LENGTH_UNIT ( ) NAMED_UNIT ( * ) SI_UNIT ( .MILLI., .METRE. ) );
#13 = DIRECTION ( 'NONE',  ( 0.000000000000000000, 0.000000000000000000, -1.000000000000000000 ) ) ;
#14 = DIRECTION ( 'NONE',  ( -1.000000000000000000, 0.000000000000000000, -0.000000000000000000 ) ) ;
#15 = DIRECTION ( 'NONE',  ( 0.000000000000000000, 0.000000000000000000, 1.000000000000000000 ) ) ;
#16 =( LENGTH_UNIT ( ) NAMED_UNIT ( * ) SI_UNIT ( .MILLI., .METRE. ) );
#17 = COLOUR_RGB ( '',0.2509803921568627416, 0.2509803921568627416, 0.2509803921568627416 ) ;
#18 = CARTESIAN_POINT ( 'NONE',  ( 5.490000000000000213, 15.35822800000000221, 5.490000000000000213 ) ) ;
#19 = VERTEX_POINT ( 'NONE', #1776 ) ;
#20 =( NAMED_UNIT ( * ) PLANE_ANGLE_UNIT ( ) SI_UNIT ( $, .RADIAN. ) );
#21 = MECHANICAL_DESIGN_GEOMETRIC_PRESENTATION_REPRESENTATION (  '', ( #2080 ), #3734 ) ;
#22 = FILL_AREA_STYLE ('',( #1990 ) ) ;
#23 = EDGE_CURVE ( 'NONE', #1440, #2732, #750, .T. ) ;
#24 = EDGE_LOOP ( 'NONE', ( #917, #766, #1133, #2246, #2217, #1547, #1180, #1294 ) ) ;
#25 = CARTESIAN_POINT ( 'NONE',  ( 0.000000000000000000, 0.000000000000000000, -0.8800000000000000044 ) ) ;
#26 = CARTESIAN_POINT ( 'NONE',  ( -0.8800000000000000044, 0.000000000000000000, 0.000000000000000000 ) ) ;
#27 = VECTOR ( 'NONE', #3984, 1000.000000000000000 ) ;
#28 = CARTESIAN_POINT ( 'NONE',  ( 6.700000000000001066, 1.054999999999999938, 1.149999999999999911 ) ) ;
#29 = ADVANCED_FACE ( 'NONE', ( #2090 ), #3116, .T. ) ;
#30 = CARTESIAN_POINT ( 'NONE',  ( 5.489999999999998437, 6.585000000000000853, 5.489999999999999325 ) ) ;
#31 = FILL_AREA_STYLE_COLOUR ( '', #2375 ) ;
#32 = EDGE_LOOP ( 'NONE', ( #2175, #3303, #3704, #3192, #308, #3224, #3780, #832 ) ) ;
#33 = UNCERTAINTY_MEASURE_WITH_UNIT (LENGTH_MEASURE( 1.000000000000000082E-05 ), #384, 'distance_accuracy_value', 'NONE');
#34 = COLOUR_RGB ( '',0.2509803921568627416, 0.2509803921568627416, 0.2509803921568627416 ) ;
#35 = FACE_OUTER_BOUND ( 'NONE', #2488, .T. ) ;
#36 = CARTESIAN_POINT ( 'NONE',  ( 0.000000000000000000, 0.000000000000000000, 5.900000000000000355 ) ) ;
#37 =( GEOMETRIC_REPRESENTATION_CONTEXT ( 3 ) GLOBAL_UNCERTAINTY_ASSIGNED_CONTEXT ( ( #2195 ) ) GLOBAL_UNIT_ASSIGNED_CONTEXT ( ( #1099, #3743, #149 ) ) REPRESENTATION_CONTEXT ( 'NONE', 'WORKASPACE' ) );
#38 = STYLED_ITEM ( 'NONE', ( #2191 ), #2981 ) ;
#39 = CARTESIAN_POINT ( 'NONE',  ( 5.488333943563421968, 6.333333943563423496, 5.739988896777237670 ) ) ;
#40 =( NAMED_UNIT ( * ) PLANE_ANGLE_UNIT ( ) SI_UNIT ( $, .RADIAN. ) );
#41 = DIRECTION ( 'NONE',  ( 1.000000000000000000, 0.000000000000000000, -0.000000000000000000 ) ) ;
#42 = PRESENTATION_STYLE_ASSIGNMENT (( #3269 ) ) ;
#43 = ORIENTED_EDGE ( 'NONE', *, *, #3817, .F. ) ;
#44 = UNCERTAINTY_MEASURE_WITH_UNIT (LENGTH_MEASURE( 1.000000000000000082E-05 ), #3261, 'distance_accuracy_value', 'NONE');
#45 = CARTESIAN_POINT ( 'NONE',  ( -5.900000000000000355, -0.1449999999999999900, 1.149999999999999911 ) ) ;
#46 = COLOUR_RGB ( '',0.2509803921568627416, 0.2509803921568627416, 0.2509803921568627416 ) ;
#47 =( NAMED_UNIT ( * ) SI_UNIT ( $, .STERADIAN. ) SOLID_ANGLE_UNIT ( ) );
#48 =( GEOMETRIC_REPRESENTATION_CONTEXT ( 3 ) GLOBAL_UNCERTAINTY_ASSIGNED_CONTEXT ( ( #241 ) ) GLOBAL_UNIT_ASSIGNED_CONTEXT ( ( #904, #1565, #3166 ) ) REPRESENTATION_CONTEXT ( 'NONE', 'WORKASPACE' ) );
#49 = SURFACE_STYLE_USAGE ( .BOTH. , #704 ) ;
#50 = VERTEX_POINT ( 'NONE', #2049 ) ;
#51 = LINE ( 'NONE', #3073, #656 ) ;
#52 = COLOUR_RGB ( '',0.2509803921568627416, 0.2509803921568627416, 0.2509803921568627416 ) ;
#53 = DIRECTION ( 'NONE',  ( -0.000000000000000000, 0.000000000000000000, -1.000000000000000000 ) ) ;
#54 = DIRECTION ( 'NONE',  ( 0.000000000000000000, 0.000000000000000000, 1.000000000000000000 ) ) ;
#55 = ORIENTED_EDGE ( 'NONE', *, *, #524, .F. ) ;
#56 = AXIS2_PLACEMENT_3D ( 'NONE', #1402, #1424, #572 ) ;
#57 = COLOUR_RGB ( '',0.2509803921568627416, 0.2509803921568627416, 0.2509803921568627416 ) ;
#58 = ADVANCED_FACE ( 'NONE', ( #447 ), #1128, .T. ) ;
#59 = EDGE_CURVE ( 'NONE', #2223, #1626, #931, .T. ) ;
#60 = DIRECTION ( 'NONE',  ( 1.000000000000000000, 0.000000000000000000, -0.000000000000000000 ) ) ;
#61 = CYLINDRICAL_SURFACE ( 'NONE', #3197, 0.5000000000000000000 ) ;
#62 = SURFACE_SIDE_STYLE ('',( #81 ) ) ;
#63 =( NAMED_UNIT ( * ) PLANE_ANGLE_UNIT ( ) SI_UNIT ( $, .RADIAN. ) );
#64 = AXIS2_PLACEMENT_3D ( 'NONE', #1968, #1042, #60 ) ;
#65 = ORIENTED_EDGE ( 'NONE', *, *, #3557, .T. ) ;
#66 = CARTESIAN_POINT ( 'NONE',  ( -0.8799999999999997824, 1.409999999999999920, 5.739999999999999325 ) ) ;
#67 = SURFACE_STYLE_USAGE ( .BOTH. , #2358 ) ;
#68 = DIRECTION ( 'NONE',  ( -1.000000000000000000, 0.000000000000000000, -0.000000000000000000 ) ) ;
#69 = ORIENTED_EDGE ( 'NONE', *, *, #1972, .F. ) ;
#70 = SURFACE_SIDE_STYLE ('',( #1084 ) ) ;
#71 = DIRECTION ( 'NONE',  ( 1.000000000000000000, 0.000000000000000000, 0.000000000000000000 ) ) ;
#72 = SURFACE_STYLE_USAGE ( .BOTH. , #3863 ) ;
#73 = DIRECTION ( 'NONE',  ( 1.000000000000000000, 0.000000000000000000, -0.000000000000000000 ) ) ;
#74 = DIRECTION ( 'NONE',  ( 0.000000000000000000, 1.000000000000000000, 0.000000000000000000 ) ) ;
#75 = VERTEX_POINT ( 'NONE', #1507 ) ;
#76 =( LENGTH_UNIT ( ) NAMED_UNIT ( * ) SI_UNIT ( .MILLI., .METRE. ) );
#77 = DIRECTION ( 'NONE',  ( 0.000000000000000000, 0.000000000000000000, 1.000000000000000000 ) ) ;
#78 = ADVANCED_FACE ( 'NONE', ( #3448 ), #1798, .T. ) ;
#79 = ADVANCED_FACE ( 'NONE', ( #1198 ), #3231, .T. ) ;
#80 = SURFACE_STYLE_USAGE ( .BOTH. , #1385 ) ;
#81 = SURFACE_STYLE_FILL_AREA ( #2324 ) ;
#82 =( NAMED_UNIT ( * ) SI_UNIT ( $, .STERADIAN. ) SOLID_ANGLE_UNIT ( ) );
#83 = FILL_AREA_STYLE_COLOUR ( '', #2284 ) ;
#84 = LINE ( 'NONE', #2453, #819 ) ;
#85 = PLANE ( 'NONE',  #2577 ) ;
#86 = SURFACE_STYLE_FILL_AREA ( #1682 ) ;
#87 = DIRECTION ( 'NONE',  ( -1.000000000000000000, 0.000000000000000000, 0.000000000000000000 ) ) ;
#88 = EDGE_LOOP ( 'NONE', ( #2228, #3713, #1996, #3051 ) ) ;
#89 = PRESENTATION_LAYER_ASSIGNMENT (  '', '', ( #3398 ) ) ;
#90 = PLANE ( 'NONE',  #2905 ) ;
#91 = FILL_AREA_STYLE ('',( #4010 ) ) ;
#92 = FILL_AREA_STYLE_COLOUR ( '', #3841 ) ;
#93 = CARTESIAN_POINT ( 'NONE',  ( 5.490000000000000213, 0.000000000000000000, 5.740000000000000213 ) ) ;
#94 = VERTEX_POINT ( 'NONE', #3797 ) ;
#95 = ORIENTED_EDGE ( 'NONE', *, *, #1219, .F. ) ;
#96 = MECHANICAL_DESIGN_GEOMETRIC_PRESENTATION_REPRESENTATION (  '', ( #860 ), #1749 ) ;
#97 =( GEOMETRIC_REPRESENTATION_CONTEXT ( 3 ) GLOBAL_UNCERTAINTY_ASSIGNED_CONTEXT ( ( #3800 ) ) GLOBAL_UNIT_ASSIGNED_CONTEXT ( ( #2588, #3299, #3316 ) ) REPRESENTATION_CONTEXT ( 'NONE', 'WORKASPACE' ) );
#98 = DIRECTION ( 'NONE',  ( 1.000000000000000000, 0.000000000000000000, 0.000000000000000000 ) ) ;
#99 = VECTOR ( 'NONE', #1256, 1000.000000000000000 ) ;
#100 =( GEOMETRIC_REPRESENTATION_CONTEXT ( 3 ) GLOBAL_UNCERTAINTY_ASSIGNED_CONTEXT ( ( #1223 ) ) GLOBAL_UNIT_ASSIGNED_CONTEXT ( ( #1639, #657, #1917 ) ) REPRESENTATION_CONTEXT ( 'NONE', 'WORKASPACE' ) );
#101 = SURFACE_SIDE_STYLE ('',( #3718 ) ) ;
#102 = FILL_AREA_STYLE_COLOUR ( '', #854 ) ;
#103 = FACE_OUTER_BOUND ( 'NONE', #3879, .T. ) ;
#104 = PRESENTATION_LAYER_ASSIGNMENT (  '', '', ( #2362 ) ) ;
#105 = AXIS2_PLACEMENT_3D ( 'NONE', #2622, #3681, #441 ) ;
#106 = FILL_AREA_STYLE ('',( #2379 ) ) ;
#107 = VERTEX_POINT ( 'NONE', #227 ) ;
#108 = PRESENTATION_STYLE_ASSIGNMENT (( #1052 ) ) ;
#109 = EDGE_CURVE ( 'NONE', #291, #1851, #453, .T. ) ;
#110 = PRESENTATION_LAYER_ASSIGNMENT (  '', '', ( #4168 ) ) ;
#111 = ADVANCED_FACE ( 'NONE', ( #4208 ), #1262, .F. ) ;
#112 = FILL_AREA_STYLE ('',( #3068 ) ) ;
#113 =( NAMED_UNIT ( * ) SI_UNIT ( $, .STERADIAN. ) SOLID_ANGLE_UNIT ( ) );
#114 = ORIENTED_EDGE ( 'NONE', *, *, #1793, .T. ) ;
#115 = DIRECTION ( 'NONE',  ( 0.000000000000000000, -0.000000000000000000, 1.000000000000000000 ) ) ;
#116 = UNCERTAINTY_MEASURE_WITH_UNIT (LENGTH_MEASURE( 1.000000000000000082E-05 ), #2448, 'distance_accuracy_value', 'NONE');
#117 = AXIS2_PLACEMENT_3D ( 'NONE', #4195, #1247, #3860 ) ;
#118 = FILL_AREA_STYLE ('',( #3022 ) ) ;
#119 = LINE ( 'NONE', #2985, #761 ) ;
#120 = VERTEX_POINT ( 'NONE', #3655 ) ;
#121 = VERTEX_POINT ( 'NONE', #2269 ) ;
#122 = CARTESIAN_POINT ( 'NONE',  ( -1.636000000001156973, 6.335000000000002629, -5.739999999998842029 ) ) ;
#123 = SURFACE_STYLE_USAGE ( .BOTH. , #1782 ) ;
#124 = STYLED_ITEM ( 'NONE', ( #2102 ), #2177 ) ;
#125 = CARTESIAN_POINT ( 'NONE',  ( -1.635999999999999899, 6.335000000000003517, -5.740000000000000213 ) ) ;
#126 = STYLED_ITEM ( 'NONE', ( #1373 ), #2101 ) ;
#127 =( NAMED_UNIT ( * ) PLANE_ANGLE_UNIT ( ) SI_UNIT ( $, .RADIAN. ) );
#128 = LINE ( 'NONE', #4027, #391 ) ;
#129 = CARTESIAN_POINT ( 'NONE',  ( 0.000000000000000000, 1.409999999999999920, 0.000000000000000000 ) ) ;
#130 = VECTOR ( 'NONE', #2673, 1000.000000000000000 ) ;
#131 = ORIENTED_EDGE ( 'NONE', *, *, #1582, .T. ) ;
#132 = LINE ( 'NONE', #895, #1882 ) ;
#133 = VECTOR ( 'NONE', #1423, 1000.000000000000000 ) ;
#134 = VECTOR ( 'NONE', #2316, 1000.000000000000000 ) ;
#135 = FILL_AREA_STYLE_COLOUR ( '', #1817 ) ;
#136 = EDGE_CURVE ( 'NONE', #2130, #465, #2255, .T. ) ;
#137 = ADVANCED_FACE ( 'NONE', ( #1961 ), #1312, .T. ) ;
#138 = DIRECTION ( 'NONE',  ( 0.000000000000000000, 1.000000000000000000, 0.000000000000000000 ) ) ;
#139 = ORIENTED_EDGE ( 'NONE', *, *, #977, .F. ) ;
#140 = SURFACE_STYLE_FILL_AREA ( #1774 ) ;
#141 = DIRECTION ( 'NONE',  ( -0.7071067811865474617, 0.000000000000000000, 0.7071067811865474617 ) ) ;
#142 = LINE ( 'NONE', #2675, #2725 ) ;
#143 = VERTEX_POINT ( 'NONE', #1684 ) ;
#144 = ORIENTED_EDGE ( 'NONE', *, *, #410, .T. ) ;
#145 = DIRECTION ( 'NONE',  ( 1.000000000000000000, -0.000000000000000000, -0.000000000000000000 ) ) ;
#146 = CARTESIAN_POINT ( 'NONE',  ( 5.490000000000000213, 6.334999999999999964, 5.489999999999998437 ) ) ;
#147 = SURFACE_STYLE_USAGE ( .BOTH. , #101 ) ;
#148 = CARTESIAN_POINT ( 'NONE',  ( -5.900000000000000355, 0.000000000000000000, -0.8800000000000000044 ) ) ;
#149 =( NAMED_UNIT ( * ) SI_UNIT ( $, .STERADIAN. ) SOLID_ANGLE_UNIT ( ) );
#150 = LINE ( 'NONE', #439, #676 ) ;
#151 = ORIENTED_EDGE ( 'NONE', *, *, #411, .F. ) ;
#152 = CARTESIAN_POINT ( 'NONE',  ( 5.576428886874447599, 6.616105590733191377, -5.562447799860081865 ) ) ;
#153 = PLANE ( 'NONE',  #4151 ) ;
#154 =( NAMED_UNIT ( * ) PLANE_ANGLE_UNIT ( ) SI_UNIT ( $, .RADIAN. ) );
#155 = LINE ( 'NONE', #1474, #3501 ) ;
#156 = ORIENTED_EDGE ( 'NONE', *, *, #1436, .T. ) ;
#157 = UNCERTAINTY_MEASURE_WITH_UNIT (LENGTH_MEASURE( 1.000000000000000082E-05 ), #3253, 'distance_accuracy_value', 'NONE');
#158 = FACE_OUTER_BOUND ( 'NONE', #3545, .T. ) ;
#159 = EDGE_CURVE ( 'NONE', #3296, #3642, #3408, .T. ) ;
#160 =( NAMED_UNIT ( * ) PLANE_ANGLE_UNIT ( ) SI_UNIT ( $, .RADIAN. ) );
#161 = LINE ( 'NONE', #1480, #2523 ) ;
#162 = ORIENTED_EDGE ( 'NONE', *, *, #3292, .T. ) ;
#163 = EDGE_CURVE ( 'NONE', #790, #3142, #2311, .T. ) ;
#164 = ADVANCED_FACE ( 'NONE', ( #1712 ), #6, .T. ) ;
#165 = CIRCLE ( 'NONE', #2563, 0.5000000000000000000 ) ;
#166 = CARTESIAN_POINT ( 'NONE',  ( 5.739999999999999325, 0.000000000000000000, -0.8800000000000000044 ) ) ;
#167 = PRESENTATION_LAYER_ASSIGNMENT (  '', '', ( #3873 ) ) ;
#168 = FILL_AREA_STYLE ('',( #3472 ) ) ;
#169 =( NAMED_UNIT ( * ) SI_UNIT ( $, .STERADIAN. ) SOLID_ANGLE_UNIT ( ) );
#170 =( GEOMETRIC_REPRESENTATION_CONTEXT ( 3 ) GLOBAL_UNCERTAINTY_ASSIGNED_CONTEXT ( ( #1482 ) ) GLOBAL_UNIT_ASSIGNED_CONTEXT ( ( #4164, #2524, #2857 ) ) REPRESENTATION_CONTEXT ( 'NONE', 'WORKASPACE' ) );
#171 = SURFACE_STYLE_USAGE ( .BOTH. , #3103 ) ;
#172 = CARTESIAN_POINT ( 'NONE',  ( 0.8800000000000000044, 0.000000000000000000, 6.985000000000000320 ) ) ;
#173 = AXIS2_PLACEMENT_3D ( 'NONE', #4005, #2975, #2061 ) ;
#174 =( NAMED_UNIT ( * ) PLANE_ANGLE_UNIT ( ) SI_UNIT ( $, .RADIAN. ) );
#175 = CARTESIAN_POINT ( 'NONE',  ( -5.900000000000000355, 1.554999999999999938, -1.149999999999999911 ) ) ;
#176 = AXIS2_PLACEMENT_3D ( 'NONE', #2042, #87, #1078 ) ;
#177 =( GEOMETRIC_REPRESENTATION_CONTEXT ( 3 ) GLOBAL_UNCERTAINTY_ASSIGNED_CONTEXT ( ( #1669 ) ) GLOBAL_UNIT_ASSIGNED_CONTEXT ( ( #1437, #1992, #424 ) ) REPRESENTATION_CONTEXT ( 'NONE', 'WORKASPACE' ) );
#178 = ORIENTED_EDGE ( 'NONE', *, *, #2394, .F. ) ;
#179 = DIRECTION ( 'NONE',  ( -0.000000000000000000, -1.000000000000000000, -0.000000000000000000 ) ) ;
#180 =( GEOMETRIC_REPRESENTATION_CONTEXT ( 3 ) GLOBAL_UNCERTAINTY_ASSIGNED_CONTEXT ( ( #345 ) ) GLOBAL_UNIT_ASSIGNED_CONTEXT ( ( #2357, #2039, #2974 ) ) REPRESENTATION_CONTEXT ( 'NONE', 'WORKASPACE' ) );
#181 =( NAMED_UNIT ( * ) PLANE_ANGLE_UNIT ( ) SI_UNIT ( $, .RADIAN. ) );
#182 = VERTEX_POINT ( 'NONE', #2683 ) ;
#183 = VECTOR ( 'NONE', #2491, 1000.000000000000000 ) ;
#184 =( GEOMETRIC_REPRESENTATION_CONTEXT ( 3 ) GLOBAL_UNCERTAINTY_ASSIGNED_CONTEXT ( ( #4076 ) ) GLOBAL_UNIT_ASSIGNED_CONTEXT ( ( #3610, #372, #3357 ) ) REPRESENTATION_CONTEXT ( 'NONE', 'WORKASPACE' ) );
#185 = CARTESIAN_POINT ( 'NONE',  ( -0.8799999999999997824, 0.000000000000000000, -5.739999999999999325 ) ) ;
#186 = DIRECTION ( 'NONE',  ( 0.000000000000000000, -1.000000000000000000, 0.000000000000000000 ) ) ;
#187 = MECHANICAL_DESIGN_GEOMETRIC_PRESENTATION_REPRESENTATION (  '', ( #1625 ), #184 ) ;
#188 = ORIENTED_EDGE ( 'NONE', *, *, #835, .F. ) ;
#189 = UNCERTAINTY_MEASURE_WITH_UNIT (LENGTH_MEASURE( 1.000000000000000082E-05 ), #2385, 'distance_accuracy_value', 'NONE');
#190 = MECHANICAL_DESIGN_GEOMETRIC_PRESENTATION_REPRESENTATION (  '', ( #882 ), #1629 ) ;
#191 = FILL_AREA_STYLE ('',( #2178 ) ) ;
#192 = AXIS2_PLACEMENT_3D ( 'NONE', #2471, #1544, #529 ) ;
#193 = ADVANCED_FACE ( 'NONE', ( #2411 ), #443, .T. ) ;
#194 = EDGE_CURVE ( 'NONE', #1429, #991, #2748, .T. ) ;
#195 = ORIENTED_EDGE ( 'NONE', *, *, #1793, .F. ) ;
#196 =( NAMED_UNIT ( * ) SI_UNIT ( $, .STERADIAN. ) SOLID_ANGLE_UNIT ( ) );
#197 = CARTESIAN_POINT ( 'NONE',  ( -1.636000000001156973, 6.335000000000002629, -5.739999999998842029 ) ) ;
#198 =( GEOMETRIC_REPRESENTATION_CONTEXT ( 3 ) GLOBAL_UNCERTAINTY_ASSIGNED_CONTEXT ( ( #4157 ) ) GLOBAL_UNIT_ASSIGNED_CONTEXT ( ( #606, #1579, #2922 ) ) REPRESENTATION_CONTEXT ( 'NONE', 'WORKASPACE' ) );
#199 =( NAMED_UNIT ( * ) SI_UNIT ( $, .STERADIAN. ) SOLID_ANGLE_UNIT ( ) );
#200 = DIRECTION ( 'NONE',  ( -1.000000000000000000, 0.000000000000000000, -0.000000000000000000 ) ) ;
#201 = LINE ( 'NONE', #4176, #2707 ) ;
#202 = FACE_OUTER_BOUND ( 'NONE', #3872, .T. ) ;
#203 = STYLED_ITEM ( 'NONE', ( #3775 ), #2151 ) ;
#204 = EDGE_LOOP ( 'NONE', ( #2024, #499, #3759, #2645 ) ) ;
#205 = CARTESIAN_POINT ( 'NONE',  ( -6.700000000000000178, 1.409999999999999920, 0.8800000000000000044 ) ) ;
#206 = LINE ( 'NONE', #3832, #2770 ) ;
#207 = CARTESIAN_POINT ( 'NONE',  ( 5.637543338873777010, 6.511776695296637385, -5.666776695296637634 ) ) ;
#208 = MECHANICAL_DESIGN_GEOMETRIC_PRESENTATION_REPRESENTATION (  '', ( #3364 ), #3441 ) ;
#209 = ORIENTED_EDGE ( 'NONE', *, *, #1819, .F. ) ;
#210 = FILL_AREA_STYLE_COLOUR ( '', #1413 ) ;
#211 = FILL_AREA_STYLE_COLOUR ( '', #2632 ) ;
#212 = ORIENTED_EDGE ( 'NONE', *, *, #524, .T. ) ;
#213 = DIRECTION ( 'NONE',  ( 0.000000000000000000, -1.000000000000000000, 0.000000000000000000 ) ) ;
#214 = ORIENTED_EDGE ( 'NONE', *, *, #3313, .T. ) ;
#215 = DIRECTION ( 'NONE',  ( 1.000000000000000000, -0.000000000000000000, -0.000000000000000000 ) ) ;
#216 =( NAMED_UNIT ( * ) PLANE_ANGLE_UNIT ( ) SI_UNIT ( $, .RADIAN. ) );
#217 = EDGE_CURVE ( 'NONE', #2130, #1462, #2280, .T. ) ;
#218 = SURFACE_SIDE_STYLE ('',( #3508 ) ) ;
#219 =( LENGTH_UNIT ( ) NAMED_UNIT ( * ) SI_UNIT ( .MILLI., .METRE. ) );
#220 = ORIENTED_EDGE ( 'NONE', *, *, #1026, .T. ) ;
#221 = LINE ( 'NONE', #2793, #3942 ) ;
#222 = EDGE_CURVE ( 'NONE', #4102, #3088, #1727, .T. ) ;
#223 = PRESENTATION_STYLE_ASSIGNMENT (( #3871 ) ) ;
#224 = ORIENTED_EDGE ( 'NONE', *, *, #380, .T. ) ;
#225 = ORIENTED_EDGE ( 'NONE', *, *, #3971, .T. ) ;
#226 = DIRECTION ( 'NONE',  ( -0.000000000000000000, -1.000000000000000000, 0.000000000000000000 ) ) ;
#227 = CARTESIAN_POINT ( 'NONE',  ( 0.8800000000000000044, 0.000000000000000000, -6.700000000000000178 ) ) ;
#228 = CARTESIAN_POINT ( 'NONE',  ( 0.8799999999999997824, 1.409999999999999920, 5.739999999999999325 ) ) ;
#229 = ORIENTED_EDGE ( 'NONE', *, *, #752, .T. ) ;
#230 = PLANE ( 'NONE',  #2229 ) ;
#231 = ORIENTED_EDGE ( 'NONE', *, *, #194, .T. ) ;
#232 = PRESENTATION_LAYER_ASSIGNMENT (  '', '', ( #2080 ) ) ;
#233 = LINE ( 'NONE', #2240, #3366 ) ;
#234 = SURFACE_STYLE_FILL_AREA ( #3169 ) ;
#235 = VECTOR ( 'NONE', #2307, 1000.000000000000000 ) ;
#236 = ORIENTED_EDGE ( 'NONE', *, *, #3769, .F. ) ;
#237 = CARTESIAN_POINT ( 'NONE',  ( 0.8800000000000000044, 0.000000000000000000, 6.985000000000000320 ) ) ;
#238 = SURFACE_SIDE_STYLE ('',( #621 ) ) ;
#239 = MECHANICAL_DESIGN_GEOMETRIC_PRESENTATION_REPRESENTATION (  '', ( #3254 ), #3480 ) ;
#240 = MECHANICAL_DESIGN_GEOMETRIC_PRESENTATION_REPRESENTATION (  '', ( #1137 ), #3932 ) ;
#241 = UNCERTAINTY_MEASURE_WITH_UNIT (LENGTH_MEASURE( 1.000000000000000082E-05 ), #904, 'distance_accuracy_value', 'NONE');
#242 = ORIENTED_EDGE ( 'NONE', *, *, #3462, .F. ) ;
#243 = ADVANCED_FACE ( 'NONE', ( #1389 ), #1104, .T. ) ;
#244 = EDGE_CURVE ( 'NONE', #1851, #1034, #1791, .T. ) ;
#245 = DIRECTION ( 'NONE',  ( 0.000000000000000000, 0.000000000000000000, -1.000000000000000000 ) ) ;
#246 = PRESENTATION_LAYER_ASSIGNMENT (  '', '', ( #3543 ) ) ;
#247 = VECTOR ( 'NONE', #115, 1000.000000000000000 ) ;
#248 = COLOUR_RGB ( '',0.2509803921568627416, 0.2509803921568627416, 0.2509803921568627416 ) ;
#249 = DIRECTION ( 'NONE',  ( 0.000000000000000000, 0.000000000000000000, 1.000000000000000000 ) ) ;
#250 = ORIENTED_EDGE ( 'NONE', *, *, #3737, .F. ) ;
#251 = MECHANICAL_DESIGN_GEOMETRIC_PRESENTATION_REPRESENTATION (  '', ( #1419 ), #1698 ) ;
#252 = CIRCLE ( 'NONE', #3757, 0.5000000000000000000 ) ;
#253 = CARTESIAN_POINT ( 'NONE',  ( -5.576428886874447599, 6.616105590733191377, 5.562447799860081865 ) ) ;
#254 = DIRECTION ( 'NONE',  ( 0.000000000000000000, -0.000000000000000000, 1.000000000000000000 ) ) ;
#255 = PRESENTATION_LAYER_ASSIGNMENT (  '', '', ( #2789 ) ) ;
#256 = VERTEX_POINT ( 'NONE', #4095 ) ;
#257 = CARTESIAN_POINT ( 'NONE',  ( 0.000000000000000000, -0.1449999999999999900, 5.900000000000000355 ) ) ;
#258 = DIRECTION ( 'NONE',  ( 0.000000000000000000, 1.000000000000000000, 0.000000000000000000 ) ) ;
#259 = VECTOR ( 'NONE', #327, 1000.000000000000000 ) ;
#260 =( NAMED_UNIT ( * ) SI_UNIT ( $, .STERADIAN. ) SOLID_ANGLE_UNIT ( ) );
#261 = ORIENTED_EDGE ( 'NONE', *, *, #2272, .F. ) ;
#262 = PRESENTATION_STYLE_ASSIGNMENT (( #1914 ) ) ;
#263 = CIRCLE ( 'NONE', #2238, 0.2500000000000002220 ) ;
#264 = DIRECTION ( 'NONE',  ( 1.000000000000000000, -0.000000000000000000, 0.000000000000000000 ) ) ;
#265 = SURFACE_STYLE_USAGE ( .BOTH. , #3589 ) ;
#266 =( NAMED_UNIT ( * ) SI_UNIT ( $, .STERADIAN. ) SOLID_ANGLE_UNIT ( ) );
#267 = PRESENTATION_LAYER_ASSIGNMENT (  '', '', ( #3140 ) ) ;
#268 = VERTEX_POINT ( 'NONE', #3090 ) ;
#269 = DIRECTION ( 'NONE',  ( 1.000000000000000000, 0.000000000000000000, 0.000000000000000000 ) ) ;
#270 = MECHANICAL_DESIGN_GEOMETRIC_PRESENTATION_REPRESENTATION (  '', ( #3143 ), #4261 ) ;
#271 = SURFACE_SIDE_STYLE ('',( #918 ) ) ;
#272 = EDGE_CURVE ( 'NONE', #3821, #1590, #470, .T. ) ;
#273 = ADVANCED_FACE ( 'NONE', ( #1235 ), #2630, .T. ) ;
#274 = LINE ( 'NONE', #2878, #749 ) ;
#275 = VERTEX_POINT ( 'NONE', #2539 ) ;
#276 = VECTOR ( 'NONE', #2162, 1000.000000000000000 ) ;
#277 = SURFACE_STYLE_FILL_AREA ( #1328 ) ;
#278 = CARTESIAN_POINT ( 'NONE',  ( 5.414906099201957090, 6.615410311702262014, 5.637254666298387562 ) ) ;
#279 = ORIENTED_EDGE ( 'NONE', *, *, #4061, .F. ) ;
#280 = CARTESIAN_POINT ( 'NONE',  ( 0.8800000000000000044, 1.409999999999999920, 6.700000000000000178 ) ) ;
#281 = SURFACE_STYLE_FILL_AREA ( #1630 ) ;
#282 =( BOUNDED_SURFACE ( )  B_SPLINE_SURFACE ( 3, 3, ( 
 ( #3227, #641, #1257, #3532 ),
 ( #354, #4203, #1933, #1616 ),
 ( #1594, #4181, #2890, #2602 ),
 ( #2555, #2873, #971, #655 ) ),
 .UNSPECIFIED., .F., .F., .F. ) 
 B_SPLINE_SURFACE_WITH_KNOTS ( ( 4, 4 ),
 ( 4, 4 ),
 ( 0.000000000000000000, 1.000000000000000000 ),
 ( 0.000000000000000000, 1.000000000000000000 ),
 .UNSPECIFIED. ) 
 GEOMETRIC_REPRESENTATION_ITEM ( )  RATIONAL_B_SPLINE_SURFACE ( (
 ( 1.000000000000000000, 0.8047378541243611627, 0.8047378541243611627, 1.000000000000000000),
 ( 0.8025111867385926745, 0.6458111303268095904, 0.6458111303268095904, 0.8025111867385926745),
 ( 0.8025111867385926745, 0.6458111303268095904, 0.6458111303268095904, 0.8025111867385926745),
 ( 1.000000000000000000, 0.8047378541243611627, 0.8047378541243611627, 1.000000000000000000) ) ) 
 REPRESENTATION_ITEM ( '' )  SURFACE ( )  );
#283 = ORIENTED_EDGE ( 'NONE', *, *, #2832, .F. ) ;
#284 =( NAMED_UNIT ( * ) SI_UNIT ( $, .STERADIAN. ) SOLID_ANGLE_UNIT ( ) );
#285 =( NAMED_UNIT ( * ) PLANE_ANGLE_UNIT ( ) SI_UNIT ( $, .RADIAN. ) );
#286 = CARTESIAN_POINT ( 'NONE',  ( 0.8800000000000000044, 1.409999999999999920, 6.985000000000000320 ) ) ;
#287 = ORIENTED_EDGE ( 'NONE', *, *, #2858, .T. ) ;
#288 = DIRECTION ( 'NONE',  ( 0.000000000000000000, 1.000000000000000000, 0.000000000000000000 ) ) ;
#289 = CARTESIAN_POINT ( 'NONE',  ( 25.19629199999999969, 6.334999999999999964, -5.490000000000000213 ) ) ;
#290 = CARTESIAN_POINT ( 'NONE',  ( -5.899999999999999467, 0.000000000000000000, -0.8800000000000000044 ) ) ;
#291 = VERTEX_POINT ( 'NONE', #3853 ) ;
#292 = LINE ( 'NONE', #4237, #4225 ) ;
#293 =( LENGTH_UNIT ( ) NAMED_UNIT ( * ) SI_UNIT ( .MILLI., .METRE. ) );
#294 =( NAMED_UNIT ( * ) PLANE_ANGLE_UNIT ( ) SI_UNIT ( $, .RADIAN. ) );
#295 = ADVANCED_FACE ( 'NONE', ( #2794 ), #4182, .T. ) ;
#296 = EDGE_CURVE ( 'NONE', #291, #2508, #3534, .T. ) ;
#297 = VERTEX_POINT ( 'NONE', #3633 ) ;
#298 =( NAMED_UNIT ( * ) PLANE_ANGLE_UNIT ( ) SI_UNIT ( $, .RADIAN. ) );
#299 = PRESENTATION_STYLE_ASSIGNMENT (( #674 ) ) ;
#300 = DIRECTION ( 'NONE',  ( -0.000000000000000000, -0.000000000000000000, 1.000000000000000000 ) ) ;
#301 =( GEOMETRIC_REPRESENTATION_CONTEXT ( 3 ) GLOBAL_UNCERTAINTY_ASSIGNED_CONTEXT ( ( #1750 ) ) GLOBAL_UNIT_ASSIGNED_CONTEXT ( ( #3929, #2912, #284 ) ) REPRESENTATION_CONTEXT ( 'NONE', 'WORKASPACE' ) );
#302 = ORIENTED_EDGE ( 'NONE', *, *, #1403, .T. ) ;
#303 = SURFACE_STYLE_FILL_AREA ( #2850 ) ;
#304 = FILL_AREA_STYLE_COLOUR ( '', #2996 ) ;
#305 = VECTOR ( 'NONE', #567, 1000.000000000000000 ) ;
#306 = SURFACE_SIDE_STYLE ('',( #3956 ) ) ;
#307 = DIRECTION ( 'NONE',  ( -0.000000000000000000, -0.000000000000000000, -1.000000000000000000 ) ) ;
#308 = ORIENTED_EDGE ( 'NONE', *, *, #4214, .F. ) ;
#309 =( NAMED_UNIT ( * ) SI_UNIT ( $, .STERADIAN. ) SOLID_ANGLE_UNIT ( ) );
#310 = VECTOR ( 'NONE', #2210, 1000.000000000000000 ) ;
#311 = DIRECTION ( 'NONE',  ( 0.000000000000000000, -0.7071067811865475727, 0.7071067811865475727 ) ) ;
#312 = CARTESIAN_POINT ( 'NONE',  ( 0.000000000000000000, 0.000000000000000000, 0.000000000000000000 ) ) ;
#313 = VECTOR ( 'NONE', #3531, 1000.000000000000000 ) ;
#314 = CARTESIAN_POINT ( 'NONE',  ( -6.985000000000000320, 0.000000000000000000, 0.8800000000000000044 ) ) ;
#315 = VERTEX_POINT ( 'NONE', #2604 ) ;
#316 = STYLED_ITEM ( 'NONE', ( #848 ), #295 ) ;
#317 = VECTOR ( 'NONE', #3138, 1000.000000000000000 ) ;
#318 = DIRECTION ( 'NONE',  ( -1.000000000000000000, -0.000000000000000000, -0.000000000000000000 ) ) ;
#319 = VECTOR ( 'NONE', #3848, 1000.000000000000000 ) ;
#320 = PRESENTATION_LAYER_ASSIGNMENT (  '', '', ( #3485 ) ) ;
#321 = CARTESIAN_POINT ( 'NONE',  ( -5.490000000000001101, 6.511776695296639161, 5.666776695296637634 ) ) ;
#322 = CYLINDRICAL_SURFACE ( 'NONE', #2037, 0.5000000000000000000 ) ;
#323 = AXIS2_PLACEMENT_3D ( 'NONE', #4018, #4046, #2072 ) ;
#324 = STYLED_ITEM ( 'NONE', ( #2323 ), #3236 ) ;
#325 = EDGE_CURVE ( 'NONE', #383, #1441, #2634, .T. ) ;
#326 = EDGE_CURVE ( 'NONE', #2672, #1567, #2618, .T. ) ;
#327 = DIRECTION ( 'NONE',  ( -0.000000000000000000, -1.000000000000000000, -0.000000000000000000 ) ) ;
#328 = CARTESIAN_POINT ( 'NONE',  ( -5.740000000000000213, 0.000000000000000000, 0.000000000000000000 ) ) ;
#329 = PRESENTATION_LAYER_ASSIGNMENT (  '', '', ( #4040 ) ) ;
#330 = FILL_AREA_STYLE_COLOUR ( '', #2930 ) ;
#331 = DIRECTION ( 'NONE',  ( 0.000000000000000000, 1.000000000000000000, -0.000000000000000000 ) ) ;
#332 =( NAMED_UNIT ( * ) SI_UNIT ( $, .STERADIAN. ) SOLID_ANGLE_UNIT ( ) );
#333 = ORIENTED_EDGE ( 'NONE', *, *, #3173, .F. ) ;
#334 = MECHANICAL_DESIGN_GEOMETRIC_PRESENTATION_REPRESENTATION (  '', ( #2235 ), #3765 ) ;
#335 = DIRECTION ( 'NONE',  ( 0.000000000000000000, 0.000000000000000000, -1.000000000000000000 ) ) ;
#336 = VECTOR ( 'NONE', #54, 1000.000000000000000 ) ;
#337 = DIRECTION ( 'NONE',  ( -0.000000000000000000, -1.000000000000000000, -0.000000000000000000 ) ) ;
#338 = PRESENTATION_STYLE_ASSIGNMENT (( #3539 ) ) ;
#339 = VERTEX_POINT ( 'NONE', #955 ) ;
#340 = MECHANICAL_DESIGN_GEOMETRIC_PRESENTATION_REPRESENTATION (  '', ( #203 ), #1775 ) ;
#341 =( NAMED_UNIT ( * ) SI_UNIT ( $, .STERADIAN. ) SOLID_ANGLE_UNIT ( ) );
#342 =( LENGTH_UNIT ( ) NAMED_UNIT ( * ) SI_UNIT ( .MILLI., .METRE. ) );
#343 = CIRCLE ( 'NONE', #1016, 0.5000000000000000000 ) ;
#344 = ORIENTED_EDGE ( 'NONE', *, *, #3173, .T. ) ;
#345 = UNCERTAINTY_MEASURE_WITH_UNIT (LENGTH_MEASURE( 1.000000000000000082E-05 ), #2357, 'distance_accuracy_value', 'NONE');
#346 =( GEOMETRIC_REPRESENTATION_CONTEXT ( 3 ) GLOBAL_UNCERTAINTY_ASSIGNED_CONTEXT ( ( #2666 ) ) GLOBAL_UNIT_ASSIGNED_CONTEXT ( ( #4243, #298, #1250 ) ) REPRESENTATION_CONTEXT ( 'NONE', 'WORKASPACE' ) );
#347 = SURFACE_STYLE_USAGE ( .BOTH. , #2692 ) ;
#348 = CARTESIAN_POINT ( 'NONE',  ( -0.8800000000000000044, 0.000000000000000000, 4.160876167244000001 ) ) ;
#349 = DIRECTION ( 'NONE',  ( 0.000000000000000000, 0.000000000000000000, -1.000000000000000000 ) ) ;
#350 = CARTESIAN_POINT ( 'NONE',  ( 5.666776695296637634, 6.511776695296637385, 5.490000000000001101 ) ) ;
#351 = ADVANCED_FACE ( 'NONE', ( #1307 ), #1032, .T. ) ;
#352 =( LENGTH_UNIT ( ) NAMED_UNIT ( * ) SI_UNIT ( .MILLI., .METRE. ) );
#353 = ADVANCED_FACE ( 'NONE', ( #2329, #2915 ), #1934, .T. ) ;
#354 = CARTESIAN_POINT ( 'NONE',  ( -5.637543338873777010, 6.511776695296637385, 5.666776695296637634 ) ) ;
#355 =( NAMED_UNIT ( * ) SI_UNIT ( $, .STERADIAN. ) SOLID_ANGLE_UNIT ( ) );
#356 =( LENGTH_UNIT ( ) NAMED_UNIT ( * ) SI_UNIT ( .MILLI., .METRE. ) );
#357 = VERTEX_POINT ( 'NONE', #4250 ) ;
#358 = CARTESIAN_POINT ( 'NONE',  ( -0.8799999999999996714, 0.000000000000000000, -5.740000000000000213 ) ) ;
#359 = EDGE_CURVE ( 'NONE', #790, #2987, #3916, .T. ) ;
#360 = FILL_AREA_STYLE ('',( #1077 ) ) ;
#361 = CARTESIAN_POINT ( 'NONE',  ( 5.490000000000000213, 0.000000000000000000, -5.740000000000000213 ) ) ;
#362 = SURFACE_STYLE_USAGE ( .BOTH. , #4057 ) ;
#363 = ORIENTED_EDGE ( 'NONE', *, *, #2859, .T. ) ;
#364 = CARTESIAN_POINT ( 'NONE',  ( 0.6500000000000001332, -0.1449999999999999900, 6.700000000000001066 ) ) ;
#365 = LINE ( 'NONE', #26, #1406 ) ;
#366 = CARTESIAN_POINT ( 'NONE',  ( 0.8800000000000000044, 0.000000000000000000, 0.000000000000000000 ) ) ;
#367 = CARTESIAN_POINT ( 'NONE',  ( 0.000000000000000000, 0.000000000000000000, 6.700000000000000178 ) ) ;
#368 = ORIENTED_EDGE ( 'NONE', *, *, #109, .F. ) ;
#369 = PLANE ( 'NONE',  #1921 ) ;
#370 = SURFACE_STYLE_FILL_AREA ( #3607 ) ;
#371 = DIRECTION ( 'NONE',  ( 0.000000000000000000, 0.000000000000000000, 1.000000000000000000 ) ) ;
#372 =( NAMED_UNIT ( * ) PLANE_ANGLE_UNIT ( ) SI_UNIT ( $, .RADIAN. ) );
#373 = FILL_AREA_STYLE ('',( #2663 ) ) ;
#374 = FILL_AREA_STYLE_COLOUR ( '', #3130 ) ;
#375 = ORIENTED_EDGE ( 'NONE', *, *, #1273, .T. ) ;
#376 = DIRECTION ( 'NONE',  ( 1.000000000000000000, 0.000000000000000000, -0.000000000000000000 ) ) ;
#377 =( GEOMETRIC_REPRESENTATION_CONTEXT ( 3 ) GLOBAL_UNCERTAINTY_ASSIGNED_CONTEXT ( ( #4038 ) ) GLOBAL_UNIT_ASSIGNED_CONTEXT ( ( #792, #2736, #706 ) ) REPRESENTATION_CONTEXT ( 'NONE', 'WORKASPACE' ) );
#378 = SURFACE_STYLE_USAGE ( .BOTH. , #1372 ) ;
#379 = EDGE_CURVE ( 'NONE', #1014, #121, #4267, .T. ) ;
#380 = EDGE_CURVE ( 'NONE', #1010, #3137, #3613, .T. ) ;
#381 = PRESENTATION_STYLE_ASSIGNMENT (( #362 ) ) ;
#382 = AXIS2_PLACEMENT_3D ( 'NONE', #475, #3728, #725 ) ;
#383 = VERTEX_POINT ( 'NONE', #1425 ) ;
#384 =( LENGTH_UNIT ( ) NAMED_UNIT ( * ) SI_UNIT ( .MILLI., .METRE. ) );
#385 = VECTOR ( 'NONE', #3000, 1000.000000000000000 ) ;
#386 = LINE ( 'NONE', #2688, #3840 ) ;
#387 = DIRECTION ( 'NONE',  ( 0.000000000000000000, 0.000000000000000000, 1.000000000000000000 ) ) ;
#388 = AXIS2_PLACEMENT_3D ( 'NONE', #2561, #852, #3209 ) ;
#389 = LINE ( 'NONE', #2339, #1566 ) ;
#390 = VERTEX_POINT ( 'NONE', #420 ) ;
#391 = VECTOR ( 'NONE', #3432, 1000.000000000000000 ) ;
#392 = VECTOR ( 'NONE', #3390, 1000.000000000000000 ) ;
#393 = FILL_AREA_STYLE ('',( #1722 ) ) ;
#394 = DIRECTION ( 'NONE',  ( 0.7071067811865474617, -0.000000000000000000, -0.7071067811865474617 ) ) ;
#395 = CARTESIAN_POINT ( 'NONE',  ( 5.666776695296637634, 6.511776695296637385, 5.637543338873777010 ) ) ;
#396 =( LENGTH_UNIT ( ) NAMED_UNIT ( * ) SI_UNIT ( .MILLI., .METRE. ) );
#397 =( GEOMETRIC_REPRESENTATION_CONTEXT ( 3 ) GLOBAL_UNCERTAINTY_ASSIGNED_CONTEXT ( ( #3542 ) ) GLOBAL_UNIT_ASSIGNED_CONTEXT ( ( #3081, #3694, #801 ) ) REPRESENTATION_CONTEXT ( 'NONE', 'WORKASPACE' ) );
#398 = CIRCLE ( 'NONE', #2447, 0.2500000000000002220 ) ;
#399 = FACE_OUTER_BOUND ( 'NONE', #1977, .T. ) ;
#400 = ORIENTED_EDGE ( 'NONE', *, *, #2134, .F. ) ;
#401 = UNCERTAINTY_MEASURE_WITH_UNIT (LENGTH_MEASURE( 1.000000000000000082E-05 ), #12, 'distance_accuracy_value', 'NONE');
#402 = CARTESIAN_POINT ( 'NONE',  ( 5.740000000000000213, 6.334999999999999964, -5.740000000000000213 ) ) ;
#403 = AXIS2_PLACEMENT_3D ( 'NONE', #2916, #3310, #1338 ) ;
#404 = CARTESIAN_POINT ( 'NONE',  ( -0.8800000000000000044, 1.409999999999999920, 0.000000000000000000 ) ) ;
#405 = DIRECTION ( 'NONE',  ( 1.000000000000000000, 0.000000000000000000, 0.000000000000000000 ) ) ;
#406 = PRESENTATION_LAYER_ASSIGNMENT (  '', '', ( #2235 ) ) ;
#407 = ORIENTED_EDGE ( 'NONE', *, *, #4080, .F. ) ;
#408 = CARTESIAN_POINT ( 'NONE',  ( 5.900000000000000355, 1.409999999999999920, 0.8800000000000000044 ) ) ;
#409 = VECTOR ( 'NONE', #3424, 1000.000000000000000 ) ;
#410 = EDGE_CURVE ( 'NONE', #3142, #2690, #128, .T. ) ;
#411 = EDGE_CURVE ( 'NONE', #3317, #1194, #3016, .T. ) ;
#412 = CARTESIAN_POINT ( 'NONE',  ( 6.985000000000000320, 1.409999999999999920, -0.8800000000000000044 ) ) ;
#413 = DIRECTION ( 'NONE',  ( -1.000000000000000000, 8.673617379884037444E-16, 0.000000000000000000 ) ) ;
#414 = VERTEX_POINT ( 'NONE', #783 ) ;
#415 = COLOUR_RGB ( '',0.2509803921568627416, 0.2509803921568627416, 0.2509803921568627416 ) ;
#416 = STYLED_ITEM ( 'NONE', ( #597 ), #2420 ) ;
#417 = LINE ( 'NONE', #3994, #2712 ) ;
#418 = MECHANICAL_DESIGN_GEOMETRIC_PRESENTATION_REPRESENTATION (  '', ( #1234 ), #1239 ) ;
#419 = SURFACE_STYLE_FILL_AREA ( #1334 ) ;
#420 = CARTESIAN_POINT ( 'NONE',  ( 5.899999999999998579, 1.054999999999999938, -1.149999999999999911 ) ) ;
#421 = DIRECTION ( 'NONE',  ( 0.000000000000000000, -0.000000000000000000, -1.000000000000000000 ) ) ;
#422 =( NAMED_UNIT ( * ) SI_UNIT ( $, .STERADIAN. ) SOLID_ANGLE_UNIT ( ) );
#423 = EDGE_LOOP ( 'NONE', ( #2745, #3810, #3732, #4160, #2294, #209, #178, #1756, #1558, #2318, #871, #3657, #2820, #1378, #2621, #1347, #722, #2716, #770, #1341, #718, #1729, #3376, #2194 ) ) ;
#424 =( NAMED_UNIT ( * ) SI_UNIT ( $, .STERADIAN. ) SOLID_ANGLE_UNIT ( ) );
#425 = PRODUCT_DEFINITION_CONTEXT ( 'detailed design', #3950, 'design' ) ;
#426 = DIRECTION ( 'NONE',  ( -0.000000000000000000, 1.000000000000000000, 0.000000000000000000 ) ) ;
#427 = FILL_AREA_STYLE ('',( #1086 ) ) ;
#428 = LINE ( 'NONE', #1355, #631 ) ;
#429 = CARTESIAN_POINT ( 'NONE',  ( -25.19629199999999969, 0.3549999999999999822, 0.6500000000000001332 ) ) ;
#430 = EDGE_LOOP ( 'NONE', ( #3846, #3373, #3492, #2016 ) ) ;
#431 = ORIENTED_EDGE ( 'NONE', *, *, #1248, .T. ) ;
#432 = CARTESIAN_POINT ( 'NONE',  ( 6.700000000000000178, 1.554999999999999938, -1.149999999999999911 ) ) ;
#433 =( LENGTH_UNIT ( ) NAMED_UNIT ( * ) SI_UNIT ( .MILLI., .METRE. ) );
#434 = EDGE_CURVE ( 'NONE', #4216, #1542, #438, .T. ) ;
#435 = EDGE_CURVE ( 'NONE', #2732, #1919, #2078, .T. ) ;
#436 = DIRECTION ( 'NONE',  ( 0.000000000000000000, -0.000000000000000000, 1.000000000000000000 ) ) ;
#437 = DIRECTION ( 'NONE',  ( -0.000000000000000000, -1.000000000000000000, -0.000000000000000000 ) ) ;
#438 = LINE ( 'NONE', #3406, #1551 ) ;
#439 = CARTESIAN_POINT ( 'NONE',  ( 25.19629199999999969, 0.3549999999999999822, 1.149999999999999911 ) ) ;
#440 = ORIENTED_EDGE ( 'NONE', *, *, #109, .T. ) ;
#441 = DIRECTION ( 'NONE',  ( 0.000000000000000000, 0.000000000000000000, -1.000000000000000000 ) ) ;
#442 = LINE ( 'NONE', #2430, #3478 ) ;
#443 = PLANE ( 'NONE',  #176 ) ;
#444 = VERTEX_POINT ( 'NONE', #461 ) ;
#445 = FACE_BOUND ( 'NONE', #2865, .T. ) ;
#446 = FILL_AREA_STYLE_COLOUR ( '', #2083 ) ;
#447 = FACE_OUTER_BOUND ( 'NONE', #4097, .T. ) ;
#448 = LINE ( 'NONE', #367, #758 ) ;
#449 = CARTESIAN_POINT ( 'NONE',  ( 0.000000000000000000, 0.000000000000000000, 5.900000000000000355 ) ) ;
#450 = ORIENTED_EDGE ( 'NONE', *, *, #2679, .F. ) ;
#451 = CIRCLE ( 'NONE', #1610, 0.4999999999999998890 ) ;
#452 = SURFACE_STYLE_USAGE ( .BOTH. , #2123 ) ;
#453 = CIRCLE ( 'NONE', #388, 0.4999999999999998890 ) ;
#454 = LINE ( 'NONE', #2027, #2976 ) ;
#455 = PRESENTATION_LAYER_ASSIGNMENT (  '', '', ( #1688 ) ) ;
#456 = AXIS2_PLACEMENT_3D ( 'NONE', #1217, #2149, #565 ) ;
#457 = SURFACE_STYLE_USAGE ( .BOTH. , #3804 ) ;
#458 = SURFACE_SIDE_STYLE ('',( #2404 ) ) ;
#459 = EDGE_CURVE ( 'NONE', #2861, #268, #2776, .T. ) ;
#460 = EDGE_CURVE ( 'NONE', #3581, #3352, #739, .T. ) ;
#461 = CARTESIAN_POINT ( 'NONE',  ( -0.8800000000000000044, 1.409999999999999920, -6.700000000000000178 ) ) ;
#462 = AXIS2_PLACEMENT_3D ( 'NONE', #2657, #1094, #1069 ) ;
#463 = STYLED_ITEM ( 'NONE', ( #3155 ), #3119 ) ;
#464 = PRESENTATION_STYLE_ASSIGNMENT (( #784 ) ) ;
#465 = VERTEX_POINT ( 'NONE', #2351 ) ;
#466 = CARTESIAN_POINT ( 'NONE',  ( 5.490000000000000213, 6.511776695296637385, -5.666776695296637634 ) ) ;
#467 = LINE ( 'NONE', #3156, #2965 ) ;
#468 = AXIS2_PLACEMENT_3D ( 'NONE', #2781, #1822, #4142 ) ;
#469 = STYLED_ITEM ( 'NONE', ( #4068 ), #3258 ) ;
#470 = LINE ( 'NONE', #518, #3186 ) ;
#471 = DIRECTION ( 'NONE',  ( 0.000000000000000000, 0.000000000000000000, 1.000000000000000000 ) ) ;
#472 = EDGE_LOOP ( 'NONE', ( #2096, #2952, #220, #1909 ) ) ;
#473 = FILL_AREA_STYLE_COLOUR ( '', #538 ) ;
#474 = UNCERTAINTY_MEASURE_WITH_UNIT (LENGTH_MEASURE( 1.000000000000000082E-05 ), #1493, 'distance_accuracy_value', 'NONE');
#475 = CARTESIAN_POINT ( 'NONE',  ( 1.149999999999999911, 1.554999999999999938, 5.900000000000000355 ) ) ;
#476 = PRESENTATION_STYLE_ASSIGNMENT (( #1214 ) ) ;
#477 = DIRECTION ( 'NONE',  ( -0.000000000000000000, -0.000000000000000000, 1.000000000000000000 ) ) ;
#478 = EDGE_LOOP ( 'NONE', ( #3686, #1941, #2239, #549 ) ) ;
#479 = VECTOR ( 'NONE', #2293, 1000.000000000000000 ) ;
#480 = ORIENTED_EDGE ( 'NONE', *, *, #435, .T. ) ;
#481 = CARTESIAN_POINT ( 'NONE',  ( 6.700000000000000178, 0.000000000000000000, -0.8800000000000000044 ) ) ;
#482 = CARTESIAN_POINT ( 'NONE',  ( 0.000000000000000000, 1.409999999999999920, -0.8800000000000000044 ) ) ;
#483 = MECHANICAL_DESIGN_GEOMETRIC_PRESENTATION_REPRESENTATION (  '', ( #124 ), #1012 ) ;
#484 = MECHANICAL_DESIGN_GEOMETRIC_PRESENTATION_REPRESENTATION (  '', ( #3624 ), #4153 ) ;
#485 = AXIS2_PLACEMENT_3D ( 'NONE', #533, #2510, #200 ) ;
#486 = PLANE ( 'NONE',  #1877 ) ;
#487 = MECHANICAL_DESIGN_GEOMETRIC_PRESENTATION_REPRESENTATION (  '', ( #1809 ), #2391 ) ;
#488 = FILL_AREA_STYLE_COLOUR ( '', #2396 ) ;
#489 = SURFACE_STYLE_USAGE ( .BOTH. , #1706 ) ;
#490 = DIRECTION ( 'NONE',  ( 0.000000000000000000, 0.000000000000000000, -1.000000000000000000 ) ) ;
#491 = PLANE ( 'NONE',  #2231 ) ;
#492 = VECTOR ( 'NONE', #53, 1000.000000000000000 ) ;
#493 = ADVANCED_FACE ( 'NONE', ( #1447 ), #809, .T. ) ;
#494 = EDGE_LOOP ( 'NONE', ( #2849, #3650, #8, #3709 ) ) ;
#495 =( LENGTH_UNIT ( ) NAMED_UNIT ( * ) SI_UNIT ( .MILLI., .METRE. ) );
#496 = CARTESIAN_POINT ( 'NONE',  ( 4.160876167244000001, 0.000000000000000000, 0.8800000000000000044 ) ) ;
#497 = UNCERTAINTY_MEASURE_WITH_UNIT (LENGTH_MEASURE( 1.000000000000000082E-05 ), #433, 'distance_accuracy_value', 'NONE');
#498 = SURFACE_SIDE_STYLE ('',( #3442 ) ) ;
#499 = ORIENTED_EDGE ( 'NONE', *, *, #59, .T. ) ;
#500 = EDGE_CURVE ( 'NONE', #2276, #607, #2761, .T. ) ;
#501 = ADVANCED_FACE ( 'NONE', ( #399 ), #1073, .T. ) ;
#502 = FILL_AREA_STYLE ('',( #3447 ) ) ;
#503 = FILL_AREA_STYLE_COLOUR ( '', #2005 ) ;
#504 = DIRECTION ( 'NONE',  ( 0.000000000000000000, 0.000000000000000000, -1.000000000000000000 ) ) ;
#505 = VERTEX_POINT ( 'NONE', #2869 ) ;
#506 = UNCERTAINTY_MEASURE_WITH_UNIT (LENGTH_MEASURE( 1.000000000000000082E-05 ), #3497, 'distance_accuracy_value', 'NONE');
#507 = ORIENTED_EDGE ( 'NONE', *, *, #1658, .F. ) ;
#508 =( NAMED_UNIT ( * ) PLANE_ANGLE_UNIT ( ) SI_UNIT ( $, .RADIAN. ) );
#509 =( NAMED_UNIT ( * ) SI_UNIT ( $, .STERADIAN. ) SOLID_ANGLE_UNIT ( ) );
#510 = LINE ( 'NONE', #2530, #888 ) ;
#511 = FACE_OUTER_BOUND ( 'NONE', #1527, .T. ) ;
#512 = DIRECTION ( 'NONE',  ( -0.000000000000000000, 0.000000000000000000, -1.000000000000000000 ) ) ;
#513 = SURFACE_STYLE_USAGE ( .BOTH. , #1145 ) ;
#514 = DIRECTION ( 'NONE',  ( 1.000000000000000000, -0.000000000000000000, 0.000000000000000000 ) ) ;
#515 = CARTESIAN_POINT ( 'NONE',  ( -5.739999999999999325, 0.000000000000000000, -0.8800000000000000044 ) ) ;
#516 = ORIENTED_EDGE ( 'NONE', *, *, #810, .F. ) ;
#517 = DIRECTION ( 'NONE',  ( -1.000000000000000000, -0.000000000000000000, -0.000000000000000000 ) ) ;
#518 = CARTESIAN_POINT ( 'NONE',  ( 6.985000000000000320, 0.000000000000000000, -0.8800000000000000044 ) ) ;
#519 = DIRECTION ( 'NONE',  ( -1.000000000000000000, -0.000000000000000000, -0.000000000000000000 ) ) ;
#520 = ORIENTED_EDGE ( 'NONE', *, *, #523, .T. ) ;
#521 = CARTESIAN_POINT ( 'NONE',  ( 0.000000000000000000, 0.000000000000000000, -6.700000000000000178 ) ) ;
#522 = CARTESIAN_POINT ( 'NONE',  ( 1.149999999999999911, -0.1449999999999999900, -5.900000000000000355 ) ) ;
#523 = EDGE_CURVE ( 'NONE', #2987, #1567, #557, .T. ) ;
#524 = EDGE_CURVE ( 'NONE', #991, #1561, #201, .T. ) ;
#525 = COLOUR_RGB ( '',0.2509803921568627416, 0.2509803921568627416, 0.2509803921568627416 ) ;
#526 = MECHANICAL_DESIGN_GEOMETRIC_PRESENTATION_REPRESENTATION (  '', ( #3658 ), #985 ) ;
#527 = ORIENTED_EDGE ( 'NONE', *, *, #698, .T. ) ;
#528 = PRESENTATION_LAYER_ASSIGNMENT (  '', '', ( #1812 ) ) ;
#529 = DIRECTION ( 'NONE',  ( 1.000000000000000000, 0.000000000000000000, -0.000000000000000000 ) ) ;
#530 = ORIENTED_EDGE ( 'NONE', *, *, #4135, .T. ) ;
#531 =( NAMED_UNIT ( * ) PLANE_ANGLE_UNIT ( ) SI_UNIT ( $, .RADIAN. ) );
#532 = DIRECTION ( 'NONE',  ( 1.000000000000000000, 0.000000000000000000, -0.000000000000000000 ) ) ;
#533 = CARTESIAN_POINT ( 'NONE',  ( 5.900000000000000355, -0.1449999999999999900, -1.149999999999999911 ) ) ;
#534 =( GEOMETRIC_REPRESENTATION_CONTEXT ( 3 ) GLOBAL_UNCERTAINTY_ASSIGNED_CONTEXT ( ( #2436 ) ) GLOBAL_UNIT_ASSIGNED_CONTEXT ( ( #1660, #20, #3961 ) ) REPRESENTATION_CONTEXT ( 'NONE', 'WORKASPACE' ) );
#535 = DIRECTION ( 'NONE',  ( 0.000000000000000000, 0.000000000000000000, 1.000000000000000000 ) ) ;
#536 = DIRECTION ( 'NONE',  ( -0.000000000000000000, 1.000000000000000000, 0.000000000000000000 ) ) ;
#537 = VECTOR ( 'NONE', #2283, 1000.000000000000000 ) ;
#538 = COLOUR_RGB ( '',0.2509803921568627416, 0.2509803921568627416, 0.2509803921568627416 ) ;
#539 = VERTEX_POINT ( 'NONE', #845 ) ;
#540 = LINE ( 'NONE', #1190, #4029 ) ;
#541 = DIRECTION ( 'NONE',  ( -0.000000000000000000, 0.000000000000000000, 1.000000000000000000 ) ) ;
#542 = FILL_AREA_STYLE ('',( #1192 ) ) ;
#543 = ORIENTED_EDGE ( 'NONE', *, *, #1694, .T. ) ;
#544 = CIRCLE ( 'NONE', #2847, 0.4999999999999998890 ) ;
#545 =( GEOMETRIC_REPRESENTATION_CONTEXT ( 3 ) GLOBAL_UNCERTAINTY_ASSIGNED_CONTEXT ( ( #474 ) ) GLOBAL_UNIT_ASSIGNED_CONTEXT ( ( #1493, #2126, #196 ) ) REPRESENTATION_CONTEXT ( 'NONE', 'WORKASPACE' ) );
#546 = FILL_AREA_STYLE ('',( #2818 ) ) ;
#547 = CARTESIAN_POINT ( 'NONE',  ( 1.149999999999999911, 0.3550000000000000377, -6.700000000000001066 ) ) ;
#548 = VECTOR ( 'NONE', #1964, 1000.000000000000000 ) ;
#549 = ORIENTED_EDGE ( 'NONE', *, *, #777, .T. ) ;
#550 = EDGE_CURVE ( 'NONE', #3900, #1626, #1516, .T. ) ;
#551 = SURFACE_SIDE_STYLE ('',( #2140 ) ) ;
#552 = AXIS2_PLACEMENT_3D ( 'NONE', #1361, #2659, #14 ) ;
#553 = LINE ( 'NONE', #1185, #1541 ) ;
#554 = VECTOR ( 'NONE', #919, 1000.000000000000000 ) ;
#555 = DIRECTION ( 'NONE',  ( 0.000000000000000000, 0.000000000000000000, 1.000000000000000000 ) ) ;
#556 = DIRECTION ( 'NONE',  ( 1.000000000000000000, 0.000000000000000000, 0.000000000000000000 ) ) ;
#557 = LINE ( 'NONE', #1827, #1496 ) ;
#558 = PLANE ( 'NONE',  #3960 ) ;
#559 = VECTOR ( 'NONE', #2085, 1000.000000000000000 ) ;
#560 = ORIENTED_EDGE ( 'NONE', *, *, #3095, .T. ) ;
#561 = DIRECTION ( 'NONE',  ( -0.000000000000000000, 1.000000000000000000, 0.000000000000000000 ) ) ;
#562 = DIRECTION ( 'NONE',  ( 0.000000000000000000, 1.000000000000000000, -0.000000000000000000 ) ) ;
#563 = UNCERTAINTY_MEASURE_WITH_UNIT (LENGTH_MEASURE( 1.000000000000000082E-05 ), #3526, 'distance_accuracy_value', 'NONE');
#564 = VERTEX_POINT ( 'NONE', #3528 ) ;
#565 = DIRECTION ( 'NONE',  ( 0.000000000000000000, -0.000000000000000000, 1.000000000000000000 ) ) ;
#566 = STYLED_ITEM ( 'NONE', ( #3493 ), #2607 ) ;
#567 = DIRECTION ( 'NONE',  ( -1.000000000000000000, -0.000000000000000000, -0.000000000000000000 ) ) ;
#568 = ORIENTED_EDGE ( 'NONE', *, *, #3204, .T. ) ;
#569 = ORIENTED_EDGE ( 'NONE', *, *, #3711, .F. ) ;
#570 = DIRECTION ( 'NONE',  ( 0.000000000000000000, 0.000000000000000000, 1.000000000000000000 ) ) ;
#571 = CARTESIAN_POINT ( 'NONE',  ( -1.149999999999999911, 0.3549999999999999822, -5.899999999999999467 ) ) ;
#572 = DIRECTION ( 'NONE',  ( 0.000000000000000000, 0.000000000000000000, 1.000000000000000000 ) ) ;
#573 = EDGE_CURVE ( 'NONE', #1222, #1958, #910, .T. ) ;
#574 = EDGE_CURVE ( 'NONE', #3088, #827, #1850, .T. ) ;
#575 = SURFACE_SIDE_STYLE ('',( #2476 ) ) ;
#576 = ORIENTED_EDGE ( 'NONE', *, *, #3940, .F. ) ;
#577 = FILL_AREA_STYLE ('',( #1209 ) ) ;
#578 = SURFACE_SIDE_STYLE ('',( #1280 ) ) ;
#579 = ORIENTED_EDGE ( 'NONE', *, *, #2225, .T. ) ;
#580 = SURFACE_STYLE_FILL_AREA ( #2894 ) ;
#581 = CARTESIAN_POINT ( 'NONE',  ( 6.700000000000001066, 0.3549999999999999822, -0.6500000000000001332 ) ) ;
#582 =( NAMED_UNIT ( * ) PLANE_ANGLE_UNIT ( ) SI_UNIT ( $, .RADIAN. ) );
#583 = ORIENTED_EDGE ( 'NONE', *, *, #4114, .T. ) ;
#584 = UNCERTAINTY_MEASURE_WITH_UNIT (LENGTH_MEASURE( 1.000000000000000082E-05 ), #1549, 'distance_accuracy_value', 'NONE');
#585 = ORIENTED_EDGE ( 'NONE', *, *, #1942, .F. ) ;
#586 = PRESENTATION_LAYER_ASSIGNMENT (  '', '', ( #3658 ) ) ;
#587 = CARTESIAN_POINT ( 'NONE',  ( 5.489999999999998437, 6.334999999999999964, 5.490000000000000213 ) ) ;
#588 = CARTESIAN_POINT ( 'NONE',  ( -4.160876167244000001, 0.000000000000000000, -0.8800000000000000044 ) ) ;
#589 =( LENGTH_UNIT ( ) NAMED_UNIT ( * ) SI_UNIT ( .MILLI., .METRE. ) );
#590 = MECHANICAL_DESIGN_GEOMETRIC_PRESENTATION_REPRESENTATION (  '', ( #3124 ), #3596 ) ;
#591 = AXIS2_PLACEMENT_3D ( 'NONE', #522, #186, #2800 ) ;
#592 = ORIENTED_EDGE ( 'NONE', *, *, #1942, .T. ) ;
#593 = SURFACE_SIDE_STYLE ('',( #303 ) ) ;
#594 = ADVANCED_FACE ( 'NONE', ( #3770 ), #2475, .T. ) ;
#595 = DIRECTION ( 'NONE',  ( -0.000000000000000000, -1.000000000000000000, -0.000000000000000000 ) ) ;
#596 = ADVANCED_FACE ( 'NONE', ( #3827, #1187 ), #3150, .F. ) ;
#597 = PRESENTATION_STYLE_ASSIGNMENT (( #915 ) ) ;
#598 = CARTESIAN_POINT ( 'NONE',  ( -0.6500000000000001332, -0.1449999999999999900, 5.900000000000000355 ) ) ;
#599 = VECTOR ( 'NONE', #1808, 1000.000000000000000 ) ;
#600 = PLANE ( 'NONE',  #2076 ) ;
#601 = ORIENTED_EDGE ( 'NONE', *, *, #2581, .F. ) ;
#602 = PLANE ( 'NONE',  #105 ) ;
#603 = SURFACE_STYLE_USAGE ( .BOTH. , #3208 ) ;
#604 =( GEOMETRIC_REPRESENTATION_CONTEXT ( 3 ) GLOBAL_UNCERTAINTY_ASSIGNED_CONTEXT ( ( #1859 ) ) GLOBAL_UNIT_ASSIGNED_CONTEXT ( ( #4226, #1366, #355 ) ) REPRESENTATION_CONTEXT ( 'NONE', 'WORKASPACE' ) );
#605 = STYLED_ITEM ( 'NONE', ( #299 ), #647 ) ;
#606 =( LENGTH_UNIT ( ) NAMED_UNIT ( * ) SI_UNIT ( .MILLI., .METRE. ) );
#607 = VERTEX_POINT ( 'NONE', #2278 ) ;
#608 = CARTESIAN_POINT ( 'NONE',  ( 6.700000000000000178, 0.000000000000000000, 0.8800000000000000044 ) ) ;
#609 = AXIS2_PLACEMENT_3D ( 'NONE', #805, #1762, #1512 ) ;
#610 = CARTESIAN_POINT ( 'NONE',  ( 5.605662243297309999, 6.572891147295968572, 5.637543338873778787 ) ) ;
#611 = ORIENTED_EDGE ( 'NONE', *, *, #2756, .F. ) ;
#612 = STYLED_ITEM ( 'NONE', ( #1829 ), #1383 ) ;
#613 = ORIENTED_EDGE ( 'NONE', *, *, #3151, .T. ) ;
#614 = SURFACE_STYLE_USAGE ( .BOTH. , #2598 ) ;
#615 = SURFACE_SIDE_STYLE ('',( #370 ) ) ;
#616 = VECTOR ( 'NONE', #4170, 1000.000000000000000 ) ;
#617 = DIRECTION ( 'NONE',  ( -0.000000000000000000, 0.000000000000000000, 1.000000000000000000 ) ) ;
#618 = ORIENTED_EDGE ( 'NONE', *, *, #1273, .F. ) ;
#619 = VECTOR ( 'NONE', #1560, 1000.000000000000000 ) ;
#620 = DIRECTION ( 'NONE',  ( 0.000000000000000000, 0.000000000000000000, 1.000000000000000000 ) ) ;
#621 = SURFACE_STYLE_FILL_AREA ( #2226 ) ;
#622 = PRESENTATION_LAYER_ASSIGNMENT (  '', '', ( #126 ) ) ;
#623 = ORIENTED_EDGE ( 'NONE', *, *, #1768, .F. ) ;
#624 = VECTOR ( 'NONE', #620, 1000.000000000000000 ) ;
#625 = DIRECTION ( 'NONE',  ( -0.7071067811865475727, 0.000000000000000000, -0.7071067811865475727 ) ) ;
#626 = EDGE_CURVE ( 'NONE', #756, #2571, #694, .T. ) ;
#627 = EDGE_CURVE ( 'NONE', #756, #505, #3864, .T. ) ;
#628 = FILL_AREA_STYLE_COLOUR ( '', #52 ) ;
#629 = ORIENTED_EDGE ( 'NONE', *, *, #2257, .F. ) ;
#630 = STYLED_ITEM ( 'NONE', ( #3524 ), #2653 ) ;
#631 = VECTOR ( 'NONE', #2960, 1000.000000000000000 ) ;
#632 = CARTESIAN_POINT ( 'NONE',  ( -5.900000000000000355, 1.409999999999999920, -0.8800000000000000044 ) ) ;
#633 = STYLED_ITEM ( 'NONE', ( #2319 ), #2702 ) ;
#634 = CARTESIAN_POINT ( 'NONE',  ( -0.8800000000000000044, 0.000000000000000000, -6.985000000000000320 ) ) ;
#635 = CARTESIAN_POINT ( 'NONE',  ( 5.311565099430890058, 6.510102787695955406, 5.636440105289414859 ) ) ;
#636 = APPLICATION_PROTOCOL_DEFINITION ( 'draft international standard', 'automotive_design', 1998, #3950 ) ;
#637 = PRESENTATION_STYLE_ASSIGNMENT (( #171 ) ) ;
#638 = ORIENTED_EDGE ( 'NONE', *, *, #2581, .T. ) ;
#639 = CARTESIAN_POINT ( 'NONE',  ( 5.900000000000000355, 1.054999999999999938, 1.149999999999999911 ) ) ;
#640 = FACE_OUTER_BOUND ( 'NONE', #4037, .T. ) ;
#641 = CARTESIAN_POINT ( 'NONE',  ( -5.490000000000001101, 6.511776695296637385, 5.666776695296637634 ) ) ;
#642 = CARTESIAN_POINT ( 'NONE',  ( 0.6500000000000001332, 0.3549999999999999822, -25.19629199999999969 ) ) ;
#643 = ORIENTED_EDGE ( 'NONE', *, *, #1081, .F. ) ;
#644 = CARTESIAN_POINT ( 'NONE',  ( 5.899999999999998579, 1.054999999999999938, -0.6500000000000001332 ) ) ;
#645 = ORIENTED_EDGE ( 'NONE', *, *, #2224, .T. ) ;
#646 = DIRECTION ( 'NONE',  ( 0.000000000000000000, 0.000000000000000000, -1.000000000000000000 ) ) ;
#647 = ADVANCED_FACE ( 'NONE', ( #983 ), #2553, .T. ) ;
#648 = ADVANCED_FACE ( 'NONE', ( #3221 ), #2599, .T. ) ;
#649 = CARTESIAN_POINT ( 'NONE',  ( 5.740000000000000213, 0.000000000000000000, -5.490000000000000213 ) ) ;
#650 = DIRECTION ( 'NONE',  ( 1.000000000000000000, 0.000000000000000000, -0.000000000000000000 ) ) ;
#651 = DIRECTION ( 'NONE',  ( -1.000000000000000000, 0.000000000000000000, 0.000000000000000000 ) ) ;
#652 = MECHANICAL_DESIGN_GEOMETRIC_PRESENTATION_REPRESENTATION (  '', ( #2274 ), #301 ) ;
#653 = SURFACE_STYLE_USAGE ( .BOTH. , #593 ) ;
#654 = CARTESIAN_POINT ( 'NONE',  ( 6.700000000000000178, -0.1449999999999999900, -1.149999999999999911 ) ) ;
#655 = CARTESIAN_POINT ( 'NONE',  ( -5.489999999999998437, 6.156565099430895138, 5.665102787695950326 ) ) ;
#656 = VECTOR ( 'NONE', #141, 1000.000000000000114 ) ;
#657 =( NAMED_UNIT ( * ) PLANE_ANGLE_UNIT ( ) SI_UNIT ( $, .RADIAN. ) );
#658 =( LENGTH_UNIT ( ) NAMED_UNIT ( * ) SI_UNIT ( .MILLI., .METRE. ) );
#659 = VERTEX_POINT ( 'NONE', #1398 ) ;
#660 = COLOUR_RGB ( '',0.2509803921568627416, 0.2509803921568627416, 0.2509803921568627416 ) ;
#661 = PRESENTATION_STYLE_ASSIGNMENT (( #941 ) ) ;
#662 = AXIS2_PLACEMENT_3D ( 'NONE', #289, #1598, #3181 ) ;
#663 = CARTESIAN_POINT ( 'NONE',  ( 0.8800000000000000044, 0.000000000000000000, -6.985000000000000320 ) ) ;
#664 = PRESENTATION_LAYER_ASSIGNMENT (  '', '', ( #2503 ) ) ;
#665 = LINE ( 'NONE', #1263, #554 ) ;
#666 = ORIENTED_EDGE ( 'NONE', *, *, #698, .F. ) ;
#667 = AXIS2_PLACEMENT_3D ( 'NONE', #3245, #1617, #41 ) ;
#668 = MECHANICAL_DESIGN_GEOMETRIC_PRESENTATION_REPRESENTATION (  '', ( #3881 ), #177 ) ;
#669 = AXIS2_PLACEMENT_3D ( 'NONE', #1743, #3040, #3337 ) ;
#670 = CARTESIAN_POINT ( 'NONE',  ( 5.489999999999998437, 6.334999999999999964, -5.490000000000000213 ) ) ;
#671 = EDGE_CURVE ( 'NONE', #1260, #659, #1211, .T. ) ;
#672 = MECHANICAL_DESIGN_GEOMETRIC_PRESENTATION_REPRESENTATION (  '', ( #947 ), #1071 ) ;
#673 = SURFACE_SIDE_STYLE ('',( #3606 ) ) ;
#674 = SURFACE_STYLE_USAGE ( .BOTH. , #615 ) ;
#675 = SURFACE_STYLE_USAGE ( .BOTH. , #2949 ) ;
#676 = VECTOR ( 'NONE', #2035, 1000.000000000000000 ) ;
#677 = EDGE_CURVE ( 'NONE', #1811, #2114, #1758, .T. ) ;
#678 = CARTESIAN_POINT ( 'NONE',  ( 5.665102787695951214, 6.156565099430895138, 5.636440105289418412 ) ) ;
#679 =( NAMED_UNIT ( * ) PLANE_ANGLE_UNIT ( ) SI_UNIT ( $, .RADIAN. ) );
#680 = ORIENTED_EDGE ( 'NONE', *, *, #2678, .F. ) ;
#681 = MECHANICAL_DESIGN_GEOMETRIC_PRESENTATION_REPRESENTATION (  '', ( #3058 ), #198 ) ;
#682 =( LENGTH_UNIT ( ) NAMED_UNIT ( * ) SI_UNIT ( .MILLI., .METRE. ) );
#683 = LINE ( 'NONE', #1976, #2111 ) ;
#684 = ORIENTED_EDGE ( 'NONE', *, *, #550, .T. ) ;
#685 = COLOUR_RGB ( '',0.2509803921568627416, 0.2509803921568627416, 0.2509803921568627416 ) ;
#686 = DIRECTION ( 'NONE',  ( -0.000000000000000000, 0.000000000000000000, 1.000000000000000000 ) ) ;
#687 = CIRCLE ( 'NONE', #1443, 0.4999999999999998890 ) ;
#688 = SURFACE_STYLE_USAGE ( .BOTH. , #3194 ) ;
#689 = VECTOR ( 'NONE', #3807, 1000.000000000000000 ) ;
#690 = VECTOR ( 'NONE', #3662, 1000.000000000000000 ) ;
#691 = ORIENTED_EDGE ( 'NONE', *, *, #3628, .T. ) ;
#692 = UNCERTAINTY_MEASURE_WITH_UNIT (LENGTH_MEASURE( 1.000000000000000082E-05 ), #1937, 'distance_accuracy_value', 'NONE');
#693 = PRESENTATION_LAYER_ASSIGNMENT (  '', '', ( #1234 ) ) ;
#694 = LINE ( 'NONE', #2906, #1623 ) ;
#695 = CARTESIAN_POINT ( 'NONE',  ( 1.149999999999999911, 0.3549999999999999822, -25.19629199999999969 ) ) ;
#696 = VERTEX_POINT ( 'NONE', #2717 ) ;
#697 = ADVANCED_FACE ( 'NONE', ( #3429 ), #1360, .T. ) ;
#698 = EDGE_CURVE ( 'NONE', #2513, #2188, #1382, .T. ) ;
#699 = PRESENTATION_STYLE_ASSIGNMENT (( #3898 ) ) ;
#700 = EDGE_LOOP ( 'NONE', ( #363, #2052, #3064, #1453 ) ) ;
#701 = UNCERTAINTY_MEASURE_WITH_UNIT (LENGTH_MEASURE( 1.000000000000000082E-05 ), #2365, 'distance_accuracy_value', 'NONE');
#702 = ORIENTED_EDGE ( 'NONE', *, *, #2549, .T. ) ;
#703 = DIRECTION ( 'NONE',  ( -0.000000000000000000, -1.000000000000000000, -0.000000000000000000 ) ) ;
#704 = SURFACE_SIDE_STYLE ('',( #1434 ) ) ;
#705 = ORIENTED_EDGE ( 'NONE', *, *, #1053, .F. ) ;
#706 =( NAMED_UNIT ( * ) SI_UNIT ( $, .STERADIAN. ) SOLID_ANGLE_UNIT ( ) );
#707 = CARTESIAN_POINT ( 'NONE',  ( 0.8800000000000000044, 1.409999999999999920, 0.000000000000000000 ) ) ;
#708 = CARTESIAN_POINT ( 'NONE',  ( -5.899999999999999467, 0.3549999999999999822, 1.149999999999999911 ) ) ;
#709 = VERTEX_POINT ( 'NONE', #3717 ) ;
#710 = DIRECTION ( 'NONE',  ( 0.000000000000000000, -1.000000000000000000, -0.000000000000000000 ) ) ;
#711 = DIRECTION ( 'NONE',  ( 0.000000000000000000, 0.000000000000000000, -1.000000000000000000 ) ) ;
#712 = PLANE ( 'NONE',  #3144 ) ;
#713 = CARTESIAN_POINT ( 'NONE',  ( -25.19629199999999969, 0.3549999999999999822, -0.6500000000000001332 ) ) ;
#714 = SURFACE_SIDE_STYLE ('',( #2378 ) ) ;
#715 = ORIENTED_EDGE ( 'NONE', *, *, #1219, .T. ) ;
#716 = EDGE_CURVE ( 'NONE', #3317, #1011, #417, .T. ) ;
#717 = EDGE_CURVE ( 'NONE', #696, #2831, #3010, .T. ) ;
#718 = ORIENTED_EDGE ( 'NONE', *, *, #2326, .F. ) ;
#719 = DIRECTION ( 'NONE',  ( 0.000000000000000000, 1.000000000000000000, 0.000000000000000000 ) ) ;
#720 = VECTOR ( 'NONE', #1837, 1000.000000000000000 ) ;
#721 = LINE ( 'NONE', #3342, #559 ) ;
#722 = ORIENTED_EDGE ( 'NONE', *, *, #3152, .F. ) ;
#723 = LINE ( 'NONE', #1979, #247 ) ;
#724 =( BOUNDED_CURVE ( )  B_SPLINE_CURVE ( 3, ( #4025, #1364, #3330, #2661 ),
 .UNSPECIFIED., .F., .F. ) 
 B_SPLINE_CURVE_WITH_KNOTS ( ( 4, 4 ),
 ( 1.570796326788551633, 3.141592653589786455 ),
 .UNSPECIFIED. ) 
 CURVE ( )  GEOMETRIC_REPRESENTATION_ITEM ( )  RATIONAL_B_SPLINE_CURVE ( ( 1.000000000000000000, 0.8047378541228710214, 0.8047378541228710214, 1.000000000000000000 ) ) 
 REPRESENTATION_ITEM ( '' )  );
#725 = DIRECTION ( 'NONE',  ( 0.000000000000000000, 0.000000000000000000, 1.000000000000000000 ) ) ;
#726 = AXIS2_PLACEMENT_3D ( 'NONE', #3340, #3904, #405 ) ;
#727 = FACE_OUTER_BOUND ( 'NONE', #1545, .T. ) ;
#728 = LINE ( 'NONE', #707, #690 ) ;
#729 = ORIENTED_EDGE ( 'NONE', *, *, #3921, .T. ) ;
#730 = EDGE_LOOP ( 'NONE', ( #2973, #3959, #2826, #3839 ) ) ;
#731 = VECTOR ( 'NONE', #3309, 1000.000000000000000 ) ;
#732 = VECTOR ( 'NONE', #703, 1000.000000000000000 ) ;
#733 = CARTESIAN_POINT ( 'NONE',  ( -6.700000000000001066, 1.054999999999999938, 1.149999999999999911 ) ) ;
#734 = VECTOR ( 'NONE', #4088, 1000.000000000000000 ) ;
#735 = VECTOR ( 'NONE', #3915, 1000.000000000000000 ) ;
#736 = CARTESIAN_POINT ( 'NONE',  ( 5.666776695296638522, 6.511776695296638273, 5.490000000000001990 ) ) ;
#737 = DIRECTION ( 'NONE',  ( 0.000000000000000000, 0.000000000000000000, -1.000000000000000000 ) ) ;
#738 =( GEOMETRIC_REPRESENTATION_CONTEXT ( 3 ) GLOBAL_UNCERTAINTY_ASSIGNED_CONTEXT ( ( #820 ) ) GLOBAL_UNIT_ASSIGNED_CONTEXT ( ( #2423, #2591, #1926 ) ) REPRESENTATION_CONTEXT ( 'NONE', 'WORKASPACE' ) );
#739 = LINE ( 'NONE', #1764, #4162 ) ;
#740 = DIRECTION ( 'NONE',  ( 0.000000000000000000, 0.000000000000000000, -1.000000000000000000 ) ) ;
#741 = ORIENTED_EDGE ( 'NONE', *, *, #2224, .F. ) ;
#742 = SURFACE_SIDE_STYLE ('',( #1680 ) ) ;
#743 = AXIS2_PLACEMENT_3D ( 'NONE', #175, #4002, #2059 ) ;
#744 =( LENGTH_UNIT ( ) NAMED_UNIT ( * ) SI_UNIT ( .MILLI., .METRE. ) );
#745 = PRESENTATION_LAYER_ASSIGNMENT (  '', '', ( #2109 ) ) ;
#746 = ORIENTED_EDGE ( 'NONE', *, *, #3842, .T. ) ;
#747 = PRESENTATION_STYLE_ASSIGNMENT (( #3370 ) ) ;
#748 =( NAMED_UNIT ( * ) SI_UNIT ( $, .STERADIAN. ) SOLID_ANGLE_UNIT ( ) );
#749 = VECTOR ( 'NONE', #3232, 1000.000000000000000 ) ;
#750 = LINE ( 'NONE', #4100, #1272 ) ;
#751 = EDGE_CURVE ( 'NONE', #3900, #3854, #544, .T. ) ;
#752 = EDGE_CURVE ( 'NONE', #1846, #4003, #3377, .T. ) ;
#753 = CARTESIAN_POINT ( 'NONE',  ( -0.8800000000000000044, 0.000000000000000000, 0.000000000000000000 ) ) ;
#754 =( LENGTH_UNIT ( ) NAMED_UNIT ( * ) SI_UNIT ( .MILLI., .METRE. ) );
#755 = EDGE_LOOP ( 'NONE', ( #1580, #2204, #4149, #3080 ) ) ;
#756 = VERTEX_POINT ( 'NONE', #2693 ) ;
#757 = SURFACE_STYLE_FILL_AREA ( #393 ) ;
#758 = VECTOR ( 'NONE', #1040, 1000.000000000000000 ) ;
#759 = LINE ( 'NONE', #432, #1828 ) ;
#760 = AXIS2_PLACEMENT_3D ( 'NONE', #18, #2951, #737 ) ;
#761 = VECTOR ( 'NONE', #2368, 1000.000000000000000 ) ;
#762 = CARTESIAN_POINT ( 'NONE',  ( 6.700000000000001066, 1.054999999999999938, 0.6500000000000001332 ) ) ;
#763 = CARTESIAN_POINT ( 'NONE',  ( -0.8800000000000000044, 0.000000000000000000, 6.985000000000000320 ) ) ;
#764 = FILL_AREA_STYLE_COLOUR ( '', #2021 ) ;
#765 = LINE ( 'NONE', #2762, #1765 ) ;
#766 = ORIENTED_EDGE ( 'NONE', *, *, #959, .T. ) ;
#767 = PLANE ( 'NONE',  #669 ) ;
#768 = CYLINDRICAL_SURFACE ( 'NONE', #173, 0.2500000000000002220 ) ;
#769 = DIRECTION ( 'NONE',  ( -0.7071067811865475727, 0.000000000000000000, 0.7071067811865475727 ) ) ;
#770 = ORIENTED_EDGE ( 'NONE', *, *, #3920, .F. ) ;
#771 = SURFACE_SIDE_STYLE ('',( #2415 ) ) ;
#772 = UNCERTAINTY_MEASURE_WITH_UNIT (LENGTH_MEASURE( 1.000000000000000082E-05 ), #1255, 'distance_accuracy_value', 'NONE');
#773 = DIRECTION ( 'NONE',  ( 0.000000000000000000, 0.000000000000000000, -1.000000000000000000 ) ) ;
#774 = DIRECTION ( 'NONE',  ( 1.000000000000000000, 0.000000000000000000, 0.000000000000000000 ) ) ;
#775 = ORIENTED_EDGE ( 'NONE', *, *, #244, .T. ) ;
#776 = EDGE_CURVE ( 'NONE', #1014, #1448, #4241, .T. ) ;
#777 = EDGE_CURVE ( 'NONE', #1815, #4158, #2344, .T. ) ;
#778 = EDGE_LOOP ( 'NONE', ( #1834, #2340, #3336 ) ) ;
#779 = DIRECTION ( 'NONE',  ( 0.000000000000000000, -0.000000000000000000, 1.000000000000000000 ) ) ;
#780 = CARTESIAN_POINT ( 'NONE',  ( 18.17384539059149517, 6.585000000000000853, -25.19629199999850400 ) ) ;
#781 = DIRECTION ( 'NONE',  ( -1.000000000000000000, -0.000000000000000000, -0.000000000000000000 ) ) ;
#782 = PLANE ( 'NONE',  #1377 ) ;
#783 = CARTESIAN_POINT ( 'NONE',  ( 1.149999999999999911, 0.3549999999999999822, -5.899999999999998579 ) ) ;
#784 = SURFACE_STYLE_USAGE ( .BOTH. , #1427 ) ;
#785 = ORIENTED_EDGE ( 'NONE', *, *, #1081, .T. ) ;
#786 =( NAMED_UNIT ( * ) PLANE_ANGLE_UNIT ( ) SI_UNIT ( $, .RADIAN. ) );
#787 = DIRECTION ( 'NONE',  ( -1.000000000000000000, 0.000000000000000000, 0.000000000000000000 ) ) ;
#788 = UNCERTAINTY_MEASURE_WITH_UNIT (LENGTH_MEASURE( 1.000000000000000082E-05 ), #219, 'distance_accuracy_value', 'NONE');
#789 = DIRECTION ( 'NONE',  ( 0.000000000000000000, 0.000000000000000000, -1.000000000000000000 ) ) ;
#790 = VERTEX_POINT ( 'NONE', #1701 ) ;
#791 = SURFACE_STYLE_FILL_AREA ( #546 ) ;
#792 =( LENGTH_UNIT ( ) NAMED_UNIT ( * ) SI_UNIT ( .MILLI., .METRE. ) );
#793 = SURFACE_STYLE_USAGE ( .BOTH. , #2438 ) ;
#794 = VECTOR ( 'NONE', #2687, 1000.000000000000000 ) ;
#795 = LINE ( 'NONE', #2892, #1090 ) ;
#796 = CARTESIAN_POINT ( 'NONE',  ( -0.6500000000000001332, -0.1449999999999999900, -5.899999999999998579 ) ) ;
#797 = VERTEX_POINT ( 'NONE', #3670 ) ;
#798 = VERTEX_POINT ( 'NONE', #733 ) ;
#799 = FACE_OUTER_BOUND ( 'NONE', #3281, .T. ) ;
#800 = STYLED_ITEM ( 'NONE', ( #3877 ), #111 ) ;
#801 =( NAMED_UNIT ( * ) SI_UNIT ( $, .STERADIAN. ) SOLID_ANGLE_UNIT ( ) );
#802 = EDGE_CURVE ( 'NONE', #120, #4102, #454, .T. ) ;
#803 =( GEOMETRIC_REPRESENTATION_CONTEXT ( 3 ) GLOBAL_UNCERTAINTY_ASSIGNED_CONTEXT ( ( #1563 ) ) GLOBAL_UNIT_ASSIGNED_CONTEXT ( ( #3109, #181, #1853 ) ) REPRESENTATION_CONTEXT ( 'NONE', 'WORKASPACE' ) );
#804 =( GEOMETRIC_REPRESENTATION_CONTEXT ( 3 ) GLOBAL_UNCERTAINTY_ASSIGNED_CONTEXT ( ( #2299 ) ) GLOBAL_UNIT_ASSIGNED_CONTEXT ( ( #3795, #3113, #3444 ) ) REPRESENTATION_CONTEXT ( 'NONE', 'WORKASPACE' ) );
#805 = CARTESIAN_POINT ( 'NONE',  ( 0.6500000000000001332, 0.3549999999999999822, 25.19629199999999969 ) ) ;
#806 = DIRECTION ( 'NONE',  ( 0.000000000000000000, -0.000000000000000000, 1.000000000000000000 ) ) ;
#807 = FILL_AREA_STYLE_COLOUR ( '', #2934 ) ;
#808 =( NAMED_UNIT ( * ) PLANE_ANGLE_UNIT ( ) SI_UNIT ( $, .RADIAN. ) );
#809 = PLANE ( 'NONE',  #3886 ) ;
#810 = EDGE_CURVE ( 'NONE', #4200, #143, #759, .T. ) ;
#811 =( GEOMETRIC_REPRESENTATION_CONTEXT ( 3 ) GLOBAL_UNCERTAINTY_ASSIGNED_CONTEXT ( ( #4191 ) ) GLOBAL_UNIT_ASSIGNED_CONTEXT ( ( #1804, #174, #3808 ) ) REPRESENTATION_CONTEXT ( 'NONE', 'WORKASPACE' ) );
#812 = DIRECTION ( 'NONE',  ( 0.000000000000000000, -1.000000000000000000, -0.000000000000000000 ) ) ;
#813 = VERTEX_POINT ( 'NONE', #3028 ) ;
#814 = CARTESIAN_POINT ( 'NONE',  ( 0.6500000000000001332, -0.1449999999999999900, -5.900000000000000355 ) ) ;
#815 = VECTOR ( 'NONE', #710, 1000.000000000000000 ) ;
#816 = DIRECTION ( 'NONE',  ( 0.000000000000000000, 0.000000000000000000, -1.000000000000000000 ) ) ;
#817 = FILL_AREA_STYLE_COLOUR ( '', #3698 ) ;
#818 = ORIENTED_EDGE ( 'NONE', *, *, #3487, .F. ) ;
#819 = VECTOR ( 'NONE', #1404, 1000.000000000000000 ) ;
#820 = UNCERTAINTY_MEASURE_WITH_UNIT (LENGTH_MEASURE( 1.000000000000000082E-05 ), #2423, 'distance_accuracy_value', 'NONE');
#821 = CIRCLE ( 'NONE', #2925, 0.5000000000000000000 ) ;
#822 = DIRECTION ( 'NONE',  ( -0.000000000000000000, 1.000000000000000000, 0.000000000000000000 ) ) ;
#823 = DIRECTION ( 'NONE',  ( -1.000000000000000000, 0.000000000000000000, 0.000000000000000000 ) ) ;
#824 = CARTESIAN_POINT ( 'NONE',  ( -0.8800000000000000044, 0.000000000000000000, -6.985000000000000320 ) ) ;
#825 = EDGE_LOOP ( 'NONE', ( #2564, #1648, #1237, #912 ) ) ;
#826 = VECTOR ( 'NONE', #944, 1000.000000000000000 ) ;
#827 = VERTEX_POINT ( 'NONE', #3763 ) ;
#828 = FILL_AREA_STYLE ('',( #3099 ) ) ;
#829 = PRESENTATION_STYLE_ASSIGNMENT (( #3145 ) ) ;
#830 = DIRECTION ( 'NONE',  ( -0.000000000000000000, 1.000000000000000000, 0.000000000000000000 ) ) ;
#831 = VECTOR ( 'NONE', #1097, 1000.000000000000000 ) ;
#832 = ORIENTED_EDGE ( 'NONE', *, *, #3533, .F. ) ;
#833 = CARTESIAN_POINT ( 'NONE',  ( 5.741379439399342033, 6.541782978553065675, -5.488533432351153429 ) ) ;
#834 = EDGE_CURVE ( 'NONE', #1310, #1470, #4126, .T. ) ;
#835 = EDGE_CURVE ( 'NONE', #1010, #1811, #1624, .T. ) ;
#836 = CARTESIAN_POINT ( 'NONE',  ( 25.19629199999999969, 1.054999999999999938, -0.6500000000000001332 ) ) ;
#837 = ORIENTED_EDGE ( 'NONE', *, *, #2481, .T. ) ;
#838 = CARTESIAN_POINT ( 'NONE',  ( 5.490000000000000213, 15.35822800000000221, -5.490000000000000213 ) ) ;
#839 = SURFACE_STYLE_FILL_AREA ( #3796 ) ;
#840 = ORIENTED_EDGE ( 'NONE', *, *, #1845, .T. ) ;
#841 = UNCERTAINTY_MEASURE_WITH_UNIT (LENGTH_MEASURE( 1.000000000000000082E-05 ), #2671, 'distance_accuracy_value', 'NONE');
#842 = DIRECTION ( 'NONE',  ( -0.000000000000000000, 1.000000000000000000, 0.000000000000000000 ) ) ;
#843 = CARTESIAN_POINT ( 'NONE',  ( 0.8800000000000000044, 1.409999999999999920, 0.000000000000000000 ) ) ;
#844 =( NAMED_UNIT ( * ) SI_UNIT ( $, .STERADIAN. ) SOLID_ANGLE_UNIT ( ) );
#845 = CARTESIAN_POINT ( 'NONE',  ( -5.899999999999998579, 1.054999999999999938, 1.149999999999999911 ) ) ;
#846 = VERTEX_POINT ( 'NONE', #1162 ) ;
#847 = SURFACE_STYLE_USAGE ( .BOTH. , #1151 ) ;
#848 = PRESENTATION_STYLE_ASSIGNMENT (( #1213 ) ) ;
#849 = ADVANCED_FACE ( 'NONE', ( #1182 ), #1464, .F. ) ;
#850 = ADVANCED_FACE ( 'NONE', ( #1860 ), #3123, .T. ) ;
#851 = ORIENTED_EDGE ( 'NONE', *, *, #3463, .F. ) ;
#852 = DIRECTION ( 'NONE',  ( 0.000000000000000000, 0.000000000000000000, -1.000000000000000000 ) ) ;
#853 = CARTESIAN_POINT ( 'NONE',  ( 0.6500000000000001332, -0.1449999999999999900, 5.899999999999998579 ) ) ;
#854 = COLOUR_RGB ( '',0.2509803921568627416, 0.2509803921568627416, 0.2509803921568627416 ) ;
#855 = ORIENTED_EDGE ( 'NONE', *, *, #1658, .T. ) ;
#856 = PRESENTATION_LAYER_ASSIGNMENT (  '', '', ( #3536 ) ) ;
#857 = DIRECTION ( 'NONE',  ( 0.000000000000000000, 0.000000000000000000, -1.000000000000000000 ) ) ;
#858 = AXIS2_PLACEMENT_3D ( 'NONE', #2775, #2118, #3779 ) ;
#859 = CARTESIAN_POINT ( 'NONE',  ( 5.740000000000000213, 0.000000000000000000, 0.000000000000000000 ) ) ;
#860 = STYLED_ITEM ( 'NONE', ( #3774 ), #4000 ) ;
#861 = ORIENTED_EDGE ( 'NONE', *, *, #1819, .T. ) ;
#862 = LINE ( 'NONE', #2943, #989 ) ;
#863 =( NAMED_UNIT ( * ) PLANE_ANGLE_UNIT ( ) SI_UNIT ( $, .RADIAN. ) );
#864 = STYLED_ITEM ( 'NONE', ( #1839 ), #79 ) ;
#865 =( NAMED_UNIT ( * ) PLANE_ANGLE_UNIT ( ) SI_UNIT ( $, .RADIAN. ) );
#866 = CARTESIAN_POINT ( 'NONE',  ( 6.700000000000000178, 1.409999999999999920, 0.000000000000000000 ) ) ;
#867 = AXIS2_PLACEMENT_3D ( 'NONE', #2161, #781, #3719 ) ;
#868 = CARTESIAN_POINT ( 'NONE',  ( -5.740000000000000213, 0.000000000000000000, 5.740000000000000213 ) ) ;
#869 = CARTESIAN_POINT ( 'NONE',  ( -5.740000000000000213, 0.000000000000000000, 5.490000000000000213 ) ) ;
#870 = AXIS2_PLACEMENT_3D ( 'NONE', #3399, #145, #2741 ) ;
#871 = ORIENTED_EDGE ( 'NONE', *, *, #3291, .F. ) ;
#872 = DIRECTION ( 'NONE',  ( 0.000000000000000000, -0.000000000000000000, 1.000000000000000000 ) ) ;
#873 = CARTESIAN_POINT ( 'NONE',  ( -0.6500000000000001332, 1.054999999999999938, 6.700000000000001066 ) ) ;
#874 =( GEOMETRIC_REPRESENTATION_CONTEXT ( 3 ) GLOBAL_UNCERTAINTY_ASSIGNED_CONTEXT ( ( #1023 ) ) GLOBAL_UNIT_ASSIGNED_CONTEXT ( ( #2559, #2587, #309 ) ) REPRESENTATION_CONTEXT ( 'NONE', 'WORKASPACE' ) );
#875 = CARTESIAN_POINT ( 'NONE',  ( 5.489999999999999325, 6.407447799860086057, -5.771105590733192514 ) ) ;
#876 = UNCERTAINTY_MEASURE_WITH_UNIT (LENGTH_MEASURE( 1.000000000000000082E-05 ), #916, 'distance_accuracy_value', 'NONE');
#877 = ORIENTED_EDGE ( 'NONE', *, *, #3011, .T. ) ;
#878 = VECTOR ( 'NONE', #394, 1000.000000000000114 ) ;
#879 = COLOUR_RGB ( '',0.2509803921568627416, 0.2509803921568627416, 0.2509803921568627416 ) ;
#880 = FACE_OUTER_BOUND ( 'NONE', #1830, .T. ) ;
#881 = FILL_AREA_STYLE ('',( #211 ) ) ;
#882 = STYLED_ITEM ( 'NONE', ( #1148 ), #1245 ) ;
#883 = ORIENTED_EDGE ( 'NONE', *, *, #2628, .T. ) ;
#884 =( GEOMETRIC_REPRESENTATION_CONTEXT ( 3 ) GLOBAL_UNCERTAINTY_ASSIGNED_CONTEXT ( ( #3415 ) ) GLOBAL_UNIT_ASSIGNED_CONTEXT ( ( #589, #3828, #260 ) ) REPRESENTATION_CONTEXT ( 'NONE', 'WORKASPACE' ) );
#885 = ADVANCED_FACE ( 'NONE', ( #4105 ), #230, .T. ) ;
#886 = EDGE_CURVE ( 'NONE', #3799, #1462, #4260, .T. ) ;
#887 = DIRECTION ( 'NONE',  ( -0.000000000000000000, -0.000000000000000000, -1.000000000000000000 ) ) ;
#888 = VECTOR ( 'NONE', #3844, 1000.000000000000000 ) ;
#889 = ORIENTED_EDGE ( 'NONE', *, *, #3894, .T. ) ;
#890 = VECTOR ( 'NONE', #2689, 1000.000000000000000 ) ;
#891 = CARTESIAN_POINT ( 'NONE',  ( -6.700000000000001066, 0.3549999999999999822, 0.6500000000000001332 ) ) ;
#892 = PRESENTATION_STYLE_ASSIGNMENT (( #4148 ) ) ;
#893 = EDGE_LOOP ( 'NONE', ( #1112, #4258, #2755, #3003 ) ) ;
#894 = DIRECTION ( 'NONE',  ( 0.000000000000000000, 0.000000000000000000, -1.000000000000000000 ) ) ;
#895 = CARTESIAN_POINT ( 'NONE',  ( -5.740000000000000213, 0.000000000000000000, -0.8800000000000000044 ) ) ;
#896 = CIRCLE ( 'NONE', #3067, 0.2500000000000002220 ) ;
#897 = SURFACE_STYLE_USAGE ( .BOTH. , #2147 ) ;
#898 = SURFACE_SIDE_STYLE ('',( #2540 ) ) ;
#899 = UNCERTAINTY_MEASURE_WITH_UNIT (LENGTH_MEASURE( 1.000000000000000082E-05 ), #754, 'distance_accuracy_value', 'NONE');
#900 = ORIENTED_EDGE ( 'NONE', *, *, #3865, .T. ) ;
#901 = PRESENTATION_LAYER_ASSIGNMENT (  '', '', ( #566 ) ) ;
#902 = FILL_AREA_STYLE ('',( #1241 ) ) ;
#903 = ORIENTED_EDGE ( 'NONE', *, *, #136, .F. ) ;
#904 =( LENGTH_UNIT ( ) NAMED_UNIT ( * ) SI_UNIT ( .MILLI., .METRE. ) );
#905 = ADVANCED_FACE ( 'NONE', ( #2944 ), #1902, .T. ) ;
#906 = EDGE_CURVE ( 'NONE', #1249, #2130, #1093, .T. ) ;
#907 = EDGE_LOOP ( 'NONE', ( #3792, #3369, #1734, #1215 ) ) ;
#908 = SHAPE_DEFINITION_REPRESENTATION ( #1592, #2829 ) ;
#909 = LINE ( 'NONE', #2163, #689 ) ;
#910 = LINE ( 'NONE', #588, #319 ) ;
#911 = FILL_AREA_STYLE_COLOUR ( '', #1005 ) ;
#912 = ORIENTED_EDGE ( 'NONE', *, *, #2452, .T. ) ;
#913 = CARTESIAN_POINT ( 'NONE',  ( 0.6500000000000001332, 0.3549999999999999822, 6.700000000000001066 ) ) ;
#914 =( NAMED_UNIT ( * ) SI_UNIT ( $, .STERADIAN. ) SOLID_ANGLE_UNIT ( ) );
#915 = SURFACE_STYLE_USAGE ( .BOTH. , #3852 ) ;
#916 =( LENGTH_UNIT ( ) NAMED_UNIT ( * ) SI_UNIT ( .MILLI., .METRE. ) );
#917 = ORIENTED_EDGE ( 'NONE', *, *, #886, .T. ) ;
#918 = SURFACE_STYLE_FILL_AREA ( #881 ) ;
#919 = DIRECTION ( 'NONE',  ( -0.000000000000000000, -1.000000000000000000, 0.000000000000000000 ) ) ;
#920 = VERTEX_POINT ( 'NONE', #1266 ) ;
#921 = UNCERTAINTY_MEASURE_WITH_UNIT (LENGTH_MEASURE( 1.000000000000000082E-05 ), #2242, 'distance_accuracy_value', 'NONE');
#922 = CARTESIAN_POINT ( 'NONE',  ( -5.489999999999993108, 6.510102787695950077, 5.311565099430894499 ) ) ;
#923 =( LENGTH_UNIT ( ) NAMED_UNIT ( * ) SI_UNIT ( .MILLI., .METRE. ) );
#924 = ORIENTED_EDGE ( 'NONE', *, *, #1195, .T. ) ;
#925 = STYLED_ITEM ( 'NONE', ( #2773 ), #3558 ) ;
#926 = EDGE_CURVE ( 'NONE', #1374, #1448, #1965, .T. ) ;
#927 = DIRECTION ( 'NONE',  ( 0.000000000000000000, 0.000000000000000000, 1.000000000000000000 ) ) ;
#928 = EDGE_CURVE ( 'NONE', #1374, #121, #687, .T. ) ;
#929 =( NAMED_UNIT ( * ) PLANE_ANGLE_UNIT ( ) SI_UNIT ( $, .RADIAN. ) );
#930 = AXIS2_PLACEMENT_3D ( 'NONE', #2254, #2940, #994 ) ;
#931 = CIRCLE ( 'NONE', #858, 0.4999999999999998890 ) ;
#932 = VERTEX_POINT ( 'NONE', #3582 ) ;
#933 = CARTESIAN_POINT ( 'NONE',  ( 5.489999999999993108, 6.510102787695950077, -5.311565099430894499 ) ) ;
#934 = CARTESIAN_POINT ( 'NONE',  ( 5.900000000000000355, 1.554999999999999938, -0.6500000000000001332 ) ) ;
#935 = VECTOR ( 'NONE', #3496, 1000.000000000000000 ) ;
#936 =( LENGTH_UNIT ( ) NAMED_UNIT ( * ) SI_UNIT ( .MILLI., .METRE. ) );
#937 = ADVANCED_FACE ( 'NONE', ( #1650 ), #3350, .T. ) ;
#938 = EDGE_CURVE ( 'NONE', #2690, #813, #448, .T. ) ;
#939 = CARTESIAN_POINT ( 'NONE',  ( 5.490000000000001101, 6.511776695296637385, -5.666776695296637634 ) ) ;
#940 = ORIENTED_EDGE ( 'NONE', *, *, #3896, .T. ) ;
#941 = SURFACE_STYLE_USAGE ( .BOTH. , #3592 ) ;
#942 = VECTOR ( 'NONE', #2994, 1000.000000000000000 ) ;
#943 = SURFACE_STYLE_USAGE ( .BOTH. , #1875 ) ;
#944 = DIRECTION ( 'NONE',  ( -0.000000000000000000, 0.000000000000000000, -1.000000000000000000 ) ) ;
#945 = ORIENTED_EDGE ( 'NONE', *, *, #4214, .T. ) ;
#946 = LINE ( 'NONE', #2234, #1674 ) ;
#947 = STYLED_ITEM ( 'NONE', ( #262 ), #3120 ) ;
#948 = VERTEX_POINT ( 'NONE', #1062 ) ;
#949 = DIRECTION ( 'NONE',  ( 0.000000000000000000, -1.000000000000000000, 0.000000000000000000 ) ) ;
#950 = MECHANICAL_DESIGN_GEOMETRIC_PRESENTATION_REPRESENTATION (  '', ( #612 ), #884 ) ;
#951 = ORIENTED_EDGE ( 'NONE', *, *, #717, .T. ) ;
#952 = CARTESIAN_POINT ( 'NONE',  ( 0.8800000000000000044, 0.000000000000000000, 5.900000000000000355 ) ) ;
#953 = VECTOR ( 'NONE', #4187, 1000.000000000000000 ) ;
#954 = CARTESIAN_POINT ( 'NONE',  ( 0.8800000000000000044, 0.000000000000000000, 5.739999999999999325 ) ) ;
#955 = CARTESIAN_POINT ( 'NONE',  ( -0.8800000000000000044, 0.000000000000000000, 5.899999999999999467 ) ) ;
#956 = VECTOR ( 'NONE', #3750, 1000.000000000000000 ) ;
#957 = EDGE_LOOP ( 'NONE', ( #3171, #613, #2769, #618 ) ) ;
#958 = EDGE_CURVE ( 'NONE', #4210, #1286, #2245, .T. ) ;
#959 = EDGE_CURVE ( 'NONE', #1462, #2114, #119, .T. ) ;
#960 =( NAMED_UNIT ( * ) PLANE_ANGLE_UNIT ( ) SI_UNIT ( $, .RADIAN. ) );
#961 = AXIS2_PLACEMENT_3D ( 'NONE', #3104, #2200, #1849 ) ;
#962 = FILL_AREA_STYLE_COLOUR ( '', #1304 ) ;
#963 = ORIENTED_EDGE ( 'NONE', *, *, #1324, .T. ) ;
#964 = VECTOR ( 'NONE', #3168, 1000.000000000000000 ) ;
#965 = PRESENTATION_STYLE_ASSIGNMENT (( #981 ) ) ;
#966 = CARTESIAN_POINT ( 'NONE',  ( -5.637254666298384898, 6.615410311702258461, 5.414906099201957979 ) ) ;
#967 = LINE ( 'NONE', #3910, #1085 ) ;
#968 = DIRECTION ( 'NONE',  ( 1.000000000000000000, 0.000000000000000000, 0.000000000000000000 ) ) ;
#969 = CARTESIAN_POINT ( 'NONE',  ( 1.149999999999999911, 1.554999999999999938, -6.700000000000000178 ) ) ;
#970 = LINE ( 'NONE', #2265, #313 ) ;
#971 = CARTESIAN_POINT ( 'NONE',  ( -5.636440105289418412, 6.156565099430893362, 5.665102787695951214 ) ) ;
#972 = FILL_AREA_STYLE_COLOUR ( '', #3604 ) ;
#973 = SURFACE_STYLE_FILL_AREA ( #2972 ) ;
#974 = EDGE_LOOP ( 'NONE', ( #2550, #2612, #1387, #224, #2441 ) ) ;
#975 = CARTESIAN_POINT ( 'NONE',  ( 0.000000000000000000, -0.1449999999999999900, -5.900000000000000355 ) ) ;
#976 = SURFACE_STYLE_USAGE ( .BOTH. , #3936 ) ;
#977 = EDGE_CURVE ( 'NONE', #1124, #1925, #2674, .T. ) ;
#978 = EDGE_CURVE ( 'NONE', #256, #2779, #728, .T. ) ;
#979 = CARTESIAN_POINT ( 'NONE',  ( 5.740000000000000213, 1.409999999999999920, 5.740000000000000213 ) ) ;
#980 = ORIENTED_EDGE ( 'NONE', *, *, #3035, .T. ) ;
#981 = SURFACE_STYLE_USAGE ( .BOTH. , #2959 ) ;
#982 = LINE ( 'NONE', #3912, #964 ) ;
#983 = FACE_OUTER_BOUND ( 'NONE', #1101, .T. ) ;
#984 = CARTESIAN_POINT ( 'NONE',  ( -6.985000000000000320, 1.409999999999999920, 0.000000000000000000 ) ) ;
#985 =( GEOMETRIC_REPRESENTATION_CONTEXT ( 3 ) GLOBAL_UNCERTAINTY_ASSIGNED_CONTEXT ( ( #1157 ) ) GLOBAL_UNIT_ASSIGNED_CONTEXT ( ( #352, #1008, #3307 ) ) REPRESENTATION_CONTEXT ( 'NONE', 'WORKASPACE' ) );
#986 = FACE_OUTER_BOUND ( 'NONE', #2171, .T. ) ;
#987 = FILL_AREA_STYLE_COLOUR ( '', #1265 ) ;
#988 =( LENGTH_UNIT ( ) NAMED_UNIT ( * ) SI_UNIT ( .MILLI., .METRE. ) );
#989 = VECTOR ( 'NONE', #9, 1000.000000000000000 ) ;
#990 = FACE_OUTER_BOUND ( 'NONE', #3614, .T. ) ;
#991 = VERTEX_POINT ( 'NONE', #2395 ) ;
#992 =( LENGTH_UNIT ( ) NAMED_UNIT ( * ) SI_UNIT ( .MILLI., .METRE. ) );
#993 =( GEOMETRIC_REPRESENTATION_CONTEXT ( 3 ) GLOBAL_UNCERTAINTY_ASSIGNED_CONTEXT ( ( #2772 ) ) GLOBAL_UNIT_ASSIGNED_CONTEXT ( ( #682, #1261, #2543 ) ) REPRESENTATION_CONTEXT ( 'NONE', 'WORKASPACE' ) );
#994 = DIRECTION ( 'NONE',  ( 0.000000000000000000, 0.000000000000000000, 1.000000000000000000 ) ) ;
#995 = SURFACE_STYLE_FILL_AREA ( #22 ) ;
#996 = CARTESIAN_POINT ( 'NONE',  ( 5.899999999999999467, 0.3549999999999999822, -1.149999999999999911 ) ) ;
#997 = EDGE_LOOP ( 'NONE', ( #1773, #629, #3147, #1571 ) ) ;
#998 = COLOUR_RGB ( '',0.2509803921568627416, 0.2509803921568627416, 0.2509803921568627416 ) ;
#999 = ORIENTED_EDGE ( 'NONE', *, *, #3865, .F. ) ;
#1000 = EDGE_CURVE ( 'NONE', #813, #790, #1109, .T. ) ;
#1001 = COLOUR_RGB ( '',0.2509803921568627416, 0.2509803921568627416, 0.2509803921568627416 ) ;
#1002 = STYLED_ITEM ( 'NONE', ( #2720 ), #3348 ) ;
#1003 = EDGE_CURVE ( 'NONE', #798, #539, #428, .T. ) ;
#1004 = FILL_AREA_STYLE_COLOUR ( '', #2442 ) ;
#1005 = COLOUR_RGB ( '',0.2509803921568627416, 0.2509803921568627416, 0.2509803921568627416 ) ;
#1006 = PRESENTATION_LAYER_ASSIGNMENT (  '', '', ( #3962 ) ) ;
#1007 = PLANE ( 'NONE',  #4242 ) ;
#1008 =( NAMED_UNIT ( * ) PLANE_ANGLE_UNIT ( ) SI_UNIT ( $, .RADIAN. ) );
#1009 = SURFACE_SIDE_STYLE ('',( #1336 ) ) ;
#1010 = VERTEX_POINT ( 'NONE', #30 ) ;
#1011 = VERTEX_POINT ( 'NONE', #1994 ) ;
#1012 =( GEOMETRIC_REPRESENTATION_CONTEXT ( 3 ) GLOBAL_UNCERTAINTY_ASSIGNED_CONTEXT ( ( #2518 ) ) GLOBAL_UNIT_ASSIGNED_CONTEXT ( ( #1365, #2058, #2377 ) ) REPRESENTATION_CONTEXT ( 'NONE', 'WORKASPACE' ) );
#1013 = FILL_AREA_STYLE_COLOUR ( '', #3813 ) ;
#1014 = VERTEX_POINT ( 'NONE', #1666 ) ;
#1015 = PLANE ( 'NONE',  #2573 ) ;
#1016 = AXIS2_PLACEMENT_3D ( 'NONE', #2574, #2241, #4011 ) ;
#1017 = LINE ( 'NONE', #2390, #2215 ) ;
#1018 = DIRECTION ( 'NONE',  ( -1.000000000000000000, -0.000000000000000000, -0.000000000000000000 ) ) ;
#1019 = FILL_AREA_STYLE ('',( #92 ) ) ;
#1020 = AXIS2_PLACEMENT_3D ( 'NONE', #2199, #3862, #1948 ) ;
#1021 = DIRECTION ( 'NONE',  ( 0.000000000000000000, -1.000000000000000000, -0.000000000000000000 ) ) ;
#1022 = ORIENTED_EDGE ( 'NONE', *, *, #1770, .F. ) ;
#1023 = UNCERTAINTY_MEASURE_WITH_UNIT (LENGTH_MEASURE( 1.000000000000000082E-05 ), #2559, 'distance_accuracy_value', 'NONE');
#1024 =( GEOMETRIC_REPRESENTATION_CONTEXT ( 3 ) GLOBAL_UNCERTAINTY_ASSIGNED_CONTEXT ( ( #2007 ) ) GLOBAL_UNIT_ASSIGNED_CONTEXT ( ( #76, #1359, #2656 ) ) REPRESENTATION_CONTEXT ( 'NONE', 'WORKASPACE' ) );
#1025 = CARTESIAN_POINT ( 'NONE',  ( 0.6500000000000001332, 1.054999999999999938, -6.700000000000001066 ) ) ;
#1026 = EDGE_CURVE ( 'NONE', #3233, #3821, #2067, .T. ) ;
#1027 = EDGE_CURVE ( 'NONE', #1440, #2381, #1753, .T. ) ;
#1028 = LINE ( 'NONE', #3974, #3353 ) ;
#1029 = SURFACE_STYLE_FILL_AREA ( #3978 ) ;
#1030 = CARTESIAN_POINT ( 'NONE',  ( -1.532446609408502525, 6.585000000000000853, -5.490000000000001990 ) ) ;
#1031 = FILL_AREA_STYLE ('',( #1726 ) ) ;
#1032 = PLANE ( 'NONE',  #1412 ) ;
#1033 = DIRECTION ( 'NONE',  ( 0.000000000000000000, 0.000000000000000000, 1.000000000000000000 ) ) ;
#1034 = VERTEX_POINT ( 'NONE', #1716 ) ;
#1035 = UNCERTAINTY_MEASURE_WITH_UNIT (LENGTH_MEASURE( 1.000000000000000082E-05 ), #3993, 'distance_accuracy_value', 'NONE');
#1036 = VERTEX_POINT ( 'NONE', #1395 ) ;
#1037 = EDGE_LOOP ( 'NONE', ( #4079, #3425, #3635, #1929, #2946, #3987, #980, #861 ) ) ;
#1038 = CARTESIAN_POINT ( 'NONE',  ( -0.6500000000000001332, 0.3549999999999999822, -6.700000000000001066 ) ) ;
#1039 = DIRECTION ( 'NONE',  ( -0.000000000000000000, 0.000000000000000000, -1.000000000000000000 ) ) ;
#1040 = DIRECTION ( 'NONE',  ( -1.000000000000000000, -0.000000000000000000, 0.000000000000000000 ) ) ;
#1041 = ORIENTED_EDGE ( 'NONE', *, *, #3866, .T. ) ;
#1042 = DIRECTION ( 'NONE',  ( 0.000000000000000000, 0.000000000000000000, 1.000000000000000000 ) ) ;
#1043 = DIRECTION ( 'NONE',  ( -1.000000000000000000, -0.000000000000000000, -0.000000000000000000 ) ) ;
#1044 = SURFACE_SIDE_STYLE ('',( #1029 ) ) ;
#1045 = LINE ( 'NONE', #2374, #1049 ) ;
#1046 = LINE ( 'NONE', #3034, #831 ) ;
#1047 = DIRECTION ( 'NONE',  ( 1.000000000000000000, -0.000000000000000000, 0.000000000000000000 ) ) ;
#1048 = SURFACE_STYLE_USAGE ( .BOTH. , #2427 ) ;
#1049 = VECTOR ( 'NONE', #3359, 1000.000000000000000 ) ;
#1050 = EDGE_LOOP ( 'NONE', ( #2331, #3397, #1905, #851 ) ) ;
#1051 = ORIENTED_EDGE ( 'NONE', *, *, #3152, .T. ) ;
#1052 = SURFACE_STYLE_USAGE ( .BOTH. , #742 ) ;
#1053 = EDGE_CURVE ( 'NONE', #3070, #1846, #4013, .T. ) ;
#1054 = EDGE_CURVE ( 'NONE', #275, #3581, #3023, .T. ) ;
#1055 = ORIENTED_EDGE ( 'NONE', *, *, #1818, .T. ) ;
#1056 = CIRCLE ( 'NONE', #1546, 0.5000000000000000000 ) ;
#1057 = UNCERTAINTY_MEASURE_WITH_UNIT (LENGTH_MEASURE( 1.000000000000000082E-05 ), #3837, 'distance_accuracy_value', 'NONE');
#1058 =( NAMED_UNIT ( * ) PLANE_ANGLE_UNIT ( ) SI_UNIT ( $, .RADIAN. ) );
#1059 = PRESENTATION_LAYER_ASSIGNMENT (  '', '', ( #864 ) ) ;
#1060 = COLOUR_RGB ( '',0.2509803921568627416, 0.2509803921568627416, 0.2509803921568627416 ) ;
#1061 = FILL_AREA_STYLE ('',( #3571 ) ) ;
#1062 = CARTESIAN_POINT ( 'NONE',  ( -0.6500000000000001332, 1.554999999999999938, -5.899999999999999467 ) ) ;
#1063 = VECTOR ( 'NONE', #4050, 1000.000000000000000 ) ;
#1064 = STYLED_ITEM ( 'NONE', ( #2751 ), #2908 ) ;
#1065 = ORIENTED_EDGE ( 'NONE', *, *, #3921, .F. ) ;
#1066 = EDGE_LOOP ( 'NONE', ( #4070, #1243, #903, #1931 ) ) ;
#1067 = COLOUR_RGB ( '',0.2509803921568627416, 0.2509803921568627416, 0.2509803921568627416 ) ;
#1068 =( NAMED_UNIT ( * ) PLANE_ANGLE_UNIT ( ) SI_UNIT ( $, .RADIAN. ) );
#1069 = DIRECTION ( 'NONE',  ( -1.000000000000000000, 0.000000000000000000, 0.000000000000000000 ) ) ;
#1070 = SURFACE_STYLE_FILL_AREA ( #4019 ) ;
#1071 =( GEOMETRIC_REPRESENTATION_CONTEXT ( 3 ) GLOBAL_UNCERTAINTY_ASSIGNED_CONTEXT ( ( #2947 ) ) GLOBAL_UNIT_ASSIGNED_CONTEXT ( ( #3172, #3851, #3225 ) ) REPRESENTATION_CONTEXT ( 'NONE', 'WORKASPACE' ) );
#1072 = COLOUR_RGB ( '',0.2509803921568627416, 0.2509803921568627416, 0.2509803921568627416 ) ;
#1073 = PLANE ( 'NONE',  #3190 ) ;
#1074 = PLANE ( 'NONE',  #1362 ) ;
#1075 = ORIENTED_EDGE ( 'NONE', *, *, #3603, .T. ) ;
#1076 = MECHANICAL_DESIGN_GEOMETRIC_PRESENTATION_REPRESENTATION (  '', ( #2789 ), #3272 ) ;
#1077 = FILL_AREA_STYLE_COLOUR ( '', #1060 ) ;
#1078 = DIRECTION ( 'NONE',  ( 0.000000000000000000, 0.000000000000000000, 1.000000000000000000 ) ) ;
#1079 = AXIS2_PLACEMENT_3D ( 'NONE', #1843, #842, #254 ) ;
#1080 = EDGE_CURVE ( 'NONE', #3137, #1267, #1171, .T. ) ;
#1081 = EDGE_CURVE ( 'NONE', #3300, #4102, #795, .T. ) ;
#1082 = SURFACE_STYLE_FILL_AREA ( #3580 ) ;
#1083 = ORIENTED_EDGE ( 'NONE', *, *, #627, .T. ) ;
#1084 = SURFACE_STYLE_FILL_AREA ( #3638 ) ;
#1085 = VECTOR ( 'NONE', #1944, 1000.000000000000000 ) ;
#1086 = FILL_AREA_STYLE_COLOUR ( '', #3598 ) ;
#1087 = SURFACE_STYLE_USAGE ( .BOTH. , #3301 ) ;
#1088 =( NAMED_UNIT ( * ) PLANE_ANGLE_UNIT ( ) SI_UNIT ( $, .RADIAN. ) );
#1089 = ORIENTED_EDGE ( 'NONE', *, *, #2445, .F. ) ;
#1090 = VECTOR ( 'NONE', #2227, 1000.000000000000000 ) ;
#1091 = ORIENTED_EDGE ( 'NONE', *, *, #1054, .T. ) ;
#1092 = AXIS2_PLACEMENT_3D ( 'NONE', #1394, #2885, #4198 ) ;
#1093 = CIRCLE ( 'NONE', #3288, 0.2500000000000002220 ) ;
#1094 = DIRECTION ( 'NONE',  ( 0.000000000000000000, 0.000000000000000000, -1.000000000000000000 ) ) ;
#1095 = VECTOR ( 'NONE', #3473, 1000.000000000000000 ) ;
#1096 = FILL_AREA_STYLE ('',( #4048 ) ) ;
#1097 = DIRECTION ( 'NONE',  ( 0.000000000000000000, 1.000000000000000000, 0.000000000000000000 ) ) ;
#1098 =( LENGTH_UNIT ( ) NAMED_UNIT ( * ) SI_UNIT ( .MILLI., .METRE. ) );
#1099 =( LENGTH_UNIT ( ) NAMED_UNIT ( * ) SI_UNIT ( .MILLI., .METRE. ) );
#1100 = LINE ( 'NONE', #3017, #1903 ) ;
#1101 = EDGE_LOOP ( 'NONE', ( #3529, #3506, #236, #1407 ) ) ;
#1102 = SURFACE_STYLE_FILL_AREA ( #2791 ) ;
#1103 = PRESENTATION_STYLE_ASSIGNMENT (( #67 ) ) ;
#1104 = CYLINDRICAL_SURFACE ( 'NONE', #1348, 0.5000000000000000000 ) ;
#1105 = ORIENTED_EDGE ( 'NONE', *, *, #1792, .F. ) ;
#1106 = FACE_BOUND ( 'NONE', #1697, .T. ) ;
#1107 = DIRECTION ( 'NONE',  ( 1.000000000000000000, -0.000000000000000000, 0.000000000000000000 ) ) ;
#1108 = ADVANCED_FACE ( 'NONE', ( #1918 ), #3423, .T. ) ;
#1109 = LINE ( 'NONE', #753, #2469 ) ;
#1110 = CARTESIAN_POINT ( 'NONE',  ( 0.000000000000000000, 0.000000000000000000, -5.900000000000000355 ) ) ;
#1111 = ORIENTED_EDGE ( 'NONE', *, *, #380, .F. ) ;
#1112 = ORIENTED_EDGE ( 'NONE', *, *, #3684, .F. ) ;
#1113 = ADVANCED_FACE ( 'NONE', ( #1129 ), #600, .T. ) ;
#1114 = DIRECTION ( 'NONE',  ( 0.000000000000000000, 0.000000000000000000, 1.000000000000000000 ) ) ;
#1115 =( NAMED_UNIT ( * ) PLANE_ANGLE_UNIT ( ) SI_UNIT ( $, .RADIAN. ) );
#1116 = PLANE ( 'NONE',  #3026 ) ;
#1117 = SURFACE_STYLE_FILL_AREA ( #4146 ) ;
#1118 = FACE_OUTER_BOUND ( 'NONE', #430, .T. ) ;
#1119 = FILL_AREA_STYLE ('',( #83 ) ) ;
#1120 = CARTESIAN_POINT ( 'NONE',  ( 5.489999999999998437, 6.511776695296637385, -5.666776695296637634 ) ) ;
#1121 = ORIENTED_EDGE ( 'NONE', *, *, #906, .F. ) ;
#1122 =( NAMED_UNIT ( * ) PLANE_ANGLE_UNIT ( ) SI_UNIT ( $, .RADIAN. ) );
#1123 = LINE ( 'NONE', #814, #2087 ) ;
#1124 = VERTEX_POINT ( 'NONE', #1895 ) ;
#1125 = AXIS2_PLACEMENT_3D ( 'NONE', #2851, #1593, #1635 ) ;
#1126 =( NAMED_UNIT ( * ) PLANE_ANGLE_UNIT ( ) SI_UNIT ( $, .RADIAN. ) );
#1127 = CARTESIAN_POINT ( 'NONE',  ( -6.700000000000000178, 0.000000000000000000, 0.8800000000000000044 ) ) ;
#1128 = PLANE ( 'NONE',  #2696 ) ;
#1129 = FACE_OUTER_BOUND ( 'NONE', #1199, .T. ) ;
#1130 = CARTESIAN_POINT ( 'NONE',  ( 0.8800000000000000044, 1.409999999999999920, 5.900000000000000355 ) ) ;
#1131 = EDGE_LOOP ( 'NONE', ( #4058, #1264, #4228, #2233 ) ) ;
#1132 = PRESENTATION_LAYER_ASSIGNMENT (  '', '', ( #2432 ) ) ;
#1133 = ORIENTED_EDGE ( 'NONE', *, *, #2527, .T. ) ;
#1134 = COLOUR_RGB ( '',0.7921568627450980005, 0.8196078431372548767, 0.9333333333333333481 ) ;
#1135 = LINE ( 'NONE', #2422, #3947 ) ;
#1136 = PRESENTATION_LAYER_ASSIGNMENT (  '', '', ( #1951 ) ) ;
#1137 = STYLED_ITEM ( 'NONE', ( #476 ), #1113 ) ;
#1138 = DIRECTION ( 'NONE',  ( -0.000000000000000000, 1.000000000000000000, 0.000000000000000000 ) ) ;
#1139 = EDGE_CURVE ( 'NONE', #4178, #2060, #3758, .T. ) ;
#1140 = ADVANCED_FACE ( 'NONE', ( #3158, #2874 ), #1871, .T. ) ;
#1141 = AXIS2_PLACEMENT_3D ( 'NONE', #1787, #3060, #3721 ) ;
#1142 = CARTESIAN_POINT ( 'NONE',  ( 0.000000000000000000, 6.584999999999999964, 0.000000000000000000 ) ) ;
#1143 = DIRECTION ( 'NONE',  ( 0.000000000000000000, -0.000000000000000000, 1.000000000000000000 ) ) ;
#1144 = CARTESIAN_POINT ( 'NONE',  ( 0.000000000000000000, 0.000000000000000000, 5.740000000000000213 ) ) ;
#1145 = SURFACE_SIDE_STYLE ('',( #234 ) ) ;
#1146 = FILL_AREA_STYLE ('',( #764 ) ) ;
#1147 =( GEOMETRIC_REPRESENTATION_CONTEXT ( 3 ) GLOBAL_UNCERTAINTY_ASSIGNED_CONTEXT ( ( #3643 ) ) GLOBAL_UNIT_ASSIGNED_CONTEXT ( ( #1597, #1920, #1287 ) ) REPRESENTATION_CONTEXT ( 'NONE', 'WORKASPACE' ) );
#1148 = PRESENTATION_STYLE_ASSIGNMENT (( #1048 ) ) ;
#1149 = ORIENTED_EDGE ( 'NONE', *, *, #1428, .T. ) ;
#1150 = CARTESIAN_POINT ( 'NONE',  ( 5.489999999999992220, 6.615410311702255797, -5.414906099201961531 ) ) ;
#1151 = SURFACE_SIDE_STYLE ('',( #3790 ) ) ;
#1152 =( GEOMETRIC_REPRESENTATION_CONTEXT ( 3 ) GLOBAL_UNCERTAINTY_ASSIGNED_CONTEXT ( ( #3135 ) ) GLOBAL_UNIT_ASSIGNED_CONTEXT ( ( #2821, #3453, #509 ) ) REPRESENTATION_CONTEXT ( 'NONE', 'WORKASPACE' ) );
#1153 = PRESENTATION_LAYER_ASSIGNMENT (  '', '', ( #469 ) ) ;
#1154 =( NAMED_UNIT ( * ) SI_UNIT ( $, .STERADIAN. ) SOLID_ANGLE_UNIT ( ) );
#1155 = ORIENTED_EDGE ( 'NONE', *, *, #3998, .T. ) ;
#1156 = CARTESIAN_POINT ( 'NONE',  ( 0.000000000000000000, 0.000000000000000000, -0.8800000000000000044 ) ) ;
#1157 = UNCERTAINTY_MEASURE_WITH_UNIT (LENGTH_MEASURE( 1.000000000000000082E-05 ), #352, 'distance_accuracy_value', 'NONE');
#1158 = PRESENTATION_STYLE_ASSIGNMENT (( #1752 ) ) ;
#1159 = ORIENTED_EDGE ( 'NONE', *, *, #3407, .F. ) ;
#1160 = AXIS2_PLACEMENT_3D ( 'NONE', #3238, #3302, #1667 ) ;
#1161 = DIRECTION ( 'NONE',  ( -0.000000000000000000, 1.000000000000000000, 0.000000000000000000 ) ) ;
#1162 = CARTESIAN_POINT ( 'NONE',  ( -5.740000000000000213, 0.000000000000000000, -1.635999999999999899 ) ) ;
#1163 = STYLED_ITEM ( 'NONE', ( #1865 ), #2203 ) ;
#1164 = CYLINDRICAL_SURFACE ( 'NONE', #2918, 0.5000000000000000000 ) ;
#1165 = SURFACE_STYLE_USAGE ( .BOTH. , #458 ) ;
#1166 = EDGE_CURVE ( 'NONE', #1462, #2387, #3893, .T. ) ;
#1167 = FILL_AREA_STYLE ('',( #1467 ) ) ;
#1168 = ADVANCED_FACE ( 'NONE', ( #1308 ), #3577, .T. ) ;
#1169 = SURFACE_STYLE_USAGE ( .BOTH. , #1205 ) ;
#1170 = VECTOR ( 'NONE', #215, 1000.000000000000000 ) ;
#1171 = CIRCLE ( 'NONE', #1717, 0.2500000000000002220 ) ;
#1172 = ORIENTED_EDGE ( 'NONE', *, *, #1583, .T. ) ;
#1173 = FACE_OUTER_BOUND ( 'NONE', #2578, .T. ) ;
#1174 = CARTESIAN_POINT ( 'NONE',  ( 5.741379439399342033, 6.437658205452109428, -5.592658205452107900 ) ) ;
#1175 = UNCERTAINTY_MEASURE_WITH_UNIT (LENGTH_MEASURE( 1.000000000000000082E-05 ), #2139, 'distance_accuracy_value', 'NONE');
#1176 = EDGE_LOOP ( 'NONE', ( #1789, #2541, #2817, #3230 ) ) ;
#1177 = PRESENTATION_STYLE_ASSIGNMENT (( #2088 ) ) ;
#1178 = CARTESIAN_POINT ( 'NONE',  ( 0.000000000000000000, 0.000000000000000000, -5.740000000000000213 ) ) ;
#1179 = DIRECTION ( 'NONE',  ( 0.000000000000000000, -0.000000000000000000, 1.000000000000000000 ) ) ;
#1180 = ORIENTED_EDGE ( 'NONE', *, *, #2202, .T. ) ;
#1181 = UNCERTAINTY_MEASURE_WITH_UNIT (LENGTH_MEASURE( 1.000000000000000082E-05 ), #744, 'distance_accuracy_value', 'NONE');
#1182 = FACE_OUTER_BOUND ( 'NONE', #1534, .T. ) ;
#1183 = EDGE_LOOP ( 'NONE', ( #1149, #1391, #2875, #440 ) ) ;
#1184 = DIRECTION ( 'NONE',  ( 0.000000000000000000, -0.000000000000000000, 1.000000000000000000 ) ) ;
#1185 = CARTESIAN_POINT ( 'NONE',  ( -5.740000000000000213, 6.334999999999999964, -1.635999999999999899 ) ) ;
#1186 = CARTESIAN_POINT ( 'NONE',  ( -5.900000000000000355, 1.409999999999999920, 0.8800000000000000044 ) ) ;
#1187 = FACE_OUTER_BOUND ( 'NONE', #2370, .T. ) ;
#1188 = CARTESIAN_POINT ( 'NONE',  ( 5.490000000000000213, 6.334999999999999964, -5.490000000000000213 ) ) ;
#1189 = ORIENTED_EDGE ( 'NONE', *, *, #2135, .F. ) ;
#1190 = CARTESIAN_POINT ( 'NONE',  ( 1.149999999999999911, 0.3549999999999999822, 5.900000000000000355 ) ) ;
#1191 = LINE ( 'NONE', #3811, #3327 ) ;
#1192 = FILL_AREA_STYLE_COLOUR ( '', #4021 ) ;
#1193 = UNCERTAINTY_MEASURE_WITH_UNIT (LENGTH_MEASURE( 1.000000000000000082E-05 ), #396, 'distance_accuracy_value', 'NONE');
#1194 = VERTEX_POINT ( 'NONE', #3649 ) ;
#1195 = EDGE_CURVE ( 'NONE', #444, #1415, #1, .T. ) ;
#1196 = EDGE_CURVE ( 'NONE', #2154, #2508, #2516, .T. ) ;
#1197 = CARTESIAN_POINT ( 'NONE',  ( -0.6500000000000001332, 1.054999999999999938, 25.19629199999999969 ) ) ;
#1198 = FACE_OUTER_BOUND ( 'NONE', #3097, .T. ) ;
#1199 = EDGE_LOOP ( 'NONE', ( #231, #212, #2053, #1089 ) ) ;
#1200 = AXIS2_PLACEMENT_3D ( 'NONE', #1690, #71, #3371 ) ;
#1201 = ORIENTED_EDGE ( 'NONE', *, *, #2273, .T. ) ;
#1202 = PRESENTATION_LAYER_ASSIGNMENT (  '', '', ( #3254 ) ) ;
#1203 =( NAMED_UNIT ( * ) SI_UNIT ( $, .STERADIAN. ) SOLID_ANGLE_UNIT ( ) );
#1204 = FILL_AREA_STYLE_COLOUR ( '', #1289 ) ;
#1205 = SURFACE_SIDE_STYLE ('',( #4116 ) ) ;
#1206 = STYLED_ITEM ( 'NONE', ( #2891 ), #353 ) ;
#1207 = PRESENTATION_LAYER_ASSIGNMENT (  '', '', ( #2505 ) ) ;
#1208 = ORIENTED_EDGE ( 'NONE', *, *, #1606, .F. ) ;
#1209 = FILL_AREA_STYLE_COLOUR ( '', #2784 ) ;
#1210 = DIRECTION ( 'NONE',  ( 0.000000000000000000, 0.000000000000000000, -1.000000000000000000 ) ) ;
#1211 = CIRCLE ( 'NONE', #3609, 0.4999999999999998890 ) ;
#1212 = PRESENTATION_LAYER_ASSIGNMENT (  '', '', ( #463 ) ) ;
#1213 = SURFACE_STYLE_USAGE ( .BOTH. , #238 ) ;
#1214 = SURFACE_STYLE_USAGE ( .BOTH. , #898 ) ;
#1215 = ORIENTED_EDGE ( 'NONE', *, *, #776, .T. ) ;
#1216 = PRESENTATION_LAYER_ASSIGNMENT (  '', '', ( #2643 ) ) ;
#1217 = CARTESIAN_POINT ( 'NONE',  ( 0.000000000000000000, 1.409999999999999920, 0.000000000000000000 ) ) ;
#1218 = DIRECTION ( 'NONE',  ( 1.000000000000000000, 0.000000000000000000, 0.000000000000000000 ) ) ;
#1219 = EDGE_CURVE ( 'NONE', #143, #2008, #2921, .T. ) ;
#1220 = ADVANCED_FACE ( 'NONE', ( #990 ), #2605, .T. ) ;
#1221 = AXIS2_PLACEMENT_3D ( 'NONE', #1656, #2619, #1619 ) ;
#1222 = VERTEX_POINT ( 'NONE', #515 ) ;
#1223 = UNCERTAINTY_MEASURE_WITH_UNIT (LENGTH_MEASURE( 1.000000000000000082E-05 ), #1639, 'distance_accuracy_value', 'NONE');
#1224 = PRESENTATION_STYLE_ASSIGNMENT (( #3801 ) ) ;
#1225 = CARTESIAN_POINT ( 'NONE',  ( 0.8800000000000000044, 1.409999999999999920, 6.985000000000000320 ) ) ;
#1226 = ORIENTED_EDGE ( 'NONE', *, *, #3204, .F. ) ;
#1227 = PLANE ( 'NONE',  #64 ) ;
#1228 = FILL_AREA_STYLE_COLOUR ( '', #3907 ) ;
#1229 =( NAMED_UNIT ( * ) SI_UNIT ( $, .STERADIAN. ) SOLID_ANGLE_UNIT ( ) );
#1230 = COLOUR_RGB ( '',0.2509803921568627416, 0.2509803921568627416, 0.2509803921568627416 ) ;
#1231 = ORIENTED_EDGE ( 'NONE', *, *, #671, .T. ) ;
#1232 = DIRECTION ( 'NONE',  ( -1.000000000000000000, -0.000000000000000000, -0.000000000000000000 ) ) ;
#1233 = DIRECTION ( 'NONE',  ( 0.000000000000000000, 0.000000000000000000, 1.000000000000000000 ) ) ;
#1234 = STYLED_ITEM ( 'NONE', ( #637 ), #2624 ) ;
#1235 = FACE_OUTER_BOUND ( 'NONE', #3443, .T. ) ;
#1236 = SURFACE_SIDE_STYLE ('',( #2853 ) ) ;
#1237 = ORIENTED_EDGE ( 'NONE', *, *, #2938, .T. ) ;
#1238 = FILL_AREA_STYLE_COLOUR ( '', #3820 ) ;
#1239 =( GEOMETRIC_REPRESENTATION_CONTEXT ( 3 ) GLOBAL_UNCERTAINTY_ASSIGNED_CONTEXT ( ( #44 ) ) GLOBAL_UNIT_ASSIGNED_CONTEXT ( ( #3261, #2277, #1885 ) ) REPRESENTATION_CONTEXT ( 'NONE', 'WORKASPACE' ) );
#1240 = FACE_OUTER_BOUND ( 'NONE', #1714, .T. ) ;
#1241 = FILL_AREA_STYLE_COLOUR ( '', #2352 ) ;
#1242 = DIRECTION ( 'NONE',  ( 0.000000000000000000, 0.000000000000000000, 1.000000000000000000 ) ) ;
#1243 = ORIENTED_EDGE ( 'NONE', *, *, #3291, .T. ) ;
#1244 = EDGE_CURVE ( 'NONE', #2672, #2690, #2724, .T. ) ;
#1245 = ADVANCED_FACE ( 'NONE', ( #2680 ), #491, .T. ) ;
#1246 = CARTESIAN_POINT ( 'NONE',  ( -5.489999999999992220, 6.615410311702255797, 5.414906099201961531 ) ) ;
#1247 = DIRECTION ( 'NONE',  ( 0.7071067811865475727, -0.7071067811865475727, 0.000000000000000000 ) ) ;
#1248 = EDGE_CURVE ( 'NONE', #2081, #798, #3200, .T. ) ;
#1249 = VERTEX_POINT ( 'NONE', #1120 ) ;
#1250 =( NAMED_UNIT ( * ) SI_UNIT ( $, .STERADIAN. ) SOLID_ANGLE_UNIT ( ) );
#1251 = SURFACE_STYLE_FILL_AREA ( #1061 ) ;
#1252 = DIRECTION ( 'NONE',  ( 0.000000000000000000, -0.7071067811865475727, -0.7071067811865475727 ) ) ;
#1253 =( GEOMETRIC_REPRESENTATION_CONTEXT ( 3 ) GLOBAL_UNCERTAINTY_ASSIGNED_CONTEXT ( ( #4138 ) ) GLOBAL_UNIT_ASSIGNED_CONTEXT ( ( #356, #2995, #332 ) ) REPRESENTATION_CONTEXT ( 'NONE', 'WORKASPACE' ) );
#1254 = ORIENTED_EDGE ( 'NONE', *, *, #958, .F. ) ;
#1255 =( LENGTH_UNIT ( ) NAMED_UNIT ( * ) SI_UNIT ( .MILLI., .METRE. ) );
#1256 = DIRECTION ( 'NONE',  ( 0.000000000000000000, -0.000000000000000000, 1.000000000000000000 ) ) ;
#1257 = CARTESIAN_POINT ( 'NONE',  ( -5.490000000000001101, 6.511776695296637385, 5.666776695296637634 ) ) ;
#1258 = CARTESIAN_POINT ( 'NONE',  ( 5.490000000000001990, 6.511776695296638273, -5.666776695296638522 ) ) ;
#1259 = SURFACE_STYLE_USAGE ( .BOTH. , #1236 ) ;
#1260 = VERTEX_POINT ( 'NONE', #3383 ) ;
#1261 =( NAMED_UNIT ( * ) PLANE_ANGLE_UNIT ( ) SI_UNIT ( $, .RADIAN. ) );
#1262 = PLANE ( 'NONE',  #1277 ) ;
#1263 = CARTESIAN_POINT ( 'NONE',  ( -1.149999999999999911, -0.1449999999999999900, -6.700000000000000178 ) ) ;
#1264 = ORIENTED_EDGE ( 'NONE', *, *, #1844, .T. ) ;
#1265 = COLOUR_RGB ( '',0.2509803921568627416, 0.2509803921568627416, 0.2509803921568627416 ) ;
#1266 = CARTESIAN_POINT ( 'NONE',  ( 0.6500000000000001332, 1.554999999999999938, 5.899999999999999467 ) ) ;
#1267 = VERTEX_POINT ( 'NONE', #3087 ) ;
#1268 = COLOUR_RGB ( '',0.2509803921568627416, 0.2509803921568627416, 0.2509803921568627416 ) ;
#1269 = DIRECTION ( 'NONE',  ( 1.000000000000000000, 0.000000000000000000, 0.000000000000000000 ) ) ;
#1270 = FACE_OUTER_BOUND ( 'NONE', #3858, .T. ) ;
#1271 = DIRECTION ( 'NONE',  ( 0.000000000000000000, 0.000000000000000000, -1.000000000000000000 ) ) ;
#1272 = VECTOR ( 'NONE', #2754, 1000.000000000000000 ) ;
#1273 = EDGE_CURVE ( 'NONE', #659, #50, #150, .T. ) ;
#1274 = EDGE_CURVE ( 'NONE', #3906, #3105, #765, .T. ) ;
#1275 = CARTESIAN_POINT ( 'NONE',  ( -6.700000000000001066, 1.554999999999999938, -0.6500000000000000222 ) ) ;
#1276 = AXIS2_PLACEMENT_3D ( 'NONE', #1975, #311, #1323 ) ;
#1277 = AXIS2_PLACEMENT_3D ( 'NONE', #312, #3594, #2955 ) ;
#1278 = ORIENTED_EDGE ( 'NONE', *, *, #1274, .T. ) ;
#1279 = CARTESIAN_POINT ( 'NONE',  ( -6.700000000000001066, 0.3550000000000000377, -1.149999999999999911 ) ) ;
#1280 = SURFACE_STYLE_FILL_AREA ( #3895 ) ;
#1281 = PRESENTATION_LAYER_ASSIGNMENT (  '', '', ( #2631 ) ) ;
#1282 = DIRECTION ( 'NONE',  ( -1.000000000000000000, 0.000000000000000000, 0.000000000000000000 ) ) ;
#1283 =( GEOMETRIC_REPRESENTATION_CONTEXT ( 3 ) GLOBAL_UNCERTAINTY_ASSIGNED_CONTEXT ( ( #1181 ) ) GLOBAL_UNIT_ASSIGNED_CONTEXT ( ( #744, #3387, #1154 ) ) REPRESENTATION_CONTEXT ( 'NONE', 'WORKASPACE' ) );
#1284 = AXIS2_PLACEMENT_3D ( 'NONE', #3762, #3053, #1801 ) ;
#1285 = FILL_AREA_STYLE ('',( #4227 ) ) ;
#1286 = VERTEX_POINT ( 'NONE', #2079 ) ;
#1287 =( NAMED_UNIT ( * ) SI_UNIT ( $, .STERADIAN. ) SOLID_ANGLE_UNIT ( ) );
#1288 = FILL_AREA_STYLE ('',( #1622 ) ) ;
#1289 = COLOUR_RGB ( '',0.2509803921568627416, 0.2509803921568627416, 0.2509803921568627416 ) ;
#1290 = VECTOR ( 'NONE', #2009, 1000.000000000000000 ) ;
#1291 = STYLED_ITEM ( 'NONE', ( #1707 ), #501 ) ;
#1292 = MECHANICAL_DESIGN_GEOMETRIC_PRESENTATION_REPRESENTATION (  '', ( #324 ), #2292 ) ;
#1293 = CARTESIAN_POINT ( 'NONE',  ( -1.149999999999999911, 1.054999999999999938, 5.899999999999999467 ) ) ;
#1294 = ORIENTED_EDGE ( 'NONE', *, *, #1557, .T. ) ;
#1295 = DIRECTION ( 'NONE',  ( -0.000000000000000000, 0.000000000000000000, -1.000000000000000000 ) ) ;
#1296 = PRESENTATION_LAYER_ASSIGNMENT (  '', '', ( #1002 ) ) ;
#1297 = CARTESIAN_POINT ( 'NONE',  ( -5.739988896777236782, 6.436882735051245419, 5.384785152075600045 ) ) ;
#1298 =( NAMED_UNIT ( * ) PLANE_ANGLE_UNIT ( ) SI_UNIT ( $, .RADIAN. ) );
#1299 = COLOUR_RGB ( '',0.2509803921568627416, 0.2509803921568627416, 0.2509803921568627416 ) ;
#1300 = LINE ( 'NONE', #3925, #2804 ) ;
#1301 =( NAMED_UNIT ( * ) SI_UNIT ( $, .STERADIAN. ) SOLID_ANGLE_UNIT ( ) );
#1302 =( GEOMETRIC_REPRESENTATION_CONTEXT ( 3 ) GLOBAL_UNCERTAINTY_ASSIGNED_CONTEXT ( ( #1872 ) ) GLOBAL_UNIT_ASSIGNED_CONTEXT ( ( #1982, #1298, #1651 ) ) REPRESENTATION_CONTEXT ( 'NONE', 'WORKASPACE' ) );
#1303 = DIRECTION ( 'NONE',  ( 1.000000000000000000, 0.000000000000000000, -0.000000000000000000 ) ) ;
#1304 = COLOUR_RGB ( '',0.2509803921568627416, 0.2509803921568627416, 0.2509803921568627416 ) ;
#1305 = PLANE ( 'NONE',  #1125 ) ;
#1306 = EDGE_CURVE ( 'NONE', #2855, #2188, #1100, .T. ) ;
#1307 = FACE_OUTER_BOUND ( 'NONE', #2167, .T. ) ;
#1308 = FACE_OUTER_BOUND ( 'NONE', #494, .T. ) ;
#1309 = MECHANICAL_DESIGN_GEOMETRIC_PRESENTATION_REPRESENTATION (  '', ( #126 ), #2990 ) ;
#1310 = VERTEX_POINT ( 'NONE', #3038 ) ;
#1311 = STYLED_ITEM ( 'NONE', ( #3611 ), #2419 ) ;
#1312 = PLANE ( 'NONE',  #1344 ) ;
#1313 = ORIENTED_EDGE ( 'NONE', *, *, #1000, .T. ) ;
#1314 = VECTOR ( 'NONE', #3700, 1000.000000000000000 ) ;
#1315 = LINE ( 'NONE', #608, #548 ) ;
#1316 =( NAMED_UNIT ( * ) PLANE_ANGLE_UNIT ( ) SI_UNIT ( $, .RADIAN. ) );
#1317 = CARTESIAN_POINT ( 'NONE',  ( 5.771105590733191626, 6.407447799860086057, 5.576428886874449375 ) ) ;
#1318 = DIRECTION ( 'NONE',  ( -1.000000000000000000, -0.000000000000000000, 0.000000000000000000 ) ) ;
#1319 = CARTESIAN_POINT ( 'NONE',  ( 25.19629199999999969, 0.3549999999999999822, 0.6500000000000001332 ) ) ;
#1320 = CARTESIAN_POINT ( 'NONE',  ( -5.900000000000000355, 1.054999999999999938, -1.149999999999999911 ) ) ;
#1321 = PRESENTATION_STYLE_ASSIGNMENT (( #2251 ) ) ;
#1322 = EDGE_LOOP ( 'NONE', ( #1748, #131, #1540, #1051 ) ) ;
#1323 = DIRECTION ( 'NONE',  ( 0.000000000000000000, 0.7071067811865475727, 0.7071067811865475727 ) ) ;
#1324 = EDGE_CURVE ( 'NONE', #2779, #1415, #84, .T. ) ;
#1325 = ADVANCED_FACE ( 'NONE', ( #4030 ), #1074, .T. ) ;
#1326 = ORIENTED_EDGE ( 'NONE', *, *, #3975, .T. ) ;
#1327 = LINE ( 'NONE', #3939, #2963 ) ;
#1328 = FILL_AREA_STYLE ('',( #3908 ) ) ;
#1329 = EDGE_LOOP ( 'NONE', ( #4090, #3039, #3198, #431 ) ) ;
#1330 = UNCERTAINTY_MEASURE_WITH_UNIT (LENGTH_MEASURE( 1.000000000000000082E-05 ), #3428, 'distance_accuracy_value', 'NONE');
#1331 = CARTESIAN_POINT ( 'NONE',  ( -5.740000000000000213, 0.000000000000000000, 0.8800000000000001155 ) ) ;
#1332 = PRESENTATION_STYLE_ASSIGNMENT (( #675 ) ) ;
#1333 = COLOUR_RGB ( '',0.2509803921568627416, 0.2509803921568627416, 0.2509803921568627416 ) ;
#1334 = FILL_AREA_STYLE ('',( #2616 ) ) ;
#1335 = DIRECTION ( 'NONE',  ( 0.000000000000000000, 8.673617379884037444E-16, 1.000000000000000000 ) ) ;
#1336 = SURFACE_STYLE_FILL_AREA ( #1400 ) ;
#1337 = PRESENTATION_LAYER_ASSIGNMENT (  '', '', ( #925 ) ) ;
#1338 = DIRECTION ( 'NONE',  ( 0.000000000000000000, 0.000000000000000000, 1.000000000000000000 ) ) ;
#1339 = ORIENTED_EDGE ( 'NONE', *, *, #1054, .F. ) ;
#1340 = UNCERTAINTY_MEASURE_WITH_UNIT (LENGTH_MEASURE( 1.000000000000000082E-05 ), #936, 'distance_accuracy_value', 'NONE');
#1341 = ORIENTED_EDGE ( 'NONE', *, *, #1685, .F. ) ;
#1342 =( NAMED_UNIT ( * ) SI_UNIT ( $, .STERADIAN. ) SOLID_ANGLE_UNIT ( ) );
#1343 = CIRCLE ( 'NONE', #3112, 0.4999999999999998890 ) ;
#1344 = AXIS2_PLACEMENT_3D ( 'NONE', #663, #2013, #2610 ) ;
#1345 = PRESENTATION_STYLE_ASSIGNMENT (( #378 ) ) ;
#1346 =( NAMED_UNIT ( * ) PLANE_ANGLE_UNIT ( ) SI_UNIT ( $, .RADIAN. ) );
#1347 = ORIENTED_EDGE ( 'NONE', *, *, #3439, .F. ) ;
#1348 = AXIS2_PLACEMENT_3D ( 'NONE', #3440, #787, #2084 ) ;
#1349 = PRESENTATION_LAYER_ASSIGNMENT (  '', '', ( #1064 ) ) ;
#1350 = DIRECTION ( 'NONE',  ( -1.000000000000000000, -0.000000000000000000, -0.000000000000000000 ) ) ;
#1351 = CARTESIAN_POINT ( 'NONE',  ( -6.985000000000000320, 1.409999999999999920, 0.8800000000000000044 ) ) ;
#1352 = EDGE_CURVE ( 'NONE', #2861, #2414, #2166, .T. ) ;
#1353 = EDGE_CURVE ( 'NONE', #1249, #1462, #4172, .T. ) ;
#1354 = CARTESIAN_POINT ( 'NONE',  ( -6.700000000000001066, 0.3549999999999999822, 1.149999999999999911 ) ) ;
#1355 = CARTESIAN_POINT ( 'NONE',  ( -25.19629199999999969, 1.054999999999999938, 1.149999999999999911 ) ) ;
#1356 = FACE_OUTER_BOUND ( 'NONE', #1780, .T. ) ;
#1357 = EDGE_LOOP ( 'NONE', ( #3970, #3494, #114, #1596, #746, #3323, #229, #1742 ) ) ;
#1358 = AXIS2_PLACEMENT_3D ( 'NONE', #146, #857, #1543 ) ;
#1359 =( NAMED_UNIT ( * ) PLANE_ANGLE_UNIT ( ) SI_UNIT ( $, .RADIAN. ) );
#1360 = PLANE ( 'NONE',  #323 ) ;
#1361 = CARTESIAN_POINT ( 'NONE',  ( -4.160876167244000001, 0.000000000000000000, -0.8800000000000000044 ) ) ;
#1362 = AXIS2_PLACEMENT_3D ( 'NONE', #2222, #617, #2186 ) ;
#1363 = CARTESIAN_POINT ( 'NONE',  ( 5.591882735051243003, 6.229785152075602461, 5.739988896777236782 ) ) ;
#1364 = CARTESIAN_POINT ( 'NONE',  ( -5.636446609405878938, 6.585000000000928111, -1.593106781189463028 ) ) ;
#1365 =( LENGTH_UNIT ( ) NAMED_UNIT ( * ) SI_UNIT ( .MILLI., .METRE. ) );
#1366 =( NAMED_UNIT ( * ) PLANE_ANGLE_UNIT ( ) SI_UNIT ( $, .RADIAN. ) );
#1367 =( NAMED_UNIT ( * ) PLANE_ANGLE_UNIT ( ) SI_UNIT ( $, .RADIAN. ) );
#1368 = ORIENTED_EDGE ( 'NONE', *, *, #1692, .F. ) ;
#1369 = MECHANICAL_DESIGN_GEOMETRIC_PRESENTATION_REPRESENTATION (  '', ( #2458 ), #3831 ) ;
#1370 = CARTESIAN_POINT ( 'NONE',  ( 0.8800000000000000044, 0.000000000000000000, -6.700000000000000178 ) ) ;
#1371 = STYLED_ITEM ( 'NONE', ( #381 ), #2074 ) ;
#1372 = SURFACE_SIDE_STYLE ('',( #995 ) ) ;
#1373 = PRESENTATION_STYLE_ASSIGNMENT (( #49 ) ) ;
#1374 = VERTEX_POINT ( 'NONE', #1550 ) ;
#1375 =( NAMED_UNIT ( * ) PLANE_ANGLE_UNIT ( ) SI_UNIT ( $, .RADIAN. ) );
#1376 = VECTOR ( 'NONE', #1039, 1000.000000000000000 ) ;
#1377 = AXIS2_PLACEMENT_3D ( 'NONE', #4129, #555, #532 ) ;
#1378 = ORIENTED_EDGE ( 'NONE', *, *, #1026, .F. ) ;
#1379 = ADVANCED_FACE ( 'NONE', ( #202 ), #558, .F. ) ;
#1380 = MECHANICAL_DESIGN_GEOMETRIC_PRESENTATION_REPRESENTATION (  '', ( #633 ), #2870 ) ;
#1381 = SURFACE_STYLE_USAGE ( .BOTH. , #673 ) ;
#1382 = LINE ( 'NONE', #3400, #3488 ) ;
#1383 = ADVANCED_FACE ( 'NONE', ( #2492 ), #3153, .T. ) ;
#1384 = EDGE_CURVE ( 'NONE', #2044, #2154, #3586, .T. ) ;
#1385 = SURFACE_SIDE_STYLE ('',( #419 ) ) ;
#1386 = CARTESIAN_POINT ( 'NONE',  ( -6.985000000000000320, 0.000000000000000000, -0.8800000000000000044 ) ) ;
#1387 = ORIENTED_EDGE ( 'NONE', *, *, #2328, .T. ) ;
#1388 = CARTESIAN_POINT ( 'NONE',  ( 0.000000000000000000, 1.409999999999999920, 6.700000000000000178 ) ) ;
#1389 = FACE_OUTER_BOUND ( 'NONE', #3693, .T. ) ;
#1390 = FILL_AREA_STYLE ('',( #2644 ) ) ;
#1391 = ORIENTED_EDGE ( 'NONE', *, *, #1196, .T. ) ;
#1392 = DIRECTION ( 'NONE',  ( 0.000000000000000000, 0.000000000000000000, 1.000000000000000000 ) ) ;
#1393 = CARTESIAN_POINT ( 'NONE',  ( -5.900000000000000355, 1.554999999999999938, 0.000000000000000000 ) ) ;
#1394 = CARTESIAN_POINT ( 'NONE',  ( 5.740000000000000213, 0.000000000000000000, -5.740000000000000213 ) ) ;
#1395 = CARTESIAN_POINT ( 'NONE',  ( 5.490000000000000213, 0.000000000000000000, 5.740000000000000213 ) ) ;
#1396 = CARTESIAN_POINT ( 'NONE',  ( 5.740000000000000213, 0.000000000000000000, -5.740000000000000213 ) ) ;
#1397 = ORIENTED_EDGE ( 'NONE', *, *, #2785, .T. ) ;
#1398 = CARTESIAN_POINT ( 'NONE',  ( 6.700000000000001066, 0.3550000000000000377, 1.149999999999999911 ) ) ;
#1399 = PRESENTATION_STYLE_ASSIGNMENT (( #1672 ) ) ;
#1400 = FILL_AREA_STYLE ('',( #2633 ) ) ;
#1401 = EDGE_CURVE ( 'NONE', #3642, #414, #1930, .T. ) ;
#1402 = CARTESIAN_POINT ( 'NONE',  ( -5.900000000000000355, 0.000000000000000000, 0.000000000000000000 ) ) ;
#1403 = EDGE_CURVE ( 'NONE', #1856, #3569, #821, .T. ) ;
#1404 = DIRECTION ( 'NONE',  ( -1.000000000000000000, -0.000000000000000000, -0.000000000000000000 ) ) ;
#1405 = DIRECTION ( 'NONE',  ( 0.000000000000000000, -0.000000000000000000, 1.000000000000000000 ) ) ;
#1406 = VECTOR ( 'NONE', #3882, 1000.000000000000000 ) ;
#1407 = ORIENTED_EDGE ( 'NONE', *, *, #3842, .F. ) ;
#1408 = AXIS2_PLACEMENT_3D ( 'NONE', #3653, #4054, #2639 ) ;
#1409 = CARTESIAN_POINT ( 'NONE',  ( 0.6500000000000000222, 1.554999999999999938, -5.900000000000000355 ) ) ;
#1410 = CARTESIAN_POINT ( 'NONE',  ( -5.899999999999998579, 0.3549999999999999822, -1.149999999999999911 ) ) ;
#1411 = SURFACE_STYLE_FILL_AREA ( #1019 ) ;
#1412 = AXIS2_PLACEMENT_3D ( 'NONE', #2250, #1655, #2305 ) ;
#1413 = COLOUR_RGB ( '',0.2509803921568627416, 0.2509803921568627416, 0.2509803921568627416 ) ;
#1414 = DIRECTION ( 'NONE',  ( -0.000000000000000000, 1.000000000000000000, 0.000000000000000000 ) ) ;
#1415 = VERTEX_POINT ( 'NONE', #3286 ) ;
#1416 = STYLED_ITEM ( 'NONE', ( #2886 ), #648 ) ;
#1417 = MECHANICAL_DESIGN_GEOMETRIC_PRESENTATION_REPRESENTATION (  '', ( #463 ), #3955 ) ;
#1418 = PRESENTATION_STYLE_ASSIGNMENT (( #123 ) ) ;
#1419 = STYLED_ITEM ( 'NONE', ( #1224 ), #849 ) ;
#1420 = VECTOR ( 'NONE', #1445, 1000.000000000000114 ) ;
#1421 = CARTESIAN_POINT ( 'NONE',  ( -0.6500000000000001332, 0.3549999999999999822, -5.899999999999998579 ) ) ;
#1422 = DIRECTION ( 'NONE',  ( 1.000000000000000000, 0.000000000000000000, 0.000000000000000000 ) ) ;
#1423 = DIRECTION ( 'NONE',  ( 1.000000000000000000, 0.000000000000000000, 0.000000000000000000 ) ) ;
#1424 = DIRECTION ( 'NONE',  ( -1.000000000000000000, 0.000000000000000000, 0.000000000000000000 ) ) ;
#1425 = CARTESIAN_POINT ( 'NONE',  ( 5.739999999999999325, 0.000000000000000000, 0.8800000000000000044 ) ) ;
#1426 =( GEOMETRIC_REPRESENTATION_CONTEXT ( 3 ) GLOBAL_UNCERTAINTY_ASSIGNED_CONTEXT ( ( #2112 ) ) GLOBAL_UNIT_ASSIGNED_CONTEXT ( ( #4132, #3787, #3849 ) ) REPRESENTATION_CONTEXT ( 'NONE', 'WORKASPACE' ) );
#1427 = SURFACE_SIDE_STYLE ('',( #3703 ) ) ;
#1428 = EDGE_CURVE ( 'NONE', #1851, #2154, #1028, .T. ) ;
#1429 = VERTEX_POINT ( 'NONE', #3927 ) ;
#1430 = PLANE ( 'NONE',  #2159 ) ;
#1431 = AXIS2_PLACEMENT_3D ( 'NONE', #2575, #349, #651 ) ;
#1432 = FILL_AREA_STYLE_COLOUR ( '', #4232 ) ;
#1433 = VECTOR ( 'NONE', #2778, 1000.000000000000000 ) ;
#1434 = SURFACE_STYLE_FILL_AREA ( #1390 ) ;
#1435 = ORIENTED_EDGE ( 'NONE', *, *, #1458, .F. ) ;
#1436 = EDGE_CURVE ( 'NONE', #2831, #120, #2322, .T. ) ;
#1437 =( LENGTH_UNIT ( ) NAMED_UNIT ( * ) SI_UNIT ( .MILLI., .METRE. ) );
#1438 = DIRECTION ( 'NONE',  ( 0.000000000000000000, -0.000000000000000000, 1.000000000000000000 ) ) ;
#1439 =( NAMED_UNIT ( * ) SI_UNIT ( $, .STERADIAN. ) SOLID_ANGLE_UNIT ( ) );
#1440 = VERTEX_POINT ( 'NONE', #2887 ) ;
#1441 = VERTEX_POINT ( 'NONE', #3646 ) ;
#1442 =( GEOMETRIC_REPRESENTATION_CONTEXT ( 3 ) GLOBAL_UNCERTAINTY_ASSIGNED_CONTEXT ( ( #2308 ) ) GLOBAL_UNIT_ASSIGNED_CONTEXT ( ( #1495, #3785, #844 ) ) REPRESENTATION_CONTEXT ( 'NONE', 'WORKASPACE' ) );
#1443 = AXIS2_PLACEMENT_3D ( 'NONE', #3566, #1927, #2593 ) ;
#1444 = DIRECTION ( 'NONE',  ( 1.000000000000000000, -0.000000000000000000, 0.000000000000000000 ) ) ;
#1445 = DIRECTION ( 'NONE',  ( 0.7071067811865474617, -0.000000000000000000, -0.7071067811865474617 ) ) ;
#1446 = DIRECTION ( 'NONE',  ( 0.000000000000000000, -0.000000000000000000, 1.000000000000000000 ) ) ;
#1447 = FACE_OUTER_BOUND ( 'NONE', #24, .T. ) ;
#1448 = VERTEX_POINT ( 'NONE', #1275 ) ;
#1449 = PRESENTATION_STYLE_ASSIGNMENT (( #2108 ) ) ;
#1450 = CARTESIAN_POINT ( 'NONE',  ( 5.740000000000000213, 0.000000000000000000, 5.490000000000000213 ) ) ;
#1451 = FILL_AREA_STYLE ('',( #135 ) ) ;
#1452 = CARTESIAN_POINT ( 'NONE',  ( -25.19629199999999969, 0.3549999999999999822, -1.149999999999999911 ) ) ;
#1453 = ORIENTED_EDGE ( 'NONE', *, *, #1517, .T. ) ;
#1454 = SURFACE_SIDE_STYLE ('',( #140 ) ) ;
#1455 = UNCERTAINTY_MEASURE_WITH_UNIT (LENGTH_MEASURE( 1.000000000000000082E-05 ), #1938, 'distance_accuracy_value', 'NONE');
#1456 = DIRECTION ( 'NONE',  ( 0.000000000000000000, 0.000000000000000000, -1.000000000000000000 ) ) ;
#1457 = SURFACE_SIDE_STYLE ('',( #2711 ) ) ;
#1458 = EDGE_CURVE ( 'NONE', #3352, #3317, #4108, .T. ) ;
#1459 =( NAMED_UNIT ( * ) PLANE_ANGLE_UNIT ( ) SI_UNIT ( $, .RADIAN. ) );
#1460 = SURFACE_STYLE_USAGE ( .BOTH. , #3731 ) ;
#1461 = ORIENTED_EDGE ( 'NONE', *, *, #4031, .T. ) ;
#1462 = VERTEX_POINT ( 'NONE', #3240 ) ;
#1463 =( NAMED_UNIT ( * ) SI_UNIT ( $, .STERADIAN. ) SOLID_ANGLE_UNIT ( ) );
#1464 = PLANE ( 'NONE',  #3822 ) ;
#1465 = CYLINDRICAL_SURFACE ( 'NONE', #609, 0.5000000000000000000 ) ;
#1466 = CARTESIAN_POINT ( 'NONE',  ( 0.000000000000000000, 1.409999999999999920, 0.000000000000000000 ) ) ;
#1467 = FILL_AREA_STYLE_COLOUR ( '', #685 ) ;
#1468 = SURFACE_STYLE_USAGE ( .BOTH. , #3362 ) ;
#1469 =( LENGTH_UNIT ( ) NAMED_UNIT ( * ) SI_UNIT ( .MILLI., .METRE. ) );
#1470 = VERTEX_POINT ( 'NONE', #1949 ) ;
#1471 = CARTESIAN_POINT ( 'NONE',  ( 25.19629199999999969, 1.054999999999999938, -1.149999999999999911 ) ) ;
#1472 = FACE_BOUND ( 'NONE', #472, .T. ) ;
#1473 = SURFACE_STYLE_USAGE ( .BOTH. , #2457 ) ;
#1474 = CARTESIAN_POINT ( 'NONE',  ( -6.700000000000000178, 1.554999999999999938, -1.149999999999999911 ) ) ;
#1475 = ORIENTED_EDGE ( 'NONE', *, *, #4156, .T. ) ;
#1476 = CYLINDRICAL_SURFACE ( 'NONE', #2156, 0.2500000000000002220 ) ;
#1477 = CYLINDRICAL_SURFACE ( 'NONE', #3738, 0.4999999999999998890 ) ;
#1478 = SURFACE_STYLE_FILL_AREA ( #3690 ) ;
#1479 = COLOUR_RGB ( '',0.2509803921568627416, 0.2509803921568627416, 0.2509803921568627416 ) ;
#1480 = CARTESIAN_POINT ( 'NONE',  ( 5.490000000000000213, 6.585000000000000853, 25.19629199999999969 ) ) ;
#1481 = ORIENTED_EDGE ( 'NONE', *, *, #2730, .T. ) ;
#1482 = UNCERTAINTY_MEASURE_WITH_UNIT (LENGTH_MEASURE( 1.000000000000000082E-05 ), #4164, 'distance_accuracy_value', 'NONE');
#1483 = EDGE_CURVE ( 'NONE', #414, #182, #1838, .T. ) ;
#1484 = EDGE_CURVE ( 'NONE', #2341, #1778, #1609, .T. ) ;
#1485 = VECTOR ( 'NONE', #2480, 1000.000000000000000 ) ;
#1486 = MECHANICAL_DESIGN_GEOMETRIC_PRESENTATION_REPRESENTATION (  '', ( #1951 ), #3880 ) ;
#1487 = STYLED_ITEM ( 'NONE', ( #3452 ), #2753 ) ;
#1488 =( NAMED_UNIT ( * ) PLANE_ANGLE_UNIT ( ) SI_UNIT ( $, .RADIAN. ) );
#1489 =( BOUNDED_CURVE ( )  B_SPLINE_CURVE ( 3, ( #1760, #2400, #3716, #122 ),
 .UNSPECIFIED., .F., .F. ) 
 B_SPLINE_CURVE_WITH_KNOTS ( ( 4, 4 ),
 ( 1.570796326792785802, 3.141592653589782902 ),
 .UNSPECIFIED. ) 
 CURVE ( )  GEOMETRIC_REPRESENTATION_ITEM ( )  RATIONAL_B_SPLINE_CURVE ( ( 1.000000000000000000, 0.8047378541238698890, 0.8047378541238698890, 1.000000000000000000 ) ) 
 REPRESENTATION_ITEM ( '' )  );
#1490 = FACE_OUTER_BOUND ( 'NONE', #2958, .T. ) ;
#1491 =( GEOMETRIC_REPRESENTATION_CONTEXT ( 3 ) GLOBAL_UNCERTAINTY_ASSIGNED_CONTEXT ( ( #506 ) ) GLOBAL_UNIT_ASSIGNED_CONTEXT ( ( #3497, #1833, #266 ) ) REPRESENTATION_CONTEXT ( 'NONE', 'WORKASPACE' ) );
#1492 =( GEOMETRIC_REPRESENTATION_CONTEXT ( 3 ) GLOBAL_UNCERTAINTY_ASSIGNED_CONTEXT ( ( #1330 ) ) GLOBAL_UNIT_ASSIGNED_CONTEXT ( ( #3428, #508, #1463 ) ) REPRESENTATION_CONTEXT ( 'NONE', 'WORKASPACE' ) );
#1493 =( LENGTH_UNIT ( ) NAMED_UNIT ( * ) SI_UNIT ( .MILLI., .METRE. ) );
#1494 =( LENGTH_UNIT ( ) NAMED_UNIT ( * ) SI_UNIT ( .MILLI., .METRE. ) );
#1495 =( LENGTH_UNIT ( ) NAMED_UNIT ( * ) SI_UNIT ( .MILLI., .METRE. ) );
#1496 = VECTOR ( 'NONE', #3786, 1000.000000000000000 ) ;
#1497 = FILL_AREA_STYLE ('',( #911 ) ) ;
#1498 = ORIENTED_EDGE ( 'NONE', *, *, #2202, .F. ) ;
#1499 = FILL_AREA_STYLE_COLOUR ( '', #1067 ) ;
#1500 = CARTESIAN_POINT ( 'NONE',  ( 0.000000000000000000, 1.409999999999999920, 0.8800000000000000044 ) ) ;
#1501 = PRESENTATION_LAYER_ASSIGNMENT (  '', '', ( #947 ) ) ;
#1502 = ORIENTED_EDGE ( 'NONE', *, *, #3579, .T. ) ;
#1503 =( GEOMETRIC_REPRESENTATION_CONTEXT ( 3 ) GLOBAL_UNCERTAINTY_ASSIGNED_CONTEXT ( ( #3749 ) ) GLOBAL_UNIT_ASSIGNED_CONTEXT ( ( #2636, #679, #3295 ) ) REPRESENTATION_CONTEXT ( 'NONE', 'WORKASPACE' ) );
#1504 = FACE_OUTER_BOUND ( 'NONE', #1936, .T. ) ;
#1505 = CARTESIAN_POINT ( 'NONE',  ( 1.149999999999999911, 0.3549999999999999822, 5.899999999999999467 ) ) ;
#1506 = VECTOR ( 'NONE', #1303, 1000.000000000000000 ) ;
#1507 = CARTESIAN_POINT ( 'NONE',  ( 5.899999999999999467, 1.554999999999999938, 0.6500000000000000222 ) ) ;
#1508 = ORIENTED_EDGE ( 'NONE', *, *, #2257, .T. ) ;
#1509 = DIRECTION ( 'NONE',  ( -0.000000000000000000, -0.000000000000000000, -1.000000000000000000 ) ) ;
#1510 = MECHANICAL_DESIGN_GEOMETRIC_PRESENTATION_REPRESENTATION (  '', ( #1371 ), #3062 ) ;
#1511 = ORIENTED_EDGE ( 'NONE', *, *, #3314, .T. ) ;
#1512 = DIRECTION ( 'NONE',  ( -1.000000000000000000, 0.000000000000000000, 0.000000000000000000 ) ) ;
#1513 = MECHANICAL_DESIGN_GEOMETRIC_PRESENTATION_REPRESENTATION (  '', ( #1311 ), #2244 ) ;
#1514 = LINE ( 'NONE', #866, #1779 ) ;
#1515 =( BOUNDED_SURFACE ( )  B_SPLINE_SURFACE ( 3, 3, ( 
 ( #3329, #2950, #350, #736 ),
 ( #395, #3953, #1317, #2967 ),
 ( #3013, #4023, #3996, #3265 ),
 ( #39, #1363, #678, #1633 ) ),
 .UNSPECIFIED., .F., .F., .F. ) 
 B_SPLINE_SURFACE_WITH_KNOTS ( ( 4, 4 ),
 ( 4, 4 ),
 ( 0.000000000000000000, 1.000000000000000000 ),
 ( 0.000000000000000000, 1.000000000000000000 ),
 .UNSPECIFIED. ) 
 GEOMETRIC_REPRESENTATION_ITEM ( )  RATIONAL_B_SPLINE_SURFACE ( (
 ( 1.000000000000000000, 0.8047378541243611627, 0.8047378541243611627, 1.000000000000000000),
 ( 0.8025111867385926745, 0.6458111303268095904, 0.6458111303268095904, 0.8025111867385926745),
 ( 0.8025111867385926745, 0.6458111303268095904, 0.6458111303268095904, 0.8025111867385926745),
 ( 1.000000000000000000, 0.8047378541243611627, 0.8047378541243611627, 1.000000000000000000) ) ) 
 REPRESENTATION_ITEM ( '' )  SURFACE ( )  );
#1516 = LINE ( 'NONE', #3195, #183 ) ;
#1517 = EDGE_CURVE ( 'NONE', #2381, #607, #3914, .T. ) ;
#1518 = ADVANCED_FACE ( 'NONE', ( #1632 ), #2929, .T. ) ;
#1519 = VECTOR ( 'NONE', #3404, 1000.000000000000000 ) ;
#1520 = ORIENTED_EDGE ( 'NONE', *, *, #1582, .F. ) ;
#1521 = CARTESIAN_POINT ( 'NONE',  ( 5.741379439399343809, 6.437658205452110316, -5.592658205452108788 ) ) ;
#1522 = CARTESIAN_POINT ( 'NONE',  ( 0.6500000000000000222, 1.554999999999999938, -6.700000000000001066 ) ) ;
#1523 = CARTESIAN_POINT ( 'NONE',  ( 5.637543338873777898, 6.450662243297308862, -5.727891147295966157 ) ) ;
#1524 = UNCERTAINTY_MEASURE_WITH_UNIT (LENGTH_MEASURE( 1.000000000000000082E-05 ), #293, 'distance_accuracy_value', 'NONE');
#1525 = EDGE_LOOP ( 'NONE', ( #11, #2893, #530, #3944 ) ) ;
#1526 =( NAMED_UNIT ( * ) PLANE_ANGLE_UNIT ( ) SI_UNIT ( $, .RADIAN. ) );
#1527 = EDGE_LOOP ( 'NONE', ( #1600, #302, #2871, #344 ) ) ;
#1528 = LINE ( 'NONE', #2507, #1704 ) ;
#1529 = ORIENTED_EDGE ( 'NONE', *, *, #1869, .F. ) ;
#1530 = DIRECTION ( 'NONE',  ( -0.000000000000000000, -0.000000000000000000, -1.000000000000000000 ) ) ;
#1531 = FACE_OUTER_BOUND ( 'NONE', #2569, .T. ) ;
#1532 = SURFACE_SIDE_STYLE ('',( #3149 ) ) ;
#1533 =( NAMED_UNIT ( * ) PLANE_ANGLE_UNIT ( ) SI_UNIT ( $, .RADIAN. ) );
#1534 = EDGE_LOOP ( 'NONE', ( #643, #1825, #2802, #3111 ) ) ;
#1535 = ADVANCED_FACE ( 'NONE', ( #3029 ), #3764, .F. ) ;
#1536 = DIRECTION ( 'NONE',  ( -0.000000000000000000, -0.000000000000000000, -1.000000000000000000 ) ) ;
#1537 = ADVANCED_FACE ( 'NONE', ( #3189 ), #3802, .T. ) ;
#1538 = CARTESIAN_POINT ( 'NONE',  ( 0.000000000000000000, 1.409999999999999920, 0.000000000000000000 ) ) ;
#1539 = UNCERTAINTY_MEASURE_WITH_UNIT (LENGTH_MEASURE( 1.000000000000000082E-05 ), #3055, 'distance_accuracy_value', 'NONE');
#1540 = ORIENTED_EDGE ( 'NONE', *, *, #1721, .F. ) ;
#1541 = VECTOR ( 'NONE', #1530, 1000.000000000000000 ) ;
#1542 = VERTEX_POINT ( 'NONE', #2547 ) ;
#1543 = DIRECTION ( 'NONE',  ( -1.000000000000000000, 0.000000000000000000, 0.000000000000000000 ) ) ;
#1544 = DIRECTION ( 'NONE',  ( 0.000000000000000000, 0.000000000000000000, 1.000000000000000000 ) ) ;
#1545 = EDGE_LOOP ( 'NONE', ( #375, #1766, #3247, #1231 ) ) ;
#1546 = AXIS2_PLACEMENT_3D ( 'NONE', #1852, #1536, #3747 ) ;
#1547 = ORIENTED_EDGE ( 'NONE', *, *, #1984, .T. ) ;
#1548 = DIRECTION ( 'NONE',  ( 0.000000000000000000, 0.000000000000000000, 1.000000000000000000 ) ) ;
#1549 =( LENGTH_UNIT ( ) NAMED_UNIT ( * ) SI_UNIT ( .MILLI., .METRE. ) );
#1550 = CARTESIAN_POINT ( 'NONE',  ( -5.899999999999999467, 1.554999999999999938, -0.6500000000000000222 ) ) ;
#1551 = VECTOR ( 'NONE', #2034, 1000.000000000000000 ) ;
#1552 = COLOUR_RGB ( '',0.2509803921568627416, 0.2509803921568627416, 0.2509803921568627416 ) ;
#1553 = ORIENTED_EDGE ( 'NONE', *, *, #1559, .F. ) ;
#1554 = DIRECTION ( 'NONE',  ( -0.000000000000000000, 1.000000000000000000, 0.000000000000000000 ) ) ;
#1555 =( GEOMETRIC_REPRESENTATION_CONTEXT ( 3 ) GLOBAL_UNCERTAINTY_ASSIGNED_CONTEXT ( ( #3185 ) ) GLOBAL_UNIT_ASSIGNED_CONTEXT ( ( #3285, #929, #3585 ) ) REPRESENTATION_CONTEXT ( 'NONE', 'WORKASPACE' ) );
#1556 = FILL_AREA_STYLE ('',( #3176 ) ) ;
#1557 = EDGE_CURVE ( 'NONE', #1590, #3799, #2841, .T. ) ;
#1558 = ORIENTED_EDGE ( 'NONE', *, *, #194, .F. ) ;
#1559 = EDGE_CURVE ( 'NONE', #1811, #2353, #3495, .T. ) ;
#1560 = DIRECTION ( 'NONE',  ( 1.000000000000000000, 0.000000000000000000, -0.000000000000000000 ) ) ;
#1561 = VERTEX_POINT ( 'NONE', #4143 ) ;
#1562 = AXIS2_PLACEMENT_3D ( 'NONE', #2402, #2694, #3995 ) ;
#1563 = UNCERTAINTY_MEASURE_WITH_UNIT (LENGTH_MEASURE( 1.000000000000000082E-05 ), #3109, 'distance_accuracy_value', 'NONE');
#1564 = PRODUCT_DEFINITION_FORMATION_WITH_SPECIFIED_SOURCE ( 'ANY', '', #3519, .NOT_KNOWN. ) ;
#1565 =( NAMED_UNIT ( * ) PLANE_ANGLE_UNIT ( ) SI_UNIT ( $, .RADIAN. ) );
#1566 = VECTOR ( 'NONE', #2397, 1000.000000000000000 ) ;
#1567 = VERTEX_POINT ( 'NONE', #1225 ) ;
#1568 = AXIS2_PLACEMENT_3D ( 'NONE', #1713, #2731, #789 ) ;
#1569 = CARTESIAN_POINT ( 'NONE',  ( 0.8800000000000000044, 0.000000000000000000, 6.985000000000000320 ) ) ;
#1570 = PRESENTATION_LAYER_ASSIGNMENT (  '', '', ( #2306 ) ) ;
#1571 = ORIENTED_EDGE ( 'NONE', *, *, #1922, .T. ) ;
#1572 = CARTESIAN_POINT ( 'NONE',  ( 5.490000000000000213, 0.000000000000000000, 5.490000000000000213 ) ) ;
#1573 = DIRECTION ( 'NONE',  ( 0.000000000000000000, 1.000000000000000000, 0.000000000000000000 ) ) ;
#1574 = DIRECTION ( 'NONE',  ( 0.000000000000000000, 0.000000000000000000, -1.000000000000000000 ) ) ;
#1575 = EDGE_LOOP ( 'NONE', ( #2006, #840, #4118, #4221 ) ) ;
#1576 = FILL_AREA_STYLE ('',( #4254 ) ) ;
#1577 = MECHANICAL_DESIGN_GEOMETRIC_PRESENTATION_REPRESENTATION (  '', ( #1783 ), #2777 ) ;
#1578 = SURFACE_STYLE_USAGE ( .BOTH. , #271 ) ;
#1579 =( NAMED_UNIT ( * ) PLANE_ANGLE_UNIT ( ) SI_UNIT ( $, .RADIAN. ) );
#1580 = ORIENTED_EDGE ( 'NONE', *, *, #834, .T. ) ;
#1581 = DIRECTION ( 'NONE',  ( 1.000000000000000000, 0.000000000000000000, 0.000000000000000000 ) ) ;
#1582 = EDGE_CURVE ( 'NONE', #2114, #2353, #2988, .T. ) ;
#1583 = EDGE_CURVE ( 'NONE', #1034, #2044, #1528, .T. ) ;
#1584 = PRESENTATION_STYLE_ASSIGNMENT (( #2546 ) ) ;
#1585 = CARTESIAN_POINT ( 'NONE',  ( 5.488533432351154318, 6.541782978553065675, 5.741379439399344697 ) ) ;
#1586 = ORIENTED_EDGE ( 'NONE', *, *, #906, .T. ) ;
#1587 = LINE ( 'NONE', #366, #1376 ) ;
#1588 = SURFACE_SIDE_STYLE ('',( #281 ) ) ;
#1589 = DIRECTION ( 'NONE',  ( 0.000000000000000000, -1.000000000000000000, -0.000000000000000000 ) ) ;
#1590 = VERTEX_POINT ( 'NONE', #166 ) ;
#1591 = DIRECTION ( 'NONE',  ( -1.000000000000000000, 0.000000000000000000, 0.000000000000000000 ) ) ;
#1592 = PRODUCT_DEFINITION_SHAPE ( 'NONE', 'NONE',  #2497 ) ;
#1593 = DIRECTION ( 'NONE',  ( -1.000000000000000000, 0.000000000000000000, 0.000000000000000000 ) ) ;
#1594 = CARTESIAN_POINT ( 'NONE',  ( -5.741379439399342033, 6.437658205452109428, 5.592658205452107900 ) ) ;
#1595 = SURFACE_STYLE_USAGE ( .BOTH. , #3931 ) ;
#1596 = ORIENTED_EDGE ( 'NONE', *, *, #2479, .T. ) ;
#1597 =( LENGTH_UNIT ( ) NAMED_UNIT ( * ) SI_UNIT ( .MILLI., .METRE. ) );
#1598 = DIRECTION ( 'NONE',  ( -1.000000000000000000, 0.000000000000000000, 0.000000000000000000 ) ) ;
#1599 = CARTESIAN_POINT ( 'NONE',  ( 6.700000000000001066, 1.054999999999999938, -1.149999999999999911 ) ) ;
#1600 = ORIENTED_EDGE ( 'NONE', *, *, #3463, .T. ) ;
#1601 = DIRECTION ( 'NONE',  ( 0.000000000000000000, 0.000000000000000000, 1.000000000000000000 ) ) ;
#1602 = COLOUR_RGB ( '',0.2509803921568627416, 0.2509803921568627416, 0.2509803921568627416 ) ;
#1603 =( NAMED_UNIT ( * ) SI_UNIT ( $, .STERADIAN. ) SOLID_ANGLE_UNIT ( ) );
#1604 = SURFACE_SIDE_STYLE ('',( #3280 ) ) ;
#1605 = EDGE_CURVE ( 'NONE', #1448, #2081, #510, .T. ) ;
#1606 = EDGE_CURVE ( 'NONE', #2806, #291, #1802, .T. ) ;
#1607 = PLANE ( 'NONE',  #2249 ) ;
#1608 =( GEOMETRIC_REPRESENTATION_CONTEXT ( 3 ) GLOBAL_UNCERTAINTY_ASSIGNED_CONTEXT ( ( #3098 ) ) GLOBAL_UNIT_ASSIGNED_CONTEXT ( ( #2392, #3421, #3075 ) ) REPRESENTATION_CONTEXT ( 'NONE', 'WORKASPACE' ) );
#1609 = LINE ( 'NONE', #2909, #1506 ) ;
#1610 = AXIS2_PLACEMENT_3D ( 'NONE', #873, #1210, #3460 ) ;
#1611 = STYLED_ITEM ( 'NONE', ( #1345 ), #164 ) ;
#1612 = EDGE_LOOP ( 'NONE', ( #1805, #3933, #2465, #368, #1208, #333, #3578, #1435 ) ) ;
#1613 = PRESENTATION_STYLE_ASSIGNMENT (( #653 ) ) ;
#1614 =( LENGTH_UNIT ( ) NAMED_UNIT ( * ) SI_UNIT ( .MILLI., .METRE. ) );
#1615 =( GEOMETRIC_REPRESENTATION_CONTEXT ( 3 ) GLOBAL_UNCERTAINTY_ASSIGNED_CONTEXT ( ( #2046 ) ) GLOBAL_UNIT_ASSIGNED_CONTEXT ( ( #1494, #531, #2551 ) ) REPRESENTATION_CONTEXT ( 'NONE', 'WORKASPACE' ) );
#1616 = CARTESIAN_POINT ( 'NONE',  ( -5.489999999999999325, 6.407447799860086057, 5.771105590733192514 ) ) ;
#1617 = DIRECTION ( 'NONE',  ( 0.000000000000000000, 0.000000000000000000, 1.000000000000000000 ) ) ;
#1618 = PRESENTATION_LAYER_ASSIGNMENT (  '', '', ( #2504 ) ) ;
#1619 = DIRECTION ( 'NONE',  ( -1.000000000000000000, 0.000000000000000000, 0.000000000000000000 ) ) ;
#1620 = ORIENTED_EDGE ( 'NONE', *, *, #326, .T. ) ;
#1621 = DIRECTION ( 'NONE',  ( 0.000000000000000000, -0.000000000000000000, -1.000000000000000000 ) ) ;
#1622 = FILL_AREA_STYLE_COLOUR ( '', #1479 ) ;
#1623 = VECTOR ( 'NONE', #3305, 1000.000000000000000 ) ;
#1624 = CIRCLE ( 'NONE', #1358, 0.2500000000000002220 ) ;
#1625 = STYLED_ITEM ( 'NONE', ( #3697 ), #3235 ) ;
#1626 = VERTEX_POINT ( 'NONE', #1881 ) ;
#1627 =( NAMED_UNIT ( * ) SI_UNIT ( $, .STERADIAN. ) SOLID_ANGLE_UNIT ( ) );
#1628 = CARTESIAN_POINT ( 'NONE',  ( 5.311565099430892722, 6.510102787695951854, 5.489999999999993996 ) ) ;
#1629 =( GEOMETRIC_REPRESENTATION_CONTEXT ( 3 ) GLOBAL_UNCERTAINTY_ASSIGNED_CONTEXT ( ( #4056 ) ) GLOBAL_UNIT_ASSIGNED_CONTEXT ( ( #1469, #2407, #2106 ) ) REPRESENTATION_CONTEXT ( 'NONE', 'WORKASPACE' ) );
#1630 = FILL_AREA_STYLE ('',( #4265 ) ) ;
#1631 = AXIS2_PLACEMENT_3D ( 'NONE', #3262, #1654, #968 ) ;
#1632 = FACE_OUTER_BOUND ( 'NONE', #1176, .T. ) ;
#1633 = CARTESIAN_POINT ( 'NONE',  ( 5.665102787695950326, 6.156565099430896026, 5.489999999999998437 ) ) ;
#1634 = MECHANICAL_DESIGN_GEOMETRIC_PRESENTATION_REPRESENTATION (  '', ( #3967 ), #3834 ) ;
#1635 = DIRECTION ( 'NONE',  ( 0.000000000000000000, 0.000000000000000000, 1.000000000000000000 ) ) ;
#1636 = FILL_AREA_STYLE ('',( #330 ) ) ;
#1637 = ADVANCED_FACE ( 'NONE', ( #1490 ), #4107, .T. ) ;
#1638 = ADVANCED_FACE ( 'NONE', ( #1356 ), #2320, .T. ) ;
#1639 =( LENGTH_UNIT ( ) NAMED_UNIT ( * ) SI_UNIT ( .MILLI., .METRE. ) );
#1640 = CARTESIAN_POINT ( 'NONE',  ( 5.490000000000000213, 6.334999999999999964, -5.489999999999998437 ) ) ;
#1641 = AXIS2_PLACEMENT_3D ( 'NONE', #713, #2722, #2698 ) ;
#1642 = VERTEX_POINT ( 'NONE', #2594 ) ;
#1643 = PLANE ( 'NONE',  #3547 ) ;
#1644 = ORIENTED_EDGE ( 'NONE', *, *, #3401, .T. ) ;
#1645 = LINE ( 'NONE', #4207, #3324 ) ;
#1646 = CIRCLE ( 'NONE', #2388, 0.5000000000000000000 ) ;
#1647 = PLANE ( 'NONE',  #2596 ) ;
#1648 = ORIENTED_EDGE ( 'NONE', *, *, #3579, .F. ) ;
#1649 = CIRCLE ( 'NONE', #1020, 0.2500000000000002220 ) ;
#1650 = FACE_OUTER_BOUND ( 'NONE', #907, .T. ) ;
#1651 =( NAMED_UNIT ( * ) SI_UNIT ( $, .STERADIAN. ) SOLID_ANGLE_UNIT ( ) );
#1652 = ORIENTED_EDGE ( 'NONE', *, *, #163, .F. ) ;
#1653 = DIRECTION ( 'NONE',  ( -1.000000000000000000, 0.000000000000000000, -0.000000000000000000 ) ) ;
#1654 = DIRECTION ( 'NONE',  ( -0.000000000000000000, -0.000000000000000000, -1.000000000000000000 ) ) ;
#1655 = DIRECTION ( 'NONE',  ( -1.000000000000000000, 0.000000000000000000, 0.000000000000000000 ) ) ;
#1656 = CARTESIAN_POINT ( 'NONE',  ( -0.6500000000000001332, 0.3549999999999999822, 5.899999999999998579 ) ) ;
#1657 = EDGE_LOOP ( 'NONE', ( #1883, #151, #2842, #560 ) ) ;
#1658 = EDGE_CURVE ( 'NONE', #813, #357, #967, .T. ) ;
#1659 = ADVANCED_FACE ( 'NONE', ( #3257 ), #322, .T. ) ;
#1660 =( LENGTH_UNIT ( ) NAMED_UNIT ( * ) SI_UNIT ( .MILLI., .METRE. ) );
#1661 = DIRECTION ( 'NONE',  ( -1.000000000000000000, 0.000000000000000000, -0.000000000000000000 ) ) ;
#1662 = CARTESIAN_POINT ( 'NONE',  ( 5.899999999999998579, -0.1449999999999999900, -0.6500000000000001332 ) ) ;
#1663 = ORIENTED_EDGE ( 'NONE', *, *, #3174, .T. ) ;
#1664 = FILL_AREA_STYLE_COLOUR ( '', #1552 ) ;
#1665 = CARTESIAN_POINT ( 'NONE',  ( 0.6500000000000001332, 1.554999999999999938, 6.700000000000001066 ) ) ;
#1666 = CARTESIAN_POINT ( 'NONE',  ( -6.700000000000001066, 1.054999999999999938, -1.149999999999999911 ) ) ;
#1667 = DIRECTION ( 'NONE',  ( 1.000000000000000000, 0.000000000000000000, 0.000000000000000000 ) ) ;
#1668 = VERTEX_POINT ( 'NONE', #2986 ) ;
#1669 = UNCERTAINTY_MEASURE_WITH_UNIT (LENGTH_MEASURE( 1.000000000000000082E-05 ), #1437, 'distance_accuracy_value', 'NONE');
#1670 = FACE_OUTER_BOUND ( 'NONE', #755, .T. ) ;
#1671 = DIRECTION ( 'NONE',  ( 1.000000000000000000, 0.000000000000000000, 0.000000000000000000 ) ) ;
#1672 = SURFACE_STYLE_USAGE ( .BOTH. , #62 ) ;
#1673 = CARTESIAN_POINT ( 'NONE',  ( 0.000000000000000000, 0.000000000000000000, -5.900000000000000355 ) ) ;
#1674 = VECTOR ( 'NONE', #3565, 1000.000000000000000 ) ;
#1675 = SURFACE_STYLE_FILL_AREA ( #373 ) ;
#1676 = PRESENTATION_LAYER_ASSIGNMENT (  '', '', ( #2964 ) ) ;
#1677 = VERTEX_POINT ( 'NONE', #3322 ) ;
#1678 = UNCERTAINTY_MEASURE_WITH_UNIT (LENGTH_MEASURE( 1.000000000000000082E-05 ), #2128, 'distance_accuracy_value', 'NONE');
#1679 = EDGE_LOOP ( 'NONE', ( #4064, #2884, #2086 ) ) ;
#1680 = SURFACE_STYLE_FILL_AREA ( #2953 ) ;
#1681 = MECHANICAL_DESIGN_GEOMETRIC_PRESENTATION_REPRESENTATION (  '', ( #2631 ), #4087 ) ;
#1682 = FILL_AREA_STYLE ('',( #1432 ) ) ;
#1683 =( GEOMETRIC_REPRESENTATION_CONTEXT ( 3 ) GLOBAL_UNCERTAINTY_ASSIGNED_CONTEXT ( ( #189 ) ) GLOBAL_UNIT_ASSIGNED_CONTEXT ( ( #2385, #154, #3706 ) ) REPRESENTATION_CONTEXT ( 'NONE', 'WORKASPACE' ) );
#1684 = CARTESIAN_POINT ( 'NONE',  ( 6.700000000000001066, 1.554999999999999938, -0.6500000000000001332 ) ) ;
#1685 = EDGE_CURVE ( 'NONE', #339, #2107, #2738, .T. ) ;
#1686 = CARTESIAN_POINT ( 'NONE',  ( -6.700000000000001066, 1.554999999999999938, 0.6500000000000001332 ) ) ;
#1687 = VERTEX_POINT ( 'NONE', #796 ) ;
#1688 = STYLED_ITEM ( 'NONE', ( #2743 ), #493 ) ;
#1689 = COLOUR_RGB ( '',0.2509803921568627416, 0.2509803921568627416, 0.2509803921568627416 ) ;
#1690 = CARTESIAN_POINT ( 'NONE',  ( 1.149999999999999911, 1.554999999999999938, -5.900000000000000355 ) ) ;
#1691 = CARTESIAN_POINT ( 'NONE',  ( 6.985000000000000320, 1.409999999999999920, -0.8800000000000000044 ) ) ;
#1692 = EDGE_CURVE ( 'NONE', #444, #1677, #2094, .T. ) ;
#1693 = MECHANICAL_DESIGN_GEOMETRIC_PRESENTATION_REPRESENTATION (  '', ( #3485 ), #3884 ) ;
#1694 = EDGE_CURVE ( 'NONE', #3352, #920, #4063, .T. ) ;
#1695 = CARTESIAN_POINT ( 'NONE',  ( -0.6500000000000001332, 1.054999999999999938, -6.700000000000001066 ) ) ;
#1696 = CARTESIAN_POINT ( 'NONE',  ( -5.490000000000000213, 6.334999999999999964, 5.489999999999998437 ) ) ;
#1697 = EDGE_LOOP ( 'NONE', ( #3092, #1326, #2667, #645 ) ) ;
#1698 =( GEOMETRIC_REPRESENTATION_CONTEXT ( 3 ) GLOBAL_UNCERTAINTY_ASSIGNED_CONTEXT ( ( #1175 ) ) GLOBAL_UNIT_ASSIGNED_CONTEXT ( ( #2139, #1488, #2757 ) ) REPRESENTATION_CONTEXT ( 'NONE', 'WORKASPACE' ) );
#1699 = VECTOR ( 'NONE', #1184, 1000.000000000000000 ) ;
#1700 = SURFACE_SIDE_STYLE ('',( #757 ) ) ;
#1701 = CARTESIAN_POINT ( 'NONE',  ( -0.8800000000000000044, 0.000000000000000000, 6.985000000000000320 ) ) ;
#1702 = COLOUR_RGB ( '',0.2509803921568627416, 0.2509803921568627416, 0.2509803921568627416 ) ;
#1703 = PRESENTATION_STYLE_ASSIGNMENT (( #3380 ) ) ;
#1704 = VECTOR ( 'NONE', #887, 1000.000000000000000 ) ;
#1705 = PRESENTATION_STYLE_ASSIGNMENT (( #2032 ) ) ;
#1706 = SURFACE_SIDE_STYLE ('',( #3741 ) ) ;
#1707 = PRESENTATION_STYLE_ASSIGNMENT (( #3332 ) ) ;
#1708 = ORIENTED_EDGE ( 'NONE', *, *, #4190, .F. ) ;
#1709 = LINE ( 'NONE', #402, #3678 ) ;
#1710 = LINE ( 'NONE', #4033, #385 ) ;
#1711 = PRESENTATION_LAYER_ASSIGNMENT (  '', '', ( #1371 ) ) ;
#1712 = FACE_OUTER_BOUND ( 'NONE', #2486, .T. ) ;
#1713 = CARTESIAN_POINT ( 'NONE',  ( -25.19629199999999969, 6.334999999999999964, 5.490000000000000213 ) ) ;
#1714 = EDGE_LOOP ( 'NONE', ( #2740, #2148, #2, #2544 ) ) ;
#1715 = LINE ( 'NONE', #25, #3328 ) ;
#1716 = CARTESIAN_POINT ( 'NONE',  ( -1.149999999999999911, 1.054999999999999938, 6.700000000000001066 ) ) ;
#1717 = AXIS2_PLACEMENT_3D ( 'NONE', #2416, #1981, #504 ) ;
#1718 = LINE ( 'NONE', #1110, #2176 ) ;
#1719 = VERTEX_POINT ( 'NONE', #3050 ) ;
#1720 = EDGE_CURVE ( 'NONE', #991, #4139, #1718, .T. ) ;
#1721 = EDGE_CURVE ( 'NONE', #1036, #2353, #3663, .T. ) ;
#1722 = FILL_AREA_STYLE_COLOUR ( '', #2472 ) ;
#1723 =( NAMED_UNIT ( * ) SI_UNIT ( $, .STERADIAN. ) SOLID_ANGLE_UNIT ( ) );
#1724 = PLANE ( 'NONE',  #2155 ) ;
#1725 = LINE ( 'NONE', #2057, #3843 ) ;
#1726 = FILL_AREA_STYLE_COLOUR ( '', #2117 ) ;
#1727 = LINE ( 'NONE', #3725, #599 ) ;
#1728 = SURFACE_SIDE_STYLE ('',( #1082 ) ) ;
#1729 = ORIENTED_EDGE ( 'NONE', *, *, #2479, .F. ) ;
#1730 = FILL_AREA_STYLE ('',( #1664 ) ) ;
#1731 = PRESENTATION_STYLE_ASSIGNMENT (( #793 ) ) ;
#1732 = DIRECTION ( 'NONE',  ( 1.000000000000000000, 0.000000000000000000, 0.000000000000000000 ) ) ;
#1733 = ORIENTED_EDGE ( 'NONE', *, *, #810, .T. ) ;
#1734 = ORIENTED_EDGE ( 'NONE', *, *, #379, .F. ) ;
#1735 = CARTESIAN_POINT ( 'NONE',  ( 6.985000000000000320, 0.000000000000000000, -0.8800000000000000044 ) ) ;
#1736 = DIRECTION ( 'NONE',  ( -0.000000000000000000, 0.000000000000000000, -1.000000000000000000 ) ) ;
#1737 = EDGE_CURVE ( 'NONE', #1778, #539, #389, .T. ) ;
#1738 = LINE ( 'NONE', #125, #1420 ) ;
#1739 = FACE_OUTER_BOUND ( 'NONE', #3270, .T. ) ;
#1740 =( NAMED_UNIT ( * ) SI_UNIT ( $, .STERADIAN. ) SOLID_ANGLE_UNIT ( ) );
#1741 = VECTOR ( 'NONE', #3226, 1000.000000000000000 ) ;
#1742 = ORIENTED_EDGE ( 'NONE', *, *, #2608, .T. ) ;
#1743 = CARTESIAN_POINT ( 'NONE',  ( 5.900000000000000355, 1.554999999999999938, -1.149999999999999911 ) ) ;
#1744 = CYLINDRICAL_SURFACE ( 'NONE', #1408, 0.4999999999999998890 ) ;
#1745 = MECHANICAL_DESIGN_GEOMETRIC_PRESENTATION_REPRESENTATION (  '', ( #3536 ), #377 ) ;
#1746 = DIRECTION ( 'NONE',  ( 0.000000000000000000, 0.000000000000000000, -1.000000000000000000 ) ) ;
#1747 = CIRCLE ( 'NONE', #1880, 0.2500000000000002220 ) ;
#1748 = ORIENTED_EDGE ( 'NONE', *, *, #2527, .F. ) ;
#1749 =( GEOMETRIC_REPRESENTATION_CONTEXT ( 3 ) GLOBAL_UNCERTAINTY_ASSIGNED_CONTEXT ( ( #3688 ) ) GLOBAL_UNIT_ASSIGNED_CONTEXT ( ( #1614, #4266, #914 ) ) REPRESENTATION_CONTEXT ( 'NONE', 'WORKASPACE' ) );
#1750 = UNCERTAINTY_MEASURE_WITH_UNIT (LENGTH_MEASURE( 1.000000000000000082E-05 ), #3929, 'distance_accuracy_value', 'NONE');
#1751 = AXIS2_PLACEMENT_3D ( 'NONE', #3833, #3076, #4154 ) ;
#1752 = SURFACE_STYLE_USAGE ( .BOTH. , #1457 ) ;
#1753 = LINE ( 'NONE', #412, #2124 ) ;
#1754 = MECHANICAL_DESIGN_GEOMETRIC_PRESENTATION_REPRESENTATION (  '', ( #3543 ), #1491 ) ;
#1755 = DIRECTION ( 'NONE',  ( -0.000000000000000000, -1.000000000000000000, -0.000000000000000000 ) ) ;
#1756 = ORIENTED_EDGE ( 'NONE', *, *, #1720, .F. ) ;
#1757 = APPLICATION_CONTEXT ( 'automotive_design' ) ;
#1758 = CIRCLE ( 'NONE', #462, 0.2500000000000002220 ) ;
#1759 = MECHANICAL_DESIGN_GEOMETRIC_PRESENTATION_REPRESENTATION (  '', ( #2640 ), #3952 ) ;
#1760 = CARTESIAN_POINT ( 'NONE',  ( -1.532446609408502525, 6.585000000000000853, -5.490000000000001990 ) ) ;
#1761 = AXIS2_PLACEMENT_3D ( 'NONE', #4246, #1591, #2889 ) ;
#1762 = DIRECTION ( 'NONE',  ( 0.000000000000000000, 0.000000000000000000, -1.000000000000000000 ) ) ;
#1763 = PRESENTATION_STYLE_ASSIGNMENT (( #1165 ) ) ;
#1764 = CARTESIAN_POINT ( 'NONE',  ( 1.149999999999999911, 1.554999999999999938, 6.700000000000000178 ) ) ;
#1765 = VECTOR ( 'NONE', #421, 1000.000000000000000 ) ;
#1766 = ORIENTED_EDGE ( 'NONE', *, *, #2783, .T. ) ;
#1767 = CARTESIAN_POINT ( 'NONE',  ( 5.490000000000001101, 6.511776695296638273, -5.666776695296638522 ) ) ;
#1768 = EDGE_CURVE ( 'NONE', #275, #2044, #2301, .T. ) ;
#1769 = LINE ( 'NONE', #2828, #2152 ) ;
#1770 = EDGE_CURVE ( 'NONE', #2414, #3137, #3430, .T. ) ;
#1771 = CIRCLE ( 'NONE', #4179, 0.5000000000000000000 ) ;
#1772 = CARTESIAN_POINT ( 'NONE',  ( 5.489999999999999325, 6.334999999999999964, -5.740000000000000213 ) ) ;
#1773 = ORIENTED_EDGE ( 'NONE', *, *, #1027, .F. ) ;
#1774 = FILL_AREA_STYLE ('',( #473 ) ) ;
#1775 =( GEOMETRIC_REPRESENTATION_CONTEXT ( 3 ) GLOBAL_UNCERTAINTY_ASSIGNED_CONTEXT ( ( #2170 ) ) GLOBAL_UNIT_ASSIGNED_CONTEXT ( ( #1098, #808, #2033 ) ) REPRESENTATION_CONTEXT ( 'NONE', 'WORKASPACE' ) );
#1776 = CARTESIAN_POINT ( 'NONE',  ( -5.899999999999999467, -0.1449999999999999900, -0.6500000000000001332 ) ) ;
#1777 = DIRECTION ( 'NONE',  ( 1.000000000000000000, 0.000000000000000000, 0.000000000000000000 ) ) ;
#1778 = VERTEX_POINT ( 'NONE', #708 ) ;
#1779 = VECTOR ( 'NONE', #4130, 1000.000000000000000 ) ;
#1780 = EDGE_LOOP ( 'NONE', ( #1553, #188, #3276 ) ) ;
#1781 = VECTOR ( 'NONE', #2219, 1000.000000000000000 ) ;
#1782 = SURFACE_SIDE_STYLE ('',( #2401 ) ) ;
#1783 = STYLED_ITEM ( 'NONE', ( #2300 ), #2729 ) ;
#1784 = FILL_AREA_STYLE ('',( #3783 ) ) ;
#1785 = SURFACE_STYLE_USAGE ( .BOTH. , #2473 ) ;
#1786 = FACE_OUTER_BOUND ( 'NONE', #1525, .T. ) ;
#1787 = CARTESIAN_POINT ( 'NONE',  ( -5.490000000000000213, 0.000000000000000000, 5.490000000000000213 ) ) ;
#1788 = DIRECTION ( 'NONE',  ( 0.000000000000000000, -0.000000000000000000, 1.000000000000000000 ) ) ;
#1789 = ORIENTED_EDGE ( 'NONE', *, *, #3462, .T. ) ;
#1790 = CARTESIAN_POINT ( 'NONE',  ( 0.000000000000000000, 0.000000000000000000, -6.700000000000000178 ) ) ;
#1791 = LINE ( 'NONE', #2132, #2017 ) ;
#1792 = EDGE_CURVE ( 'NONE', #932, #2626, #2714, .T. ) ;
#1793 = EDGE_CURVE ( 'NONE', #3535, #268, #142, .T. ) ;
#1794 = CYLINDRICAL_SURFACE ( 'NONE', #1641, 0.4999999999999998890 ) ;
#1795 = ORIENTED_EDGE ( 'NONE', *, *, #671, .F. ) ;
#1796 = UNCERTAINTY_MEASURE_WITH_UNIT (LENGTH_MEASURE( 1.000000000000000082E-05 ), #3338, 'distance_accuracy_value', 'NONE');
#1797 = CARTESIAN_POINT ( 'NONE',  ( 0.8800000000000000044, 0.000000000000000000, -6.985000000000000320 ) ) ;
#1798 = PLANE ( 'NONE',  #4089 ) ;
#1799 = ORIENTED_EDGE ( 'NONE', *, *, #1458, .T. ) ;
#1800 = ORIENTED_EDGE ( 'NONE', *, *, #1353, .T. ) ;
#1801 = DIRECTION ( 'NONE',  ( 0.000000000000000000, 0.000000000000000000, 1.000000000000000000 ) ) ;
#1802 = LINE ( 'NONE', #2197, #3901 ) ;
#1803 =( LENGTH_UNIT ( ) NAMED_UNIT ( * ) SI_UNIT ( .MILLI., .METRE. ) );
#1804 =( LENGTH_UNIT ( ) NAMED_UNIT ( * ) SI_UNIT ( .MILLI., .METRE. ) );
#1805 = ORIENTED_EDGE ( 'NONE', *, *, #460, .F. ) ;
#1806 = LINE ( 'NONE', #1500, #935 ) ;
#1807 = VECTOR ( 'NONE', #1868, 1000.000000000000000 ) ;
#1808 = DIRECTION ( 'NONE',  ( 1.000000000000000000, 0.000000000000000000, 0.000000000000000000 ) ) ;
#1809 = STYLED_ITEM ( 'NONE', ( #1584 ), #905 ) ;
#1810 = DIRECTION ( 'NONE',  ( 0.000000000000000000, 0.000000000000000000, -1.000000000000000000 ) ) ;
#1811 = VERTEX_POINT ( 'NONE', #3007 ) ;
#1812 = STYLED_ITEM ( 'NONE', ( #3467 ), #3654 ) ;
#1813 =( NAMED_UNIT ( * ) SI_UNIT ( $, .STERADIAN. ) SOLID_ANGLE_UNIT ( ) );
#1814 = FACE_OUTER_BOUND ( 'NONE', #88, .T. ) ;
#1815 = VERTEX_POINT ( 'NONE', #2317 ) ;
#1816 = UNCERTAINTY_MEASURE_WITH_UNIT (LENGTH_MEASURE( 1.000000000000000082E-05 ), #3838, 'distance_accuracy_value', 'NONE');
#1817 = COLOUR_RGB ( '',0.2509803921568627416, 0.2509803921568627416, 0.2509803921568627416 ) ;
#1818 = EDGE_CURVE ( 'NONE', #3548, #2779, #3641, .T. ) ;
#1819 = EDGE_CURVE ( 'NONE', #3637, #1542, #3395, .T. ) ;
#1820 = COLOUR_RGB ( '',0.2509803921568627416, 0.2509803921568627416, 0.2509803921568627416 ) ;
#1821 = MECHANICAL_DESIGN_GEOMETRIC_PRESENTATION_REPRESENTATION (  '', ( #3042 ), #804 ) ;
#1822 = DIRECTION ( 'NONE',  ( -1.000000000000000000, 0.000000000000000000, 0.000000000000000000 ) ) ;
#1823 = MECHANICAL_DESIGN_GEOMETRIC_PRESENTATION_REPRESENTATION (  '', ( #3339 ), #811 ) ;
#1824 = VECTOR ( 'NONE', #2815, 1000.000000000000000 ) ;
#1825 = ORIENTED_EDGE ( 'NONE', *, *, #2938, .F. ) ;
#1826 =( LENGTH_UNIT ( ) NAMED_UNIT ( * ) SI_UNIT ( .MILLI., .METRE. ) );
#1827 = CARTESIAN_POINT ( 'NONE',  ( 0.000000000000000000, 1.409999999999999920, 6.985000000000000320 ) ) ;
#1828 = VECTOR ( 'NONE', #1736, 1000.000000000000000 ) ;
#1829 = PRESENTATION_STYLE_ASSIGNMENT (( #1169 ) ) ;
#1830 = EDGE_LOOP ( 'NONE', ( #1339, #2822, #1878, #940 ) ) ;
#1831 = CARTESIAN_POINT ( 'NONE',  ( 5.900000000000000355, 0.000000000000000000, 1.149999999999999911 ) ) ;
#1832 = PRESENTATION_LAYER_ASSIGNMENT (  '', '', ( #3124 ) ) ;
#1833 =( NAMED_UNIT ( * ) PLANE_ANGLE_UNIT ( ) SI_UNIT ( $, .RADIAN. ) );
#1834 = ORIENTED_EDGE ( 'NONE', *, *, #1353, .F. ) ;
#1835 = AXIS2_PLACEMENT_3D ( 'NONE', #1188, #1252, #2813 ) ;
#1836 = CARTESIAN_POINT ( 'NONE',  ( 5.900000000000000355, 0.000000000000000000, 0.8800000000000000044 ) ) ;
#1837 = DIRECTION ( 'NONE',  ( 0.000000000000000000, -0.000000000000000000, 1.000000000000000000 ) ) ;
#1838 = CIRCLE ( 'NONE', #1631, 0.4999999999999998890 ) ;
#1839 = PRESENTATION_STYLE_ASSIGNMENT (( #1578 ) ) ;
#1840 = EDGE_LOOP ( 'NONE', ( #2198, #2138, #1022 ) ) ;
#1841 = PRESENTATION_LAYER_ASSIGNMENT (  '', '', ( #3695 ) ) ;
#1842 = COLOUR_RGB ( '',0.2509803921568627416, 0.2509803921568627416, 0.2509803921568627416 ) ;
#1843 = CARTESIAN_POINT ( 'NONE',  ( 0.000000000000000000, 0.000000000000000000, 0.000000000000000000 ) ) ;
#1844 = EDGE_CURVE ( 'NONE', #3548, #1867, #4014, .T. ) ;
#1845 = EDGE_CURVE ( 'NONE', #3465, #2571, #2801, .T. ) ;
#1846 = VERTEX_POINT ( 'NONE', #228 ) ;
#1847 = SURFACE_STYLE_USAGE ( .BOTH. , #3127 ) ;
#1848 = SURFACE_STYLE_USAGE ( .BOTH. , #3084 ) ;
#1849 = DIRECTION ( 'NONE',  ( 0.000000000000000000, -0.000000000000000000, 1.000000000000000000 ) ) ;
#1850 = LINE ( 'NONE', #2142, #3683 ) ;
#1851 = VERTEX_POINT ( 'NONE', #1876 ) ;
#1852 = CARTESIAN_POINT ( 'NONE',  ( -0.6500000000000001332, 1.054999999999999938, -5.899999999999998579 ) ) ;
#1853 =( NAMED_UNIT ( * ) SI_UNIT ( $, .STERADIAN. ) SOLID_ANGLE_UNIT ( ) );
#1854 = UNCERTAINTY_MEASURE_WITH_UNIT (LENGTH_MEASURE( 1.000000000000000082E-05 ), #3554, 'distance_accuracy_value', 'NONE');
#1855 = CARTESIAN_POINT ( 'NONE',  ( 0.8800000000000000044, 0.000000000000000000, -4.160876167244000001 ) ) ;
#1856 = VERTEX_POINT ( 'NONE', #853 ) ;
#1857 = LINE ( 'NONE', #1127, #3809 ) ;
#1858 = ORIENTED_EDGE ( 'NONE', *, *, #3769, .T. ) ;
#1859 = UNCERTAINTY_MEASURE_WITH_UNIT (LENGTH_MEASURE( 1.000000000000000082E-05 ), #4226, 'distance_accuracy_value', 'NONE');
#1860 = FACE_OUTER_BOUND ( 'NONE', #2133, .T. ) ;
#1861 = PRESENTATION_STYLE_ASSIGNMENT (( #2864 ) ) ;
#1862 = VERTEX_POINT ( 'NONE', #1130 ) ;
#1863 = PRODUCT_CONTEXT ( 'NONE', #1757, 'mechanical' ) ;
#1864 = CARTESIAN_POINT ( 'NONE',  ( -5.900000000000000355, -0.1449999999999999900, -1.149999999999999911 ) ) ;
#1865 = PRESENTATION_STYLE_ASSIGNMENT (( #513 ) ) ;
#1866 = EDGE_CURVE ( 'NONE', #339, #797, #2153, .T. ) ;
#1867 = VERTEX_POINT ( 'NONE', #824 ) ;
#1868 = DIRECTION ( 'NONE',  ( -1.000000000000000000, 0.000000000000000000, -0.000000000000000000 ) ) ;
#1869 = EDGE_CURVE ( 'NONE', #2387, #1010, #161, .T. ) ;
#1870 = DIRECTION ( 'NONE',  ( -0.000000000000000000, 1.000000000000000000, 0.000000000000000000 ) ) ;
#1871 = PLANE ( 'NONE',  #3708 ) ;
#1872 = UNCERTAINTY_MEASURE_WITH_UNIT (LENGTH_MEASURE( 1.000000000000000082E-05 ), #1982, 'distance_accuracy_value', 'NONE');
#1873 = EDGE_LOOP ( 'NONE', ( #2298, #3458, #951, #156 ) ) ;
#1874 = LINE ( 'NONE', #3093, #720 ) ;
#1875 = SURFACE_SIDE_STYLE ('',( #3141 ) ) ;
#1876 = CARTESIAN_POINT ( 'NONE',  ( -1.149999999999999911, 0.3550000000000000377, 6.700000000000001066 ) ) ;
#1877 = AXIS2_PLACEMENT_3D ( 'NONE', #1466, #2759, #1143 ) ;
#1878 = ORIENTED_EDGE ( 'NONE', *, *, #1583, .F. ) ;
#1879 = VECTOR ( 'NONE', #2837, 1000.000000000000000 ) ;
#1880 = AXIS2_PLACEMENT_3D ( 'NONE', #3755, #3393, #773 ) ;
#1881 = CARTESIAN_POINT ( 'NONE',  ( 1.149999999999999911, 1.054999999999999938, -5.899999999999999467 ) ) ;
#1882 = VECTOR ( 'NONE', #562, 1000.000000000000000 ) ;
#1883 = ORIENTED_EDGE ( 'NONE', *, *, #3525, .T. ) ;
#1884 = PRESENTATION_LAYER_ASSIGNMENT (  '', '', ( #3744 ) ) ;
#1885 =( NAMED_UNIT ( * ) SI_UNIT ( $, .STERADIAN. ) SOLID_ANGLE_UNIT ( ) );
#1886 = DIRECTION ( 'NONE',  ( 1.000000000000000000, 0.000000000000000000, -0.000000000000000000 ) ) ;
#1887 = SURFACE_SIDE_STYLE ('',( #2129 ) ) ;
#1888 = FILL_AREA_STYLE_COLOUR ( '', #1702 ) ;
#1889 = VECTOR ( 'NONE', #490, 1000.000000000000000 ) ;
#1890 = EDGE_LOOP ( 'NONE', ( #702, #1991, #2408, #407 ) ) ;
#1891 = LINE ( 'NONE', #3199, #2342 ) ;
#1892 = VECTOR ( 'NONE', #3926, 1000.000000000000000 ) ;
#1893 = COLOUR_RGB ( '',0.2509803921568627416, 0.2509803921568627416, 0.2509803921568627416 ) ;
#1894 = CARTESIAN_POINT ( 'NONE',  ( 5.576428886874449375, 6.407447799860086057, -5.771105590733191626 ) ) ;
#1895 = CARTESIAN_POINT ( 'NONE',  ( 6.700000000000001066, 0.3549999999999999822, -1.149999999999999911 ) ) ;
#1896 = ORIENTED_EDGE ( 'NONE', *, *, #1694, .F. ) ;
#1897 = ADVANCED_FACE ( 'NONE', ( #1814 ), #1647, .T. ) ;
#1898 = MECHANICAL_DESIGN_GEOMETRIC_PRESENTATION_REPRESENTATION (  '', ( #4101 ), #2099 ) ;
#1899 = VECTOR ( 'NONE', #1554, 1000.000000000000000 ) ;
#1900 = EDGE_CURVE ( 'NONE', #390, #1719, #1771, .T. ) ;
#1901 =( NAMED_UNIT ( * ) PLANE_ANGLE_UNIT ( ) SI_UNIT ( $, .RADIAN. ) );
#1902 =( BOUNDED_SURFACE ( )  B_SPLINE_SURFACE ( 3, 3, ( 
 ( #3544, #4239, #321, #3188 ),
 ( #3621, #253, #2862, #4194 ),
 ( #1246, #966, #2260, #3859 ),
 ( #922, #1907, #1297, #3600 ) ),
 .UNSPECIFIED., .F., .F., .F. ) 
 B_SPLINE_SURFACE_WITH_KNOTS ( ( 4, 4 ),
 ( 4, 4 ),
 ( 0.000000000000000000, 1.000000000000000000 ),
 ( 0.000000000000000000, 1.000000000000000000 ),
 .UNSPECIFIED. ) 
 GEOMETRIC_REPRESENTATION_ITEM ( )  RATIONAL_B_SPLINE_SURFACE ( (
 ( 1.000000000000000000, 0.8047378541243589423, 0.8047378541243589423, 1.000000000000000000),
 ( 0.8025111867385926745, 0.6458111303268078141, 0.6458111303268078141, 0.8025111867385926745),
 ( 0.8025111867385926745, 0.6458111303268078141, 0.6458111303268078141, 0.8025111867385926745),
 ( 1.000000000000000000, 0.8047378541243589423, 0.8047378541243589423, 1.000000000000000000) ) ) 
 REPRESENTATION_ITEM ( '' )  SURFACE ( )  );
#1903 = VECTOR ( 'NONE', #3722, 1000.000000000000000 ) ;
#1904 = LINE ( 'NONE', #7, #826 ) ;
#1905 = ORIENTED_EDGE ( 'NONE', *, *, #2297, .T. ) ;
#1906 = PRESENTATION_LAYER_ASSIGNMENT (  '', '', ( #612 ) ) ;
#1907 = CARTESIAN_POINT ( 'NONE',  ( -5.636440105289413971, 6.510102787695952742, 5.311565099430891834 ) ) ;
#1908 = CARTESIAN_POINT ( 'NONE',  ( 5.666776695296639410, 6.511776695296640050, 5.637543338873779675 ) ) ;
#1909 = ORIENTED_EDGE ( 'NONE', *, *, #2811, .F. ) ;
#1910 = PRESENTATION_LAYER_ASSIGNMENT (  '', '', ( #203 ) ) ;
#1911 = CARTESIAN_POINT ( 'NONE',  ( -5.900000000000000355, 0.000000000000000000, -1.149999999999999911 ) ) ;
#1912 =( NAMED_UNIT ( * ) PLANE_ANGLE_UNIT ( ) SI_UNIT ( $, .RADIAN. ) );
#1913 = EDGE_LOOP ( 'NONE', ( #3335, #3733, #1502, #3597 ) ) ;
#1914 = SURFACE_STYLE_USAGE ( .BOTH. , #3530 ) ;
#1915 = CARTESIAN_POINT ( 'NONE',  ( 5.900000000000000355, 0.000000000000000000, 0.000000000000000000 ) ) ;
#1916 = SURFACE_STYLE_FILL_AREA ( #3244 ) ;
#1917 =( NAMED_UNIT ( * ) SI_UNIT ( $, .STERADIAN. ) SOLID_ANGLE_UNIT ( ) );
#1918 = FACE_OUTER_BOUND ( 'NONE', #3469, .T. ) ;
#1919 = VERTEX_POINT ( 'NONE', #3878 ) ;
#1920 =( NAMED_UNIT ( * ) PLANE_ANGLE_UNIT ( ) SI_UNIT ( $, .RADIAN. ) );
#1921 = AXIS2_PLACEMENT_3D ( 'NONE', #1735, #3325, #1653 ) ;
#1922 = EDGE_CURVE ( 'NONE', #315, #2381, #1904, .T. ) ;
#1923 = EDGE_CURVE ( 'NONE', #1415, #1867, #1940, .T. ) ;
#1924 = DIRECTION ( 'NONE',  ( 1.000000000000000000, -0.000000000000000000, -0.000000000000000000 ) ) ;
#1925 = VERTEX_POINT ( 'NONE', #996 ) ;
#1926 =( NAMED_UNIT ( * ) SI_UNIT ( $, .STERADIAN. ) SOLID_ANGLE_UNIT ( ) );
#1927 = DIRECTION ( 'NONE',  ( -1.000000000000000000, -0.000000000000000000, -0.000000000000000000 ) ) ;
#1928 = CARTESIAN_POINT ( 'NONE',  ( 5.384785152075600934, 6.436882735051246307, 5.739988896777240335 ) ) ;
#1929 = ORIENTED_EDGE ( 'NONE', *, *, #3602, .T. ) ;
#1930 = LINE ( 'NONE', #695, #3056 ) ;
#1931 = ORIENTED_EDGE ( 'NONE', *, *, #217, .T. ) ;
#1932 = LINE ( 'NONE', #969, #1899 ) ;
#1933 = CARTESIAN_POINT ( 'NONE',  ( -5.576428886874449375, 6.407447799860086057, 5.771105590733191626 ) ) ;
#1934 = PLANE ( 'NONE',  #667 ) ;
#1935 = DIRECTION ( 'NONE',  ( -0.000000000000000000, -0.000000000000000000, 1.000000000000000000 ) ) ;
#1936 = EDGE_LOOP ( 'NONE', ( #2665, #4125, #1896, #1799 ) ) ;
#1937 =( LENGTH_UNIT ( ) NAMED_UNIT ( * ) SI_UNIT ( .MILLI., .METRE. ) );
#1938 =( LENGTH_UNIT ( ) NAMED_UNIT ( * ) SI_UNIT ( .MILLI., .METRE. ) );
#1939 =( NAMED_UNIT ( * ) PLANE_ANGLE_UNIT ( ) SI_UNIT ( $, .RADIAN. ) );
#1940 = LINE ( 'NONE', #3937, #953 ) ;
#1941 = ORIENTED_EDGE ( 'NONE', *, *, #3314, .F. ) ;
#1942 = EDGE_CURVE ( 'NONE', #1286, #932, #665, .T. ) ;
#1943 = FILL_AREA_STYLE_COLOUR ( '', #1072 ) ;
#1944 = DIRECTION ( 'NONE',  ( -0.000000000000000000, 1.000000000000000000, 0.000000000000000000 ) ) ;
#1945 = ORIENTED_EDGE ( 'NONE', *, *, #2354, .T. ) ;
#1946 = EDGE_CURVE ( 'NONE', #659, #2312, #274, .T. ) ;
#1947 =( GEOMETRIC_REPRESENTATION_CONTEXT ( 3 ) GLOBAL_UNCERTAINTY_ASSIGNED_CONTEXT ( ( #1057 ) ) GLOBAL_UNIT_ASSIGNED_CONTEXT ( ( #3837, #1526, #4161 ) ) REPRESENTATION_CONTEXT ( 'NONE', 'WORKASPACE' ) );
#1948 = DIRECTION ( 'NONE',  ( 0.000000000000000000, 0.000000000000000000, -1.000000000000000000 ) ) ;
#1949 = CARTESIAN_POINT ( 'NONE',  ( -0.8800000000000000044, 1.409999999999999920, -5.900000000000000355 ) ) ;
#1950 = VECTOR ( 'NONE', #4120, 1000.000000000000000 ) ;
#1951 = STYLED_ITEM ( 'NONE', ( #3963 ), #137 ) ;
#1952 = COLOUR_RGB ( '',0.2509803921568627416, 0.2509803921568627416, 0.2509803921568627416 ) ;
#1953 = DIRECTION ( 'NONE',  ( 0.000000000000000000, 0.000000000000000000, -1.000000000000000000 ) ) ;
#1954 = VECTOR ( 'NONE', #1318, 1000.000000000000000 ) ;
#1955 = CYLINDRICAL_SURFACE ( 'NONE', #760, 0.2500000000000002220 ) ;
#1956 = PRESENTATION_LAYER_ASSIGNMENT (  '', '', ( #2359 ) ) ;
#1957 = CIRCLE ( 'NONE', #870, 0.4999999999999998890 ) ;
#1958 = VERTEX_POINT ( 'NONE', #290 ) ;
#1959 = CARTESIAN_POINT ( 'NONE',  ( -1.149999999999999911, -0.1449999999999999900, 5.900000000000000355 ) ) ;
#1960 = MECHANICAL_DESIGN_GEOMETRIC_PRESENTATION_REPRESENTATION (  '', ( #1416 ), #3045 ) ;
#1961 = FACE_OUTER_BOUND ( 'NONE', #1131, .T. ) ;
#1962 = CARTESIAN_POINT ( 'NONE',  ( -5.490000000000000213, 6.585000000000000853, -25.19629199999999969 ) ) ;
#1963 = ORIENTED_EDGE ( 'NONE', *, *, #4155, .T. ) ;
#1964 = DIRECTION ( 'NONE',  ( 0.000000000000000000, 1.000000000000000000, 0.000000000000000000 ) ) ;
#1965 = LINE ( 'NONE', #3279, #2047 ) ;
#1966 = EDGE_LOOP ( 'NONE', ( #2706, #2428, #195, #2120 ) ) ;
#1967 = PRESENTATION_LAYER_ASSIGNMENT (  '', '', ( #3206 ) ) ;
#1968 = CARTESIAN_POINT ( 'NONE',  ( 4.160876167244000001, 0.000000000000000000, 0.8800000000000000044 ) ) ;
#1969 = DIRECTION ( 'NONE',  ( 1.000000000000000000, -0.000000000000000000, 0.000000000000000000 ) ) ;
#1970 = VECTOR ( 'NONE', #74, 1000.000000000000000 ) ;
#1971 = EDGE_CURVE ( 'NONE', #2081, #3891, #3857, .T. ) ;
#1972 = EDGE_CURVE ( 'NONE', #94, #3465, #3250, .T. ) ;
#1973 = CARTESIAN_POINT ( 'NONE',  ( -5.740000000000000213, 6.334999999999999964, 5.489999999999999325 ) ) ;
#1974 = ORIENTED_EDGE ( 'NONE', *, *, #460, .T. ) ;
#1975 = CARTESIAN_POINT ( 'NONE',  ( -5.490000000000000213, 6.334999999999999964, 5.490000000000000213 ) ) ;
#1976 = CARTESIAN_POINT ( 'NONE',  ( -6.700000000000000178, 1.409999999999999920, 0.000000000000000000 ) ) ;
#1977 = EDGE_LOOP ( 'NONE', ( #144, #3992, #1620, #579 ) ) ;
#1978 = STYLED_ITEM ( 'NONE', ( #2809 ), #2548 ) ;
#1979 = CARTESIAN_POINT ( 'NONE',  ( -0.6500000000000001332, 1.554999999999999938, -5.900000000000000355 ) ) ;
#1980 =( NAMED_UNIT ( * ) PLANE_ANGLE_UNIT ( ) SI_UNIT ( $, .RADIAN. ) );
#1981 = DIRECTION ( 'NONE',  ( 1.000000000000000000, 0.000000000000000000, 0.000000000000000000 ) ) ;
#1982 =( LENGTH_UNIT ( ) NAMED_UNIT ( * ) SI_UNIT ( .MILLI., .METRE. ) );
#1983 = EDGE_LOOP ( 'NONE', ( #3835, #4065, #3788, #2296 ) ) ;
#1984 = EDGE_CURVE ( 'NONE', #1441, #2513, #2270, .T. ) ;
#1985 =( NAMED_UNIT ( * ) PLANE_ANGLE_UNIT ( ) SI_UNIT ( $, .RADIAN. ) );
#1986 = DIRECTION ( 'NONE',  ( 1.000000000000000000, 0.000000000000000000, 0.000000000000000000 ) ) ;
#1987 = ORIENTED_EDGE ( 'NONE', *, *, #1352, .T. ) ;
#1988 = LINE ( 'NONE', #1370, #3046 ) ;
#1989 = EDGE_CURVE ( 'NONE', #3137, #1815, #2212, .T. ) ;
#1990 = FILL_AREA_STYLE_COLOUR ( '', #3669 ) ;
#1991 = ORIENTED_EDGE ( 'NONE', *, *, #2678, .T. ) ;
#1992 =( NAMED_UNIT ( * ) PLANE_ANGLE_UNIT ( ) SI_UNIT ( $, .RADIAN. ) );
#1993 = CARTESIAN_POINT ( 'NONE',  ( 5.489999999999999325, 6.334999999999999964, 5.740000000000000213 ) ) ;
#1994 = CARTESIAN_POINT ( 'NONE',  ( 1.149999999999999911, 0.3549999999999999822, 6.700000000000001066 ) ) ;
#1995 = CARTESIAN_POINT ( 'NONE',  ( 0.8800000000000000044, 0.000000000000000000, -6.985000000000000320 ) ) ;
#1996 = ORIENTED_EDGE ( 'NONE', *, *, #3845, .T. ) ;
#1997 = UNCERTAINTY_MEASURE_WITH_UNIT (LENGTH_MEASURE( 1.000000000000000082E-05 ), #992, 'distance_accuracy_value', 'NONE');
#1998 = DIRECTION ( 'NONE',  ( 0.000000000000000000, 0.000000000000000000, -1.000000000000000000 ) ) ;
#1999 = DIRECTION ( 'NONE',  ( 0.000000000000000000, -0.000000000000000000, 1.000000000000000000 ) ) ;
#2000 = VECTOR ( 'NONE', #2192, 1000.000000000000000 ) ;
#2001 =( LENGTH_UNIT ( ) NAMED_UNIT ( * ) SI_UNIT ( .MILLI., .METRE. ) );
#2002 = CARTESIAN_POINT ( 'NONE',  ( -0.8800000000000000044, 0.000000000000000000, -5.900000000000000355 ) ) ;
#2003 = LINE ( 'NONE', #2968, #133 ) ;
#2004 = CIRCLE ( 'NONE', #3667, 0.5000000000000000000 ) ;
#2005 = COLOUR_RGB ( '',0.2509803921568627416, 0.2509803921568627416, 0.2509803921568627416 ) ;
#2006 = ORIENTED_EDGE ( 'NONE', *, *, #1972, .T. ) ;
#2007 = UNCERTAINTY_MEASURE_WITH_UNIT (LENGTH_MEASURE( 1.000000000000000082E-05 ), #76, 'distance_accuracy_value', 'NONE');
#2008 = VERTEX_POINT ( 'NONE', #1599 ) ;
#2009 = DIRECTION ( 'NONE',  ( 1.000000000000000000, 0.000000000000000000, -0.000000000000000000 ) ) ;
#2010 = MECHANICAL_DESIGN_GEOMETRIC_PRESENTATION_REPRESENTATION (  '', ( #3742 ), #2435 ) ;
#2011 = MECHANICAL_DESIGN_GEOMETRIC_PRESENTATION_REPRESENTATION (  '', ( #1611 ), #97 ) ;
#2012 = VECTOR ( 'NONE', #2709, 1000.000000000000000 ) ;
#2013 = DIRECTION ( 'NONE',  ( 0.000000000000000000, 0.000000000000000000, -1.000000000000000000 ) ) ;
#2014 = EDGE_CURVE ( 'NONE', #696, #3079, #683, .T. ) ;
#2015 = EDGE_CURVE ( 'NONE', #2387, #1249, #263, .T. ) ;
#2016 = ORIENTED_EDGE ( 'NONE', *, *, #523, .F. ) ;
#2017 = VECTOR ( 'NONE', #3414, 1000.000000000000000 ) ;
#2018 = PRESENTATION_LAYER_ASSIGNMENT (  '', '', ( #2640 ) ) ;
#2019 = DIRECTION ( 'NONE',  ( 1.000000000000000000, 0.000000000000000000, 0.000000000000000000 ) ) ;
#2020 =( NAMED_UNIT ( * ) PLANE_ANGLE_UNIT ( ) SI_UNIT ( $, .RADIAN. ) );
#2021 = COLOUR_RGB ( '',0.2509803921568627416, 0.2509803921568627416, 0.2509803921568627416 ) ;
#2022 = PRESENTATION_LAYER_ASSIGNMENT (  '', '', ( #38 ) ) ;
#2023 =( NAMED_UNIT ( * ) SI_UNIT ( $, .STERADIAN. ) SOLID_ANGLE_UNIT ( ) );
#2024 = ORIENTED_EDGE ( 'NONE', *, *, #2858, .F. ) ;
#2025 = CIRCLE ( 'NONE', #3489, 0.4999999999999998890 ) ;
#2026 = FILL_AREA_STYLE ('',( #2533 ) ) ;
#2027 = CARTESIAN_POINT ( 'NONE',  ( -6.985000000000000320, 0.000000000000000000, 0.8800000000000000044 ) ) ;
#2028 = COLOUR_RGB ( '',0.2509803921568627416, 0.2509803921568627416, 0.2509803921568627416 ) ;
#2029 = DIRECTION ( 'NONE',  ( -1.000000000000000000, 0.000000000000000000, 0.000000000000000000 ) ) ;
#2030 = DIRECTION ( 'NONE',  ( 1.000000000000000000, -0.000000000000000000, -0.000000000000000000 ) ) ;
#2031 = COLOUR_RGB ( '',0.2509803921568627416, 0.2509803921568627416, 0.2509803921568627416 ) ;
#2032 = SURFACE_STYLE_USAGE ( .BOTH. , #1009 ) ;
#2033 =( NAMED_UNIT ( * ) SI_UNIT ( $, .STERADIAN. ) SOLID_ANGLE_UNIT ( ) );
#2034 = DIRECTION ( 'NONE',  ( -0.000000000000000000, -1.000000000000000000, -0.000000000000000000 ) ) ;
#2035 = DIRECTION ( 'NONE',  ( -1.000000000000000000, 0.000000000000000000, 0.000000000000000000 ) ) ;
#2036 = ORIENTED_EDGE ( 'NONE', *, *, #3487, .T. ) ;
#2037 = AXIS2_PLACEMENT_3D ( 'NONE', #429, #1732, #3024 ) ;
#2038 = ORIENTED_EDGE ( 'NONE', *, *, #1869, .T. ) ;
#2039 =( NAMED_UNIT ( * ) PLANE_ANGLE_UNIT ( ) SI_UNIT ( $, .RADIAN. ) );
#2040 = SURFACE_SIDE_STYLE ('',( #86 ) ) ;
#2041 = COLOUR_RGB ( '',0.2509803921568627416, 0.2509803921568627416, 0.2509803921568627416 ) ;
#2042 = CARTESIAN_POINT ( 'NONE',  ( -1.149999999999999911, -0.1449999999999999900, -5.900000000000000355 ) ) ;
#2043 =( NAMED_UNIT ( * ) PLANE_ANGLE_UNIT ( ) SI_UNIT ( $, .RADIAN. ) );
#2044 = VERTEX_POINT ( 'NONE', #1293 ) ;
#2045 = CARTESIAN_POINT ( 'NONE',  ( -6.985000000000000320, 1.409999999999999920, -0.8800000000000000044 ) ) ;
#2046 = UNCERTAINTY_MEASURE_WITH_UNIT (LENGTH_MEASURE( 1.000000000000000082E-05 ), #1494, 'distance_accuracy_value', 'NONE');
#2047 = VECTOR ( 'NONE', #3885, 1000.000000000000000 ) ;
#2048 = ADVANCED_FACE ( 'NONE', ( #2589 ), #3905, .T. ) ;
#2049 = CARTESIAN_POINT ( 'NONE',  ( 5.899999999999998579, 0.3549999999999999822, 1.149999999999999911 ) ) ;
#2050 = DIRECTION ( 'NONE',  ( 1.000000000000000000, 0.000000000000000000, 0.000000000000000000 ) ) ;
#2051 = AXIS2_PLACEMENT_3D ( 'NONE', #2760, #3059, #1446 ) ;
#2052 = ORIENTED_EDGE ( 'NONE', *, *, #23, .F. ) ;
#2053 = ORIENTED_EDGE ( 'NONE', *, *, #2549, .F. ) ;
#2054 =( NAMED_UNIT ( * ) SI_UNIT ( $, .STERADIAN. ) SOLID_ANGLE_UNIT ( ) );
#2055 = FILL_AREA_STYLE_COLOUR ( '', #998 ) ;
#2056 = LINE ( 'NONE', #2303, #3259 ) ;
#2057 = CARTESIAN_POINT ( 'NONE',  ( 5.740000000000000213, 0.000000000000000000, 5.490000000000000213 ) ) ;
#2058 =( NAMED_UNIT ( * ) PLANE_ANGLE_UNIT ( ) SI_UNIT ( $, .RADIAN. ) );
#2059 = DIRECTION ( 'NONE',  ( -1.000000000000000000, 0.000000000000000000, -0.000000000000000000 ) ) ;
#2060 = VERTEX_POINT ( 'NONE', #1662 ) ;
#2061 = DIRECTION ( 'NONE',  ( 0.000000000000000000, 0.000000000000000000, -1.000000000000000000 ) ) ;
#2062 = SURFACE_STYLE_FILL_AREA ( #112 ) ;
#2063 = DIRECTION ( 'NONE',  ( 0.7071067811865475727, 0.000000000000000000, 0.7071067811865475727 ) ) ;
#2064 = ORIENTED_EDGE ( 'NONE', *, *, #1384, .F. ) ;
#2065 = CARTESIAN_POINT ( 'NONE',  ( 6.700000000000000178, 0.000000000000000000, 0.000000000000000000 ) ) ;
#2066 = SURFACE_STYLE_USAGE ( .BOTH. , #3345 ) ;
#2067 = LINE ( 'NONE', #2338, #492 ) ;
#2068 = CARTESIAN_POINT ( 'NONE',  ( -1.149999999999999911, 0.3549999999999999822, -5.900000000000000355 ) ) ;
#2069 = ORIENTED_EDGE ( 'NONE', *, *, #1984, .F. ) ;
#2070 = ORIENTED_EDGE ( 'NONE', *, *, #3349, .T. ) ;
#2071 = CARTESIAN_POINT ( 'NONE',  ( 0.8800000000000000044, 1.409999999999999920, -6.985000000000000320 ) ) ;
#2072 = DIRECTION ( 'NONE',  ( -1.000000000000000000, 0.000000000000000000, -0.000000000000000000 ) ) ;
#2073 = EDGE_CURVE ( 'NONE', #797, #1862, #721, .T. ) ;
#2074 = ADVANCED_FACE ( 'NONE', ( #2386 ), #3707, .T. ) ;
#2075 =( NAMED_UNIT ( * ) PLANE_ANGLE_UNIT ( ) SI_UNIT ( $, .RADIAN. ) );
#2076 = AXIS2_PLACEMENT_3D ( 'NONE', #1855, #2119, #1574 ) ;
#2077 = CARTESIAN_POINT ( 'NONE',  ( 0.8799999999999996714, 0.000000000000000000, -5.740000000000000213 ) ) ;
#2078 = LINE ( 'NONE', #3676, #1063 ) ;
#2079 = CARTESIAN_POINT ( 'NONE',  ( -1.149999999999999911, 1.054999999999999938, -6.700000000000001066 ) ) ;
#2080 = STYLED_ITEM ( 'NONE', ( #1763 ), #4249 ) ;
#2081 = VERTEX_POINT ( 'NONE', #1686 ) ;
#2082 = LINE ( 'NONE', #404, #27 ) ;
#2083 = COLOUR_RGB ( '',0.2509803921568627416, 0.2509803921568627416, 0.2509803921568627416 ) ;
#2084 = DIRECTION ( 'NONE',  ( 0.000000000000000000, 0.000000000000000000, 1.000000000000000000 ) ) ;
#2085 = DIRECTION ( 'NONE',  ( 1.000000000000000000, 0.000000000000000000, -0.000000000000000000 ) ) ;
#2086 = ORIENTED_EDGE ( 'NONE', *, *, #4, .F. ) ;
#2087 = VECTOR ( 'NONE', #541, 1000.000000000000000 ) ;
#2088 = SURFACE_STYLE_USAGE ( .BOTH. , #3499 ) ;
#2089 = MECHANICAL_DESIGN_GEOMETRIC_PRESENTATION_REPRESENTATION (  '', ( #800 ), #170 ) ;
#2090 = FACE_OUTER_BOUND ( 'NONE', #3164, .T. ) ;
#2091 = SURFACE_SIDE_STYLE ('',( #4183 ) ) ;
#2092 = MECHANICAL_DESIGN_GEOMETRIC_PRESENTATION_REPRESENTATION (  '', ( #1688 ), #37 ) ;
#2093 = PRESENTATION_LAYER_ASSIGNMENT (  '', '', ( #3881 ) ) ;
#2094 = LINE ( 'NONE', #3991, #3903 ) ;
#2095 = ORIENTED_EDGE ( 'NONE', *, *, #1484, .F. ) ;
#2096 = ORIENTED_EDGE ( 'NONE', *, *, #1306, .F. ) ;
#2097 = PRESENTATION_LAYER_ASSIGNMENT (  '', '', ( #3418 ) ) ;
#2098 = MECHANICAL_DESIGN_GEOMETRIC_PRESENTATION_REPRESENTATION (  '', ( #2843 ), #180 ) ;
#2099 =( GEOMETRIC_REPRESENTATION_CONTEXT ( 3 ) GLOBAL_UNCERTAINTY_ASSIGNED_CONTEXT ( ( #2795 ) ) GLOBAL_UNIT_ASSIGNED_CONTEXT ( ( #342, #3237, #1627 ) ) REPRESENTATION_CONTEXT ( 'NONE', 'WORKASPACE' ) );
#2100 = FILL_AREA_STYLE ('',( #807 ) ) ;
#2101 = ADVANCED_FACE ( 'NONE', ( #3002 ), #3019, .T. ) ;
#2102 = PRESENTATION_STYLE_ASSIGNMENT (( #489 ) ) ;
#2103 = EDGE_CURVE ( 'NONE', #539, #3891, #3283, .T. ) ;
#2104 = PRESENTATION_LAYER_ASSIGNMENT (  '', '', ( #3346 ) ) ;
#2105 = MECHANICAL_DESIGN_GEOMETRIC_PRESENTATION_REPRESENTATION (  '', ( #3962 ), #1253 ) ;
#2106 =( NAMED_UNIT ( * ) SI_UNIT ( $, .STERADIAN. ) SOLID_ANGLE_UNIT ( ) );
#2107 = VERTEX_POINT ( 'NONE', #4096 ) ;
#2108 = SURFACE_STYLE_USAGE ( .BOTH. , #2409 ) ;
#2109 = STYLED_ITEM ( 'NONE', ( #1861 ), #1537 ) ;
#2110 = CARTESIAN_POINT ( 'NONE',  ( -6.700000000000001066, -0.1449999999999999900, 0.6500000000000001332 ) ) ;
#2111 = VECTOR ( 'NONE', #1242, 1000.000000000000000 ) ;
#2112 = UNCERTAINTY_MEASURE_WITH_UNIT (LENGTH_MEASURE( 1.000000000000000082E-05 ), #4132, 'distance_accuracy_value', 'NONE');
#2113 = FILL_AREA_STYLE ('',( #817 ) ) ;
#2114 = VERTEX_POINT ( 'NONE', #3091 ) ;
#2115 = FACE_OUTER_BOUND ( 'NONE', #3450, .T. ) ;
#2116 = LINE ( 'NONE', #1178, #305 ) ;
#2117 = COLOUR_RGB ( '',0.2509803921568627416, 0.2509803921568627416, 0.2509803921568627416 ) ;
#2118 = DIRECTION ( 'NONE',  ( -0.000000000000000000, -0.000000000000000000, -1.000000000000000000 ) ) ;
#2119 = DIRECTION ( 'NONE',  ( 1.000000000000000000, -0.000000000000000000, 0.000000000000000000 ) ) ;
#2120 = ORIENTED_EDGE ( 'NONE', *, *, #4, .T. ) ;
#2121 = PRESENTATION_LAYER_ASSIGNMENT (  '', '', ( #3143 ) ) ;
#2122 = ORIENTED_EDGE ( 'NONE', *, *, #4137, .T. ) ;
#2123 = SURFACE_SIDE_STYLE ('',( #3735 ) ) ;
#2124 = VECTOR ( 'NONE', #3372, 1000.000000000000000 ) ;
#2125 = FILL_AREA_STYLE ('',( #3824 ) ) ;
#2126 =( NAMED_UNIT ( * ) PLANE_ANGLE_UNIT ( ) SI_UNIT ( $, .RADIAN. ) );
#2127 = CARTESIAN_POINT ( 'NONE',  ( 0.000000000000000000, 0.000000000000000000, 0.000000000000000000 ) ) ;
#2128 =( LENGTH_UNIT ( ) NAMED_UNIT ( * ) SI_UNIT ( .MILLI., .METRE. ) );
#2129 = SURFACE_STYLE_FILL_AREA ( #2825 ) ;
#2130 = VERTEX_POINT ( 'NONE', #1772 ) ;
#2131 = LINE ( 'NONE', #2816, #1950 ) ;
#2132 = CARTESIAN_POINT ( 'NONE',  ( -1.149999999999999911, 1.554999999999999938, 6.700000000000000178 ) ) ;
#2133 = EDGE_LOOP ( 'NONE', ( #2682, #785, #3776, #2554 ) ) ;
#2134 = EDGE_CURVE ( 'NONE', #3161, #3498, #3416, .T. ) ;
#2135 = EDGE_CURVE ( 'NONE', #3161, #1014, #155, .T. ) ;
#2136 = DIRECTION ( 'NONE',  ( -1.000000000000000000, 0.000000000000000000, -0.000000000000000000 ) ) ;
#2137 = SURFACE_STYLE_USAGE ( .BOTH. , #2462 ) ;
#2138 = ORIENTED_EDGE ( 'NONE', *, *, #1080, .F. ) ;
#2139 =( LENGTH_UNIT ( ) NAMED_UNIT ( * ) SI_UNIT ( .MILLI., .METRE. ) );
#2140 = SURFACE_STYLE_FILL_AREA ( #2125 ) ;
#2141 = SURFACE_STYLE_USAGE ( .BOTH. , #1532 ) ;
#2142 = CARTESIAN_POINT ( 'NONE',  ( -6.700000000000000178, 0.000000000000000000, 0.000000000000000000 ) ) ;
#2143 = EDGE_LOOP ( 'NONE', ( #2525, #3745, #1644, #3679 ) ) ;
#2144 =( NAMED_UNIT ( * ) SI_UNIT ( $, .STERADIAN. ) SOLID_ANGLE_UNIT ( ) );
#2145 = DIRECTION ( 'NONE',  ( -0.000000000000000000, 1.000000000000000000, 0.000000000000000000 ) ) ;
#2146 =( GEOMETRIC_REPRESENTATION_CONTEXT ( 3 ) GLOBAL_UNCERTAINTY_ASSIGNED_CONTEXT ( ( #116 ) ) GLOBAL_UNIT_ASSIGNED_CONTEXT ( ( #2448, #863, #2787 ) ) REPRESENTATION_CONTEXT ( 'NONE', 'WORKASPACE' ) );
#2147 = SURFACE_SIDE_STYLE ('',( #4121 ) ) ;
#2148 = ORIENTED_EDGE ( 'NONE', *, *, #926, .T. ) ;
#2149 = DIRECTION ( 'NONE',  ( -0.000000000000000000, 1.000000000000000000, 0.000000000000000000 ) ) ;
#2150 = EDGE_CURVE ( 'NONE', #1260, #3354, #2749, .T. ) ;
#2151 = ADVANCED_FACE ( 'NONE', ( #2459 ), #1794, .T. ) ;
#2152 = VECTOR ( 'NONE', #2456, 1000.000000000000000 ) ;
#2153 = LINE ( 'NONE', #3468, #1433 ) ;
#2154 = VERTEX_POINT ( 'NONE', #3675 ) ;
#2155 = AXIS2_PLACEMENT_3D ( 'NONE', #3014, #1422, #711 ) ;
#2156 = AXIS2_PLACEMENT_3D ( 'NONE', #838, #2771, #4099 ) ;
#2157 = FILL_AREA_STYLE ('',( #2196 ) ) ;
#2158 = MECHANICAL_DESIGN_GEOMETRIC_PRESENTATION_REPRESENTATION (  '', ( #605 ), #1555 ) ;
#2159 = AXIS2_PLACEMENT_3D ( 'NONE', #2478, #561, #872 ) ;
#2160 = EDGE_LOOP ( 'NONE', ( #4043, #945, #2499, #2181 ) ) ;
#2161 = CARTESIAN_POINT ( 'NONE',  ( -5.899999999999998579, 0.3549999999999999822, -0.6500000000000001332 ) ) ;
#2162 = DIRECTION ( 'NONE',  ( 0.000000000000000000, 1.000000000000000000, -0.000000000000000000 ) ) ;
#2163 = CARTESIAN_POINT ( 'NONE',  ( 0.000000000000000000, 1.409999999999999920, -6.700000000000000178 ) ) ;
#2164 = FILL_AREA_STYLE ('',( #2185 ) ) ;
#2165 = VECTOR ( 'NONE', #1232, 1000.000000000000000 ) ;
#2166 = LINE ( 'NONE', #869, #3761 ) ;
#2167 = EDGE_LOOP ( 'NONE', ( #1987, #4171, #2715, #3636, #729, #1475, #1083, #1075 ) ) ;
#2168 = LINE ( 'NONE', #1790, #4017 ) ;
#2169 = CARTESIAN_POINT ( 'NONE',  ( 5.739988896777236782, 6.229785152075602461, -5.591882735051243003 ) ) ;
#2170 = UNCERTAINTY_MEASURE_WITH_UNIT (LENGTH_MEASURE( 1.000000000000000082E-05 ), #1098, 'distance_accuracy_value', 'NONE');
#2171 = EDGE_LOOP ( 'NONE', ( #4252, #162, #1105, #3217 ) ) ;
#2172 = AXIS2_PLACEMENT_3D ( 'NONE', #2744, #2701, #740 ) ;
#2173 = LINE ( 'NONE', #3500, #2000 ) ;
#2174 =( GEOMETRIC_REPRESENTATION_CONTEXT ( 3 ) GLOBAL_UNCERTAINTY_ASSIGNED_CONTEXT ( ( #497 ) ) GLOBAL_UNIT_ASSIGNED_CONTEXT ( ( #433, #1115, #1723 ) ) REPRESENTATION_CONTEXT ( 'NONE', 'WORKASPACE' ) );
#2175 = ORIENTED_EDGE ( 'NONE', *, *, #2103, .F. ) ;
#2176 = VECTOR ( 'NONE', #3351, 1000.000000000000000 ) ;
#2177 = ADVANCED_FACE ( 'NONE', ( #1118 ), #3701, .T. ) ;
#2178 = FILL_AREA_STYLE_COLOUR ( '', #1001 ) ;
#2179 =( NAMED_UNIT ( * ) PLANE_ANGLE_UNIT ( ) SI_UNIT ( $, .RADIAN. ) );
#2180 = ADVANCED_FACE ( 'NONE', ( #2662, #3361 ), #3015, .F. ) ;
#2181 = ORIENTED_EDGE ( 'NONE', *, *, #3737, .T. ) ;
#2182 =( GEOMETRIC_REPRESENTATION_CONTEXT ( 3 ) GLOBAL_UNCERTAINTY_ASSIGNED_CONTEXT ( ( #1340 ) ) GLOBAL_UNIT_ASSIGNED_CONTEXT ( ( #936, #1985, #3674 ) ) REPRESENTATION_CONTEXT ( 'NONE', 'WORKASPACE' ) );
#2183 =( NAMED_UNIT ( * ) SI_UNIT ( $, .STERADIAN. ) SOLID_ANGLE_UNIT ( ) );
#2184 = DIRECTION ( 'NONE',  ( -0.000000000000000000, -1.000000000000000000, -0.000000000000000000 ) ) ;
#2185 = FILL_AREA_STYLE_COLOUR ( '', #2910 ) ;
#2186 = DIRECTION ( 'NONE',  ( 1.000000000000000000, 0.000000000000000000, 0.000000000000000000 ) ) ;
#2187 = MECHANICAL_DESIGN_GEOMETRIC_PRESENTATION_REPRESENTATION (  '', ( #630 ), #346 ) ;
#2188 = VERTEX_POINT ( 'NONE', #2824 ) ;
#2189 = DIRECTION ( 'NONE',  ( -0.000000000000000000, 1.000000000000000000, -0.000000000000000000 ) ) ;
#2190 = ORIENTED_EDGE ( 'NONE', *, *, #2907, .F. ) ;
#2191 = PRESENTATION_STYLE_ASSIGNMENT (( #3919 ) ) ;
#2192 = DIRECTION ( 'NONE',  ( 0.000000000000000000, 1.000000000000000000, -0.000000000000000000 ) ) ;
#2193 = SURFACE_SIDE_STYLE ('',( #1478 ) ) ;
#2194 = ORIENTED_EDGE ( 'NONE', *, *, #3603, .F. ) ;
#2195 = UNCERTAINTY_MEASURE_WITH_UNIT (LENGTH_MEASURE( 1.000000000000000082E-05 ), #1099, 'distance_accuracy_value', 'NONE');
#2196 = FILL_AREA_STYLE_COLOUR ( '', #3756 ) ;
#2197 = CARTESIAN_POINT ( 'NONE',  ( -1.149999999999999911, -0.1449999999999999900, 6.700000000000000178 ) ) ;
#2198 = ORIENTED_EDGE ( 'NONE', *, *, #3685, .F. ) ;
#2199 = CARTESIAN_POINT ( 'NONE',  ( -5.489999999999998437, 6.334999999999999964, 5.490000000000000213 ) ) ;
#2200 = DIRECTION ( 'NONE',  ( -0.000000000000000000, 1.000000000000000000, 0.000000000000000000 ) ) ;
#2201 = DIRECTION ( 'NONE',  ( 0.000000000000000000, 0.000000000000000000, -1.000000000000000000 ) ) ;
#2202 = EDGE_CURVE ( 'NONE', #2513, #1590, #2810, .T. ) ;
#2203 = ADVANCED_FACE ( 'NONE', ( #4175 ), #4113, .T. ) ;
#2204 = ORIENTED_EDGE ( 'NONE', *, *, #3, .T. ) ;
#2205 = FACE_OUTER_BOUND ( 'NONE', #3692, .T. ) ;
#2206 = LINE ( 'NONE', #4180, #2830 ) ;
#2207 = DIRECTION ( 'NONE',  ( 0.000000000000000000, -0.000000000000000000, 1.000000000000000000 ) ) ;
#2208 = ORIENTED_EDGE ( 'NONE', *, *, #2528, .F. ) ;
#2209 =( NAMED_UNIT ( * ) SI_UNIT ( $, .STERADIAN. ) SOLID_ANGLE_UNIT ( ) );
#2210 = DIRECTION ( 'NONE',  ( -1.000000000000000000, 0.000000000000000000, -0.000000000000000000 ) ) ;
#2211 = DIRECTION ( 'NONE',  ( -0.7071067811865474617, 0.000000000000000000, 0.7071067811865474617 ) ) ;
#2212 = LINE ( 'NONE', #1962, #4112 ) ;
#2213 = CIRCLE ( 'NONE', #2431, 0.5000000000000000000 ) ;
#2214 = ORIENTED_EDGE ( 'NONE', *, *, #1770, .T. ) ;
#2215 = VECTOR ( 'NONE', #426, 1000.000000000000000 ) ;
#2216 = CARTESIAN_POINT ( 'NONE',  ( 5.562447799860083641, 6.616105590733192265, 5.489999999999997549 ) ) ;
#2217 = ORIENTED_EDGE ( 'NONE', *, *, #325, .T. ) ;
#2218 = ORIENTED_EDGE ( 'NONE', *, *, #1403, .F. ) ;
#2219 = DIRECTION ( 'NONE',  ( -0.000000000000000000, -1.000000000000000000, 0.000000000000000000 ) ) ;
#2220 =( LENGTH_UNIT ( ) NAMED_UNIT ( * ) SI_UNIT ( .MILLI., .METRE. ) );
#2221 = DIRECTION ( 'NONE',  ( -1.000000000000000000, 0.000000000000000000, 0.000000000000000000 ) ) ;
#2222 = CARTESIAN_POINT ( 'NONE',  ( 5.900000000000000355, 1.554999999999999938, 1.149999999999999911 ) ) ;
#2223 = VERTEX_POINT ( 'NONE', #3847 ) ;
#2224 = EDGE_CURVE ( 'NONE', #256, #444, #909, .T. ) ;
#2225 = EDGE_CURVE ( 'NONE', #1567, #3142, #2846, .T. ) ;
#2226 = FILL_AREA_STYLE ('',( #4152 ) ) ;
#2227 = DIRECTION ( 'NONE',  ( 0.000000000000000000, -0.000000000000000000, 1.000000000000000000 ) ) ;
#2228 = ORIENTED_EDGE ( 'NONE', *, *, #626, .T. ) ;
#2229 = AXIS2_PLACEMENT_3D ( 'NONE', #634, #2236, #2926 ) ;
#2230 = SURFACE_STYLE_USAGE ( .BOTH. , #2193 ) ;
#2231 = AXIS2_PLACEMENT_3D ( 'NONE', #129, #830, #1788 ) ;
#2232 = CARTESIAN_POINT ( 'NONE',  ( -5.900000000000000355, 1.554999999999999938, 0.6500000000000001332 ) ) ;
#2233 = ORIENTED_EDGE ( 'NONE', *, *, #1324, .F. ) ;
#2234 = CARTESIAN_POINT ( 'NONE',  ( 0.6500000000000001332, -0.1449999999999999900, 25.19629199999999969 ) ) ;
#2235 = STYLED_ITEM ( 'NONE', ( #2718 ), #1535 ) ;
#2236 = DIRECTION ( 'NONE',  ( -1.000000000000000000, 0.000000000000000000, 0.000000000000000000 ) ) ;
#2237 = CARTESIAN_POINT ( 'NONE',  ( 5.666776695296640298, 6.511776695296639161, 5.490000000000001990 ) ) ;
#2238 = AXIS2_PLACEMENT_3D ( 'NONE', #2562, #2897, #4233 ) ;
#2239 = ORIENTED_EDGE ( 'NONE', *, *, #2481, .F. ) ;
#2240 = CARTESIAN_POINT ( 'NONE',  ( -0.6500000000000001332, -0.1449999999999999900, -25.19629199999999969 ) ) ;
#2241 = DIRECTION ( 'NONE',  ( 1.000000000000000000, -0.000000000000000000, -0.000000000000000000 ) ) ;
#2242 =( LENGTH_UNIT ( ) NAMED_UNIT ( * ) SI_UNIT ( .MILLI., .METRE. ) );
#2243 = CARTESIAN_POINT ( 'NONE',  ( 0.6500000000000001332, 0.3549999999999999822, 5.899999999999998579 ) ) ;
#2244 =( GEOMETRIC_REPRESENTATION_CONTEXT ( 3 ) GLOBAL_UNCERTAINTY_ASSIGNED_CONTEXT ( ( #3312 ) ) GLOBAL_UNIT_ASSIGNED_CONTEXT ( ( #988, #285, #2617 ) ) REPRESENTATION_CONTEXT ( 'NONE', 'WORKASPACE' ) );
#2245 = CIRCLE ( 'NONE', #2803, 0.5000000000000000000 ) ;
#2246 = ORIENTED_EDGE ( 'NONE', *, *, #3439, .T. ) ;
#2247 = CARTESIAN_POINT ( 'NONE',  ( 5.739988896777236782, 6.436882735051245419, -5.384785152075600045 ) ) ;
#2248 = LINE ( 'NONE', #3575, #1807 ) ;
#2249 = AXIS2_PLACEMENT_3D ( 'NONE', #1864, #949, #3549 ) ;
#2250 = CARTESIAN_POINT ( 'NONE',  ( -5.740000000000000213, 0.000000000000000000, -1.635999999999999899 ) ) ;
#2251 = SURFACE_STYLE_USAGE ( .BOTH. , #2330 ) ;
#2252 = ORIENTED_EDGE ( 'NONE', *, *, #59, .F. ) ;
#2253 = PRESENTATION_STYLE_ASSIGNMENT (( #3516 ) ) ;
#2254 = CARTESIAN_POINT ( 'NONE',  ( 25.19629199999999969, 1.054999999999999938, 0.6500000000000001332 ) ) ;
#2255 = LINE ( 'NONE', #361, #2839 ) ;
#2256 = ADVANCED_FACE ( 'NONE', ( #1786 ), #3128, .T. ) ;
#2257 = EDGE_CURVE ( 'NONE', #1642, #1440, #1514, .T. ) ;
#2258 = ORIENTED_EDGE ( 'NONE', *, *, #2297, .F. ) ;
#2259 = CYLINDRICAL_SURFACE ( 'NONE', #4084, 0.4999999999999998890 ) ;
#2260 = CARTESIAN_POINT ( 'NONE',  ( -5.741379439399342033, 6.541782978553065675, 5.488533432351153429 ) ) ;
#2261 = CARTESIAN_POINT ( 'NONE',  ( 5.562447799860083641, 6.616105590733194930, 5.576428886874449375 ) ) ;
#2262 = FACE_OUTER_BOUND ( 'NONE', #2536, .T. ) ;
#2263 = CARTESIAN_POINT ( 'NONE',  ( 6.985000000000000320, 0.000000000000000000, -0.8800000000000000044 ) ) ;
#2264 = FACE_OUTER_BOUND ( 'NONE', #3815, .T. ) ;
#2265 = CARTESIAN_POINT ( 'NONE',  ( -5.740000000000000213, 6.334999999999999964, 5.740000000000000213 ) ) ;
#2266 = ORIENTED_EDGE ( 'NONE', *, *, #1685, .T. ) ;
#2267 = SURFACE_STYLE_FILL_AREA ( #3559 ) ;
#2268 = DIRECTION ( 'NONE',  ( 0.000000000000000000, 0.000000000000000000, -1.000000000000000000 ) ) ;
#2269 = CARTESIAN_POINT ( 'NONE',  ( -5.899999999999999467, 1.054999999999999938, -1.149999999999999911 ) ) ;
#2270 = LINE ( 'NONE', #979, #2856 ) ;
#2271 = ORIENTED_EDGE ( 'NONE', *, *, #1428, .F. ) ;
#2272 = EDGE_CURVE ( 'NONE', #2341, #3906, #1646, .T. ) ;
#2273 = EDGE_CURVE ( 'NONE', #107, #3548, #1587, .T. ) ;
#2274 = STYLED_ITEM ( 'NONE', ( #3869 ), #4081 ) ;
#2275 = FILL_AREA_STYLE ('',( #31 ) ) ;
#2276 = VERTEX_POINT ( 'NONE', #3347 ) ;
#2277 =( NAMED_UNIT ( * ) PLANE_ANGLE_UNIT ( ) SI_UNIT ( $, .RADIAN. ) );
#2278 = CARTESIAN_POINT ( 'NONE',  ( 6.985000000000000320, 0.000000000000000000, -0.8800000000000000044 ) ) ;
#2279 = FILL_AREA_STYLE ('',( #3949 ) ) ;
#2280 = CIRCLE ( 'NONE', #3943, 0.2500000000000002220 ) ;
#2281 = CARTESIAN_POINT ( 'NONE',  ( 6.700000000000001066, -0.1449999999999999900, -0.6500000000000001332 ) ) ;
#2282 = FACE_OUTER_BOUND ( 'NONE', #1679, .T. ) ;
#2283 = DIRECTION ( 'NONE',  ( 1.000000000000000000, -0.000000000000000000, 0.000000000000000000 ) ) ;
#2284 = COLOUR_RGB ( '',0.2509803921568627416, 0.2509803921568627416, 0.2509803921568627416 ) ;
#2285 = DIRECTION ( 'NONE',  ( 0.000000000000000000, 0.000000000000000000, 1.000000000000000000 ) ) ;
#2286 = ORIENTED_EDGE ( 'NONE', *, *, #677, .F. ) ;
#2287 =( NAMED_UNIT ( * ) PLANE_ANGLE_UNIT ( ) SI_UNIT ( $, .RADIAN. ) );
#2288 = SURFACE_STYLE_FILL_AREA ( #1288 ) ;
#2289 =( GEOMETRIC_REPRESENTATION_CONTEXT ( 3 ) GLOBAL_UNCERTAINTY_ASSIGNED_CONTEXT ( ( #584 ) ) GLOBAL_UNIT_ASSIGNED_CONTEXT ( ( #1549, #1316, #3626 ) ) REPRESENTATION_CONTEXT ( 'NONE', 'WORKASPACE' ) );
#2290 = CARTESIAN_POINT ( 'NONE',  ( -4.160876167244000001, 0.000000000000000000, -0.8800000000000000044 ) ) ;
#2291 = MECHANICAL_DESIGN_GEOMETRIC_PRESENTATION_REPRESENTATION (  '', ( #3418 ), #397 ) ;
#2292 =( GEOMETRIC_REPRESENTATION_CONTEXT ( 3 ) GLOBAL_UNCERTAINTY_ASSIGNED_CONTEXT ( ( #2735 ) ) GLOBAL_UNIT_ASSIGNED_CONTEXT ( ( #2001, #2075, #3379 ) ) REPRESENTATION_CONTEXT ( 'NONE', 'WORKASPACE' ) );
#2293 = DIRECTION ( 'NONE',  ( -1.000000000000000000, -0.000000000000000000, -0.000000000000000000 ) ) ;
#2294 = ORIENTED_EDGE ( 'NONE', *, *, #3504, .F. ) ;
#2295 = CARTESIAN_POINT ( 'NONE',  ( 6.700000000000000178, -0.1449999999999999900, 1.149999999999999911 ) ) ;
#2296 = ORIENTED_EDGE ( 'NONE', *, *, #2859, .F. ) ;
#2297 = EDGE_CURVE ( 'NONE', #2508, #1856, #3889, .T. ) ;
#2298 = ORIENTED_EDGE ( 'NONE', *, *, #3401, .F. ) ;
#2299 = UNCERTAINTY_MEASURE_WITH_UNIT (LENGTH_MEASURE( 1.000000000000000082E-05 ), #3795, 'distance_accuracy_value', 'NONE');
#2300 = PRESENTATION_STYLE_ASSIGNMENT (( #3027 ) ) ;
#2301 = CIRCLE ( 'NONE', #3560, 0.4999999999999998890 ) ;
#2302 = ADVANCED_FACE ( 'NONE', ( #2868 ), #3005, .T. ) ;
#2303 = CARTESIAN_POINT ( 'NONE',  ( 5.900000000000000355, 1.554999999999999938, 0.6500000000000000222 ) ) ;
#2304 = PRESENTATION_LAYER_ASSIGNMENT (  '', '', ( #3624 ) ) ;
#2305 = DIRECTION ( 'NONE',  ( 0.000000000000000000, 0.000000000000000000, 1.000000000000000000 ) ) ;
#2306 = STYLED_ITEM ( 'NONE', ( #3319 ), #2302 ) ;
#2307 = DIRECTION ( 'NONE',  ( -0.000000000000000000, -1.000000000000000000, -0.000000000000000000 ) ) ;
#2308 = UNCERTAINTY_MEASURE_WITH_UNIT (LENGTH_MEASURE( 1.000000000000000082E-05 ), #1495, 'distance_accuracy_value', 'NONE');
#2309 = LINE ( 'NONE', #1388, #1290 ) ;
#2310 = PRESENTATION_LAYER_ASSIGNMENT (  '', '', ( #3293 ) ) ;
#2311 = LINE ( 'NONE', #2941, #3110 ) ;
#2312 = VERTEX_POINT ( 'NONE', #28 ) ;
#2313 = FILL_AREA_STYLE_COLOUR ( '', #1689 ) ;
#2314 = SURFACE_STYLE_USAGE ( .BOTH. , #3966 ) ;
#2315 = CARTESIAN_POINT ( 'NONE',  ( 5.489999999999999325, 6.585000000000000853, -5.489999999999999325 ) ) ;
#2316 = DIRECTION ( 'NONE',  ( -1.000000000000000000, 0.000000000000000000, -0.000000000000000000 ) ) ;
#2317 = CARTESIAN_POINT ( 'NONE',  ( -5.489999999998945057, 6.585000000000000853, -1.532446609408064653 ) ) ;
#2318 = ORIENTED_EDGE ( 'NONE', *, *, #3602, .F. ) ;
#2319 = PRESENTATION_STYLE_ASSIGNMENT (( #1381 ) ) ;
#2320 =( BOUNDED_SURFACE ( )  B_SPLINE_SURFACE ( 3, 3, ( 
 ( #2961, #3622, #2237, #2651 ),
 ( #2216, #2261, #610, #1908 ),
 ( #4262, #278, #1585, #4213 ),
 ( #1628, #635, #1928, #2902 ) ),
 .UNSPECIFIED., .F., .F., .F. ) 
 B_SPLINE_SURFACE_WITH_KNOTS ( ( 4, 4 ),
 ( 4, 4 ),
 ( 0.000000000000000000, 1.000000000000000000 ),
 ( 0.000000000000000000, 1.000000000000000000 ),
 .UNSPECIFIED. ) 
 GEOMETRIC_REPRESENTATION_ITEM ( )  RATIONAL_B_SPLINE_SURFACE ( (
 ( 1.000000000000000000, 0.8047378541243589423, 0.8047378541243589423, 1.000000000000000000),
 ( 0.8025111867385903430, 0.6458111303268059267, 0.6458111303268059267, 0.8025111867385903430),
 ( 0.8025111867385903430, 0.6458111303268059267, 0.6458111303268059267, 0.8025111867385903430),
 ( 1.000000000000000000, 0.8047378541243589423, 0.8047378541243589423, 1.000000000000000000) ) ) 
 REPRESENTATION_ITEM ( '' )  SURFACE ( )  );
#2321 = CARTESIAN_POINT ( 'NONE',  ( 6.700000000000001066, 0.3549999999999999822, 0.6500000000000001332 ) ) ;
#2322 = LINE ( 'NONE', #984, #4177 ) ;
#2323 = PRESENTATION_STYLE_ASSIGNMENT (( #2347 ) ) ;
#2324 = FILL_AREA_STYLE ('',( #987 ) ) ;
#2325 = FACE_BOUND ( 'NONE', #3167, .T. ) ;
#2326 = EDGE_CURVE ( 'NONE', #564, #339, #386, .T. ) ;
#2327 = SURFACE_STYLE_FILL_AREA ( #1031 ) ;
#2328 = EDGE_CURVE ( 'NONE', #2353, #1010, #896, .T. ) ;
#2329 = FACE_BOUND ( 'NONE', #3502, .T. ) ;
#2330 = SURFACE_SIDE_STYLE ('',( #3899 ) ) ;
#2331 = ORIENTED_EDGE ( 'NONE', *, *, #1606, .T. ) ;
#2332 = FACE_OUTER_BOUND ( 'NONE', #2629, .T. ) ;
#2333 =( LENGTH_UNIT ( ) NAMED_UNIT ( * ) SI_UNIT ( .MILLI., .METRE. ) );
#2334 =( NAMED_UNIT ( * ) PLANE_ANGLE_UNIT ( ) SI_UNIT ( $, .RADIAN. ) );
#2335 = ORIENTED_EDGE ( 'NONE', *, *, #3349, .F. ) ;
#2336 = DIRECTION ( 'NONE',  ( 0.000000000000000000, 0.000000000000000000, -1.000000000000000000 ) ) ;
#2337 = LINE ( 'NONE', #2710, #2763 ) ;
#2338 = CARTESIAN_POINT ( 'NONE',  ( 5.900000000000000355, 0.000000000000000000, 0.000000000000000000 ) ) ;
#2339 = CARTESIAN_POINT ( 'NONE',  ( -5.900000000000000355, 0.000000000000000000, 1.149999999999999911 ) ) ;
#2340 = ORIENTED_EDGE ( 'NONE', *, *, #2015, .F. ) ;
#2341 = VERTEX_POINT ( 'NONE', #1354 ) ;
#2342 = VECTOR ( 'NONE', #1573, 1000.000000000000000 ) ;
#2343 = PRESENTATION_STYLE_ASSIGNMENT (( #347 ) ) ;
#2344 = LINE ( 'NONE', #780, #878 ) ;
#2345 = FILL_AREA_STYLE_COLOUR ( '', #2792 ) ;
#2346 = VECTOR ( 'NONE', #686, 1000.000000000000000 ) ;
#2347 = SURFACE_STYLE_USAGE ( .BOTH. , #1044 ) ;
#2348 =( NAMED_UNIT ( * ) SI_UNIT ( $, .STERADIAN. ) SOLID_ANGLE_UNIT ( ) );
#2349 = DIRECTION ( 'NONE',  ( 0.000000000000000000, 1.000000000000000000, 0.000000000000000000 ) ) ;
#2350 = SURFACE_STYLE_USAGE ( .BOTH. , #3648 ) ;
#2351 = CARTESIAN_POINT ( 'NONE',  ( 5.490000000000000213, 0.000000000000000000, -5.740000000000000213 ) ) ;
#2352 = COLOUR_RGB ( '',0.2509803921568627416, 0.2509803921568627416, 0.2509803921568627416 ) ;
#2353 = VERTEX_POINT ( 'NONE', #1993 ) ;
#2354 = EDGE_CURVE ( 'NONE', #2060, #1925, #343, .T. ) ;
#2355 = EDGE_CURVE ( 'NONE', #920, #275, #2649, .T. ) ;
#2356 = ORIENTED_EDGE ( 'NONE', *, *, #3652, .T. ) ;
#2357 =( LENGTH_UNIT ( ) NAMED_UNIT ( * ) SI_UNIT ( .MILLI., .METRE. ) );
#2358 = SURFACE_SIDE_STYLE ('',( #2410 ) ) ;
#2359 = STYLED_ITEM ( 'NONE', ( #699 ), #351 ) ;
#2360 = VECTOR ( 'NONE', #3072, 1000.000000000000000 ) ;
#2361 = ORIENTED_EDGE ( 'NONE', *, *, #2355, .T. ) ;
#2362 = STYLED_ITEM ( 'NONE', ( #892 ), #596 ) ;
#2363 =( GEOMETRIC_REPRESENTATION_CONTEXT ( 3 ) GLOBAL_UNCERTAINTY_ASSIGNED_CONTEXT ( ( #3945 ) ) GLOBAL_UNIT_ASSIGNED_CONTEXT ( ( #2746, #1122, #2765 ) ) REPRESENTATION_CONTEXT ( 'NONE', 'WORKASPACE' ) );
#2364 = LINE ( 'NONE', #1393, #794 ) ;
#2365 =( LENGTH_UNIT ( ) NAMED_UNIT ( * ) SI_UNIT ( .MILLI., .METRE. ) );
#2366 = AXIS2_PLACEMENT_3D ( 'NONE', #2372, #3054, #1998 ) ;
#2367 = COLOUR_RGB ( '',0.2509803921568627416, 0.2509803921568627416, 0.2509803921568627416 ) ;
#2368 = DIRECTION ( 'NONE',  ( -0.000000000000000000, -0.000000000000000000, 1.000000000000000000 ) ) ;
#2369 = CARTESIAN_POINT ( 'NONE',  ( 0.000000000000000000, 0.000000000000000000, -6.985000000000000320 ) ) ;
#2370 = EDGE_LOOP ( 'NONE', ( #569, #4052, #2218, #2258, #3343, #2064, #623, #3619 ) ) ;
#2371 = ORIENTED_EDGE ( 'NONE', *, *, #1866, .F. ) ;
#2372 = CARTESIAN_POINT ( 'NONE',  ( -6.700000000000001066, 1.054999999999999938, -0.6500000000000001332 ) ) ;
#2373 = VECTOR ( 'NONE', #307, 1000.000000000000000 ) ;
#2374 = CARTESIAN_POINT ( 'NONE',  ( -5.740000000000000213, 1.409999999999999920, -1.635999999999999899 ) ) ;
#2375 = COLOUR_RGB ( '',0.2509803921568627416, 0.2509803921568627416, 0.2509803921568627416 ) ;
#2376 = DIRECTION ( 'NONE',  ( 0.000000000000000000, 0.000000000000000000, -1.000000000000000000 ) ) ;
#2377 =( NAMED_UNIT ( * ) SI_UNIT ( $, .STERADIAN. ) SOLID_ANGLE_UNIT ( ) );
#2378 = SURFACE_STYLE_FILL_AREA ( #1146 ) ;
#2379 = FILL_AREA_STYLE_COLOUR ( '', #1299 ) ;
#2380 = MECHANICAL_DESIGN_GEOMETRIC_PRESENTATION_REPRESENTATION (  '', ( #3695 ), #4117 ) ;
#2381 = VERTEX_POINT ( 'NONE', #1691 ) ;
#2382 = FILL_AREA_STYLE ('',( #3018 ) ) ;
#2383 =( NAMED_UNIT ( * ) PLANE_ANGLE_UNIT ( ) SI_UNIT ( $, .RADIAN. ) );
#2384 =( GEOMETRIC_REPRESENTATION_CONTEXT ( 3 ) GLOBAL_UNCERTAINTY_ASSIGNED_CONTEXT ( ( #1193 ) ) GLOBAL_UNIT_ASSIGNED_CONTEXT ( ( #396, #63, #3999 ) ) REPRESENTATION_CONTEXT ( 'NONE', 'WORKASPACE' ) );
#2385 =( LENGTH_UNIT ( ) NAMED_UNIT ( * ) SI_UNIT ( .MILLI., .METRE. ) );
#2386 = FACE_OUTER_BOUND ( 'NONE', #478, .T. ) ;
#2387 = VERTEX_POINT ( 'NONE', #2315 ) ;
#2388 = AXIS2_PLACEMENT_3D ( 'NONE', #891, #556, #3507 ) ;
#2389 = UNCERTAINTY_MEASURE_WITH_UNIT (LENGTH_MEASURE( 1.000000000000000082E-05 ), #16, 'distance_accuracy_value', 'NONE');
#2390 = CARTESIAN_POINT ( 'NONE',  ( 1.149999999999999911, 0.000000000000000000, 5.900000000000000355 ) ) ;
#2391 =( GEOMETRIC_REPRESENTATION_CONTEXT ( 3 ) GLOBAL_UNCERTAINTY_ASSIGNED_CONTEXT ( ( #1524 ) ) GLOBAL_UNIT_ASSIGNED_CONTEXT ( ( #293, #2880, #1603 ) ) REPRESENTATION_CONTEXT ( 'NONE', 'WORKASPACE' ) );
#2392 =( LENGTH_UNIT ( ) NAMED_UNIT ( * ) SI_UNIT ( .MILLI., .METRE. ) );
#2393 = ADVANCED_FACE ( 'NONE', ( #727 ), #2913, .T. ) ;
#2394 = EDGE_CURVE ( 'NONE', #4139, #3637, #3267, .T. ) ;
#2395 = CARTESIAN_POINT ( 'NONE',  ( 0.8800000000000000044, 0.000000000000000000, -5.899999999999999467 ) ) ;
#2396 = COLOUR_RGB ( '',0.2509803921568627416, 0.2509803921568627416, 0.2509803921568627416 ) ;
#2397 = DIRECTION ( 'NONE',  ( 0.000000000000000000, 1.000000000000000000, -0.000000000000000000 ) ) ;
#2398 = ORIENTED_EDGE ( 'NONE', *, *, #1384, .T. ) ;
#2399 = EDGE_LOOP ( 'NONE', ( #3241, #3384, #214, #520 ) ) ;
#2400 = CARTESIAN_POINT ( 'NONE',  ( -1.593106781189705057, 6.585000000000308162, -5.636446609406442043 ) ) ;
#2401 = SURFACE_STYLE_FILL_AREA ( #2677 ) ;
#2402 = CARTESIAN_POINT ( 'NONE',  ( 5.900000000000000355, -0.1449999999999999900, 1.149999999999999911 ) ) ;
#2403 = DIRECTION ( 'NONE',  ( 0.000000000000000000, 0.000000000000000000, -1.000000000000000000 ) ) ;
#2404 = SURFACE_STYLE_FILL_AREA ( #1096 ) ;
#2405 = DIRECTION ( 'NONE',  ( -1.000000000000000000, 0.000000000000000000, -0.000000000000000000 ) ) ;
#2406 = DIRECTION ( 'NONE',  ( 0.000000000000000000, 0.000000000000000000, -1.000000000000000000 ) ) ;
#2407 =( NAMED_UNIT ( * ) PLANE_ANGLE_UNIT ( ) SI_UNIT ( $, .RADIAN. ) );
#2408 = ORIENTED_EDGE ( 'NONE', *, *, #834, .F. ) ;
#2409 = SURFACE_SIDE_STYLE ('',( #4134 ) ) ;
#2410 = SURFACE_STYLE_FILL_AREA ( #360 ) ;
#2411 = FACE_OUTER_BOUND ( 'NONE', #2531, .T. ) ;
#2412 = UNCERTAINTY_MEASURE_WITH_UNIT (LENGTH_MEASURE( 1.000000000000000082E-05 ), #658, 'distance_accuracy_value', 'NONE');
#2413 = PRESENTATION_STYLE_ASSIGNMENT (( #3368 ) ) ;
#2414 = VERTEX_POINT ( 'NONE', #1973 ) ;
#2415 = SURFACE_STYLE_FILL_AREA ( #1730 ) ;
#2416 = CARTESIAN_POINT ( 'NONE',  ( -5.489999999999998437, 6.334999999999999964, 5.490000000000000213 ) ) ;
#2417 = CARTESIAN_POINT ( 'NONE',  ( -0.6500000000000001332, 1.054999999999999938, 5.899999999999998579 ) ) ;
#2418 = ORIENTED_EDGE ( 'NONE', *, *, #3407, .T. ) ;
#2419 = ADVANCED_FACE ( 'NONE', ( #2282 ), #282, .T. ) ;
#2420 = ADVANCED_FACE ( 'NONE', ( #4224 ), #1955, .T. ) ;
#2421 = ORIENTED_EDGE ( 'NONE', *, *, #2135, .T. ) ;
#2422 = CARTESIAN_POINT ( 'NONE',  ( 0.000000000000000000, 0.000000000000000000, 0.8800000000000000044 ) ) ;
#2423 =( LENGTH_UNIT ( ) NAMED_UNIT ( * ) SI_UNIT ( .MILLI., .METRE. ) );
#2424 = DIRECTION ( 'NONE',  ( 0.000000000000000000, 0.000000000000000000, -1.000000000000000000 ) ) ;
#2425 = FACE_OUTER_BOUND ( 'NONE', #1329, .T. ) ;
#2426 = FILL_AREA_STYLE_COLOUR ( '', #2041 ) ;
#2427 = SURFACE_SIDE_STYLE ('',( #3433 ) ) ;
#2428 = ORIENTED_EDGE ( 'NONE', *, *, #459, .T. ) ;
#2429 = FILL_AREA_STYLE ('',( #4071 ) ) ;
#2430 = CARTESIAN_POINT ( 'NONE',  ( 0.000000000000000000, 1.409999999999999920, 0.8800000000000000044 ) ) ;
#2431 = AXIS2_PLACEMENT_3D ( 'NONE', #4211, #318, #646 ) ;
#2432 = STYLED_ITEM ( 'NONE', ( #1158 ), #29 ) ;
#2433 = DIRECTION ( 'NONE',  ( -1.000000000000000000, 0.000000000000000000, 0.000000000000000000 ) ) ;
#2434 = ORIENTED_EDGE ( 'NONE', *, *, #2498, .T. ) ;
#2435 =( GEOMETRIC_REPRESENTATION_CONTEXT ( 3 ) GLOBAL_UNCERTAINTY_ASSIGNED_CONTEXT ( ( #3391 ) ) GLOBAL_UNIT_ASSIGNED_CONTEXT ( ( #2333, #2383, #3315 ) ) REPRESENTATION_CONTEXT ( 'NONE', 'WORKASPACE' ) );
#2436 = UNCERTAINTY_MEASURE_WITH_UNIT (LENGTH_MEASURE( 1.000000000000000082E-05 ), #1660, 'distance_accuracy_value', 'NONE');
#2437 = DIRECTION ( 'NONE',  ( 0.000000000000000000, 0.000000000000000000, 1.000000000000000000 ) ) ;
#2438 = SURFACE_SIDE_STYLE ('',( #3048 ) ) ;
#2439 = MECHANICAL_DESIGN_GEOMETRIC_PRESENTATION_REPRESENTATION (  '', ( #1487 ), #1492 ) ;
#2440 = ORIENTED_EDGE ( 'NONE', *, *, #2354, .F. ) ;
#2441 = ORIENTED_EDGE ( 'NONE', *, *, #1080, .T. ) ;
#2442 = COLOUR_RGB ( '',0.2509803921568627416, 0.2509803921568627416, 0.2509803921568627416 ) ;
#2443 = CARTESIAN_POINT ( 'NONE',  ( -1.149999999999999911, 1.554999999999999938, -5.900000000000000355 ) ) ;
#2444 = FILL_AREA_STYLE ('',( #3521 ) ) ;
#2445 = EDGE_CURVE ( 'NONE', #1429, #709, #3308, .T. ) ;
#2446 = VECTOR ( 'NONE', #10, 1000.000000000000000 ) ;
#2447 = AXIS2_PLACEMENT_3D ( 'NONE', #1572, #2189, #4222 ) ;
#2448 =( LENGTH_UNIT ( ) NAMED_UNIT ( * ) SI_UNIT ( .MILLI., .METRE. ) );
#2449 = CYLINDRICAL_SURFACE ( 'NONE', #2866, 0.5000000000000000000 ) ;
#2450 = MECHANICAL_DESIGN_GEOMETRIC_PRESENTATION_REPRESENTATION (  '', ( #4247 ), #2852 ) ;
#2451 = ADVANCED_FACE ( 'NONE', ( #2325, #103 ), #712, .F. ) ;
#2452 = EDGE_CURVE ( 'NONE', #3300, #2831, #2697, .T. ) ;
#2453 = CARTESIAN_POINT ( 'NONE',  ( 0.000000000000000000, 1.409999999999999920, -6.985000000000000320 ) ) ;
#2454 = ORIENTED_EDGE ( 'NONE', *, *, #3504, .T. ) ;
#2455 = CARTESIAN_POINT ( 'NONE',  ( 5.637254666298384898, 6.615410311702258461, -5.414906099201957979 ) ) ;
#2456 = DIRECTION ( 'NONE',  ( 1.000000000000000000, 0.000000000000000000, -0.000000000000000000 ) ) ;
#2457 = SURFACE_SIDE_STYLE ('',( #2062 ) ) ;
#2458 = STYLED_ITEM ( 'NONE', ( #4042 ), #1659 ) ;
#2459 = FACE_OUTER_BOUND ( 'NONE', #2160, .T. ) ;
#2460 = EDGE_LOOP ( 'NONE', ( #4133, #1511, #4075, #2454 ) ) ;
#2461 = LINE ( 'NONE', #1156, #4022 ) ;
#2462 = SURFACE_SIDE_STYLE ('',( #4124 ) ) ;
#2463 = VECTOR ( 'NONE', #3085, 1000.000000000000000 ) ;
#2464 = DIRECTION ( 'NONE',  ( -0.000000000000000000, -0.000000000000000000, 1.000000000000000000 ) ) ;
#2465 = ORIENTED_EDGE ( 'NONE', *, *, #244, .F. ) ;
#2466 = AXIS2_PLACEMENT_3D ( 'NONE', #1319, #1282, #1233 ) ;
#2467 = UNCERTAINTY_MEASURE_WITH_UNIT (LENGTH_MEASURE( 1.000000000000000082E-05 ), #3538, 'distance_accuracy_value', 'NONE');
#2468 = COLOUR_RGB ( '',0.2509803921568627416, 0.2509803921568627416, 0.2509803921568627416 ) ;
#2469 = VECTOR ( 'NONE', #1438, 1000.000000000000000 ) ;
#2470 = SURFACE_SIDE_STYLE ('',( #3503 ) ) ;
#2471 = CARTESIAN_POINT ( 'NONE',  ( -6.985000000000000320, 0.000000000000000000, 0.8800000000000000044 ) ) ;
#2472 = COLOUR_RGB ( '',0.2509803921568627416, 0.2509803921568627416, 0.2509803921568627416 ) ;
#2473 = SURFACE_SIDE_STYLE ('',( #2742 ) ) ;
#2474 = PRESENTATION_STYLE_ASSIGNMENT (( #2141 ) ) ;
#2475 = PLANE ( 'NONE',  #3752 ) ;
#2476 = SURFACE_STYLE_FILL_AREA ( #3222 ) ;
#2477 = ORIENTED_EDGE ( 'NONE', *, *, #3313, .F. ) ;
#2478 = CARTESIAN_POINT ( 'NONE',  ( 0.000000000000000000, 1.409999999999999920, 0.000000000000000000 ) ) ;
#2479 = EDGE_CURVE ( 'NONE', #268, #564, #2003, .T. ) ;
#2480 = DIRECTION ( 'NONE',  ( 1.000000000000000000, 0.000000000000000000, -0.000000000000000000 ) ) ;
#2481 = EDGE_CURVE ( 'NONE', #1815, #3911, #724, .T. ) ;
#2482 = CARTESIAN_POINT ( 'NONE',  ( 5.489999999999998437, 6.259906099201963059, -5.770410311702255157 ) ) ;
#2483 = ORIENTED_EDGE ( 'NONE', *, *, #3866, .F. ) ;
#2484 = PLANE ( 'NONE',  #456 ) ;
#2485 = FILL_AREA_STYLE_COLOUR ( '', #3178 ) ;
#2486 = EDGE_LOOP ( 'NONE', ( #3918, #638, #69, #1065 ) ) ;
#2487 = SURFACE_STYLE_FILL_AREA ( #2157 ) ;
#2488 = EDGE_LOOP ( 'NONE', ( #527, #3714, #3486, #1498 ) ) ;
#2489 = FILL_AREA_STYLE_COLOUR ( '', #1602 ) ;
#2490 = LINE ( 'NONE', #148, #276 ) ;
#2491 = DIRECTION ( 'NONE',  ( -0.000000000000000000, -0.000000000000000000, 1.000000000000000000 ) ) ;
#2492 = FACE_OUTER_BOUND ( 'NONE', #825, .T. ) ;
#2493 = ORIENTED_EDGE ( 'NONE', *, *, #1195, .F. ) ;
#2494 = DIRECTION ( 'NONE',  ( 1.000000000000000000, 0.000000000000000000, 0.000000000000000000 ) ) ;
#2495 = PRESENTATION_STYLE_ASSIGNMENT (( #897 ) ) ;
#2496 = UNCERTAINTY_MEASURE_WITH_UNIT (LENGTH_MEASURE( 1.000000000000000082E-05 ), #3321, 'distance_accuracy_value', 'NONE');
#2497 = PRODUCT_DEFINITION ( 'UNKNOWN', '', #1564, #425 ) ;
#2498 = EDGE_CURVE ( 'NONE', #1846, #1862, #4049, .T. ) ;
#2499 = ORIENTED_EDGE ( 'NONE', *, *, #4114, .F. ) ;
#2500 = DIRECTION ( 'NONE',  ( -1.000000000000000000, 0.000000000000000000, 0.000000000000000000 ) ) ;
#2501 = ORIENTED_EDGE ( 'NONE', *, *, #1900, .T. ) ;
#2502 = PRESENTATION_LAYER_ASSIGNMENT (  '', '', ( #1137 ) ) ;
#2503 = STYLED_ITEM ( 'NONE', ( #1703 ), #4165 ) ;
#2504 = STYLED_ITEM ( 'NONE', ( #3367 ), #243 ) ;
#2505 = STYLED_ITEM ( 'NONE', ( #2253 ), #2956 ) ;
#2506 = SURFACE_STYLE_FILL_AREA ( #2444 ) ;
#2507 = CARTESIAN_POINT ( 'NONE',  ( -1.149999999999999911, 1.054999999999999938, 5.900000000000000355 ) ) ;
#2508 = VERTEX_POINT ( 'NONE', #3997 ) ;
#2509 =( NAMED_UNIT ( * ) PLANE_ANGLE_UNIT ( ) SI_UNIT ( $, .RADIAN. ) );
#2510 = DIRECTION ( 'NONE',  ( 0.000000000000000000, 0.000000000000000000, -1.000000000000000000 ) ) ;
#2511 = MECHANICAL_DESIGN_GEOMETRIC_PRESENTATION_REPRESENTATION (  '', ( #4168 ), #1152 ) ;
#2512 = COLOUR_RGB ( '',0.2509803921568627416, 0.2509803921568627416, 0.2509803921568627416 ) ;
#2513 = VERTEX_POINT ( 'NONE', #3381 ) ;
#2514 = CARTESIAN_POINT ( 'NONE',  ( 5.636440105289413971, 6.510102787695952742, -5.311565099430891834 ) ) ;
#2515 = CARTESIAN_POINT ( 'NONE',  ( 1.149999999999999911, 1.054999999999999938, -6.700000000000001066 ) ) ;
#2516 = CIRCLE ( 'NONE', #1221, 0.4999999999999998890 ) ;
#2517 =( BOUNDED_SURFACE ( )  B_SPLINE_SURFACE ( 3, 3, ( 
 ( #466, #4053, #3132, #1767 ),
 ( #3065, #152, #3459, #4091 ),
 ( #1150, #2455, #833, #1521 ),
 ( #933, #2514, #2247, #3511 ) ),
 .UNSPECIFIED., .F., .F., .F. ) 
 B_SPLINE_SURFACE_WITH_KNOTS ( ( 4, 4 ),
 ( 4, 4 ),
 ( 0.000000000000000000, 1.000000000000000000 ),
 ( 0.000000000000000000, 1.000000000000000000 ),
 .UNSPECIFIED. ) 
 GEOMETRIC_REPRESENTATION_ITEM ( )  RATIONAL_B_SPLINE_SURFACE ( (
 ( 1.000000000000000000, 0.8047378541243589423, 0.8047378541243589423, 1.000000000000000000),
 ( 0.8025111867385926745, 0.6458111303268078141, 0.6458111303268078141, 0.8025111867385926745),
 ( 0.8025111867385926745, 0.6458111303268078141, 0.6458111303268078141, 0.8025111867385926745),
 ( 1.000000000000000000, 0.8047378541243589423, 0.8047378541243589423, 1.000000000000000000) ) ) 
 REPRESENTATION_ITEM ( '' )  SURFACE ( )  );
#2518 = UNCERTAINTY_MEASURE_WITH_UNIT (LENGTH_MEASURE( 1.000000000000000082E-05 ), #1365, 'distance_accuracy_value', 'NONE');
#2519 = ORIENTED_EDGE ( 'NONE', *, *, #1401, .F. ) ;
#2520 = PRESENTATION_LAYER_ASSIGNMENT (  '', '', ( #4253 ) ) ;
#2521 = DIRECTION ( 'NONE',  ( 0.000000000000000000, 0.000000000000000000, -1.000000000000000000 ) ) ;
#2522 = SURFACE_STYLE_USAGE ( .BOTH. , #3162 ) ;
#2523 = VECTOR ( 'NONE', #2464, 1000.000000000000000 ) ;
#2524 =( NAMED_UNIT ( * ) PLANE_ANGLE_UNIT ( ) SI_UNIT ( $, .RADIAN. ) );
#2525 = ORIENTED_EDGE ( 'NONE', *, *, #222, .T. ) ;
#2526 = PRESENTATION_LAYER_ASSIGNMENT (  '', '', ( #124 ) ) ;
#2527 = EDGE_CURVE ( 'NONE', #2114, #3850, #1725, .T. ) ;
#2528 = EDGE_CURVE ( 'NONE', #1925, #390, #1046, .T. ) ;
#2529 = VECTOR ( 'NONE', #1886, 1000.000000000000000 ) ;
#2530 = CARTESIAN_POINT ( 'NONE',  ( -6.700000000000000178, 1.554999999999999938, 1.149999999999999911 ) ) ;
#2531 = EDGE_LOOP ( 'NONE', ( #2122, #2190, #592, #3476 ) ) ;
#2532 =( GEOMETRIC_REPRESENTATION_CONTEXT ( 3 ) GLOBAL_UNCERTAINTY_ASSIGNED_CONTEXT ( ( #563 ) ) GLOBAL_UNIT_ASSIGNED_CONTEXT ( ( #3526, #216, #1203 ) ) REPRESENTATION_CONTEXT ( 'NONE', 'WORKASPACE' ) );
#2533 = FILL_AREA_STYLE_COLOUR ( '', #2603 ) ;
#2534 = CARTESIAN_POINT ( 'NONE',  ( 0.000000000000000000, 0.000000000000000000, 0.000000000000000000 ) ) ;
#2535 = PRESENTATION_LAYER_ASSIGNMENT (  '', '', ( #1978 ) ) ;
#2536 = EDGE_LOOP ( 'NONE', ( #43, #2335, #1481, #3409 ) ) ;
#2537 =( NAMED_UNIT ( * ) SI_UNIT ( $, .STERADIAN. ) SOLID_ANGLE_UNIT ( ) );
#2538 = SURFACE_STYLE_FILL_AREA ( #1636 ) ;
#2539 = CARTESIAN_POINT ( 'NONE',  ( -0.6500000000000000222, 1.554999999999999938, 5.899999999999999467 ) ) ;
#2540 = SURFACE_STYLE_FILL_AREA ( #1285 ) ;
#2541 = ORIENTED_EDGE ( 'NONE', *, *, #2150, .T. ) ;
#2542 = SURFACE_SIDE_STYLE ('',( #2609 ) ) ;
#2543 =( NAMED_UNIT ( * ) SI_UNIT ( $, .STERADIAN. ) SOLID_ANGLE_UNIT ( ) );
#2544 = ORIENTED_EDGE ( 'NONE', *, *, #1971, .T. ) ;
#2545 = UNCERTAINTY_MEASURE_WITH_UNIT (LENGTH_MEASURE( 1.000000000000000082E-05 ), #3382, 'distance_accuracy_value', 'NONE');
#2546 = SURFACE_STYLE_USAGE ( .BOTH. , #2614 ) ;
#2547 = CARTESIAN_POINT ( 'NONE',  ( -1.636000000000000121, 0.000000000000000000, -5.739999999999999325 ) ) ;
#2548 = ADVANCED_FACE ( 'NONE', ( #3720 ), #782, .T. ) ;
#2549 = EDGE_CURVE ( 'NONE', #709, #1561, #3806, .T. ) ;
#2550 = ORIENTED_EDGE ( 'NONE', *, *, #2625, .T. ) ;
#2551 =( NAMED_UNIT ( * ) SI_UNIT ( $, .STERADIAN. ) SOLID_ANGLE_UNIT ( ) );
#2552 = PRESENTATION_STYLE_ASSIGNMENT (( #688 ) ) ;
#2553 = PLANE ( 'NONE',  #4098 ) ;
#2554 = ORIENTED_EDGE ( 'NONE', *, *, #1436, .F. ) ;
#2555 = CARTESIAN_POINT ( 'NONE',  ( -5.739988896777237670, 6.333333943563423496, 5.488333943563421968 ) ) ;
#2556 = CARTESIAN_POINT ( 'NONE',  ( 5.741379439399342921, 6.333533432351154069, -5.696782978553062371 ) ) ;
#2557 = PRESENTATION_STYLE_ASSIGNMENT (( #1259 ) ) ;
#2558 = ORIENTED_EDGE ( 'NONE', *, *, #978, .F. ) ;
#2559 =( LENGTH_UNIT ( ) NAMED_UNIT ( * ) SI_UNIT ( .MILLI., .METRE. ) );
#2560 = PLANE ( 'NONE',  #3599 ) ;
#2561 = CARTESIAN_POINT ( 'NONE',  ( -0.6500000000000001332, 0.3549999999999999822, 6.700000000000001066 ) ) ;
#2562 = CARTESIAN_POINT ( 'NONE',  ( 5.489999999999998437, 6.334999999999999964, -5.490000000000000213 ) ) ;
#2563 = AXIS2_PLACEMENT_3D ( 'NONE', #581, #4077, #2437 ) ;
#2564 = ORIENTED_EDGE ( 'NONE', *, *, #717, .F. ) ;
#2565 = DIRECTION ( 'NONE',  ( -1.000000000000000000, -0.000000000000000000, 0.000000000000000000 ) ) ;
#2566 = MECHANICAL_DESIGN_GEOMETRIC_PRESENTATION_REPRESENTATION (  '', ( #3873 ), #993 ) ;
#2567 = PRESENTATION_LAYER_ASSIGNMENT (  '', '', ( #1611 ) ) ;
#2568 = SURFACE_STYLE_FILL_AREA ( #4240 ) ;
#2569 = EDGE_LOOP ( 'NONE', ( #889, #2879, #666, #2069 ) ) ;
#2570 = VECTOR ( 'NONE', #3477, 1000.000000000000000 ) ;
#2571 = VERTEX_POINT ( 'NONE', #1186 ) ;
#2572 =( GEOMETRIC_REPRESENTATION_CONTEXT ( 3 ) GLOBAL_UNCERTAINTY_ASSIGNED_CONTEXT ( ( #1816 ) ) GLOBAL_UNIT_ASSIGNED_CONTEXT ( ( #3838, #2819, #3518 ) ) REPRESENTATION_CONTEXT ( 'NONE', 'WORKASPACE' ) );
#2573 = AXIS2_PLACEMENT_3D ( 'NONE', #521, #2521, #2136 ) ;
#2574 = CARTESIAN_POINT ( 'NONE',  ( 5.899999999999998579, 0.3549999999999999822, -0.6500000000000001332 ) ) ;
#2575 = CARTESIAN_POINT ( 'NONE',  ( 0.6500000000000001332, 1.054999999999999938, 6.700000000000001066 ) ) ;
#2576 = VECTOR ( 'NONE', #3202, 1000.000000000000000 ) ;
#2577 = AXIS2_PLACEMENT_3D ( 'NONE', #45, #1405, #376 ) ;
#2578 = EDGE_LOOP ( 'NONE', ( #3125, #2208, #2440, #2620, #3922, #576, #3726, #2750 ) ) ;
#2579 = LINE ( 'NONE', #952, #735 ) ;
#2580 = CARTESIAN_POINT ( 'NONE',  ( 5.900000000000000355, 1.554999999999999938, 0.000000000000000000 ) ) ;
#2581 = EDGE_CURVE ( 'NONE', #1958, #3465, #2490, .T. ) ;
#2582 = COLOUR_RGB ( '',0.2509803921568627416, 0.2509803921568627416, 0.2509803921568627416 ) ;
#2583 = EDGE_CURVE ( 'NONE', #4158, #2387, #3431, .T. ) ;
#2584 = FILL_AREA_STYLE ('',( #4204 ) ) ;
#2585 = EDGE_LOOP ( 'NONE', ( #3389, #2681, #1189, #250, #3861, #261, #2483, #3396 ) ) ;
#2586 = COLOUR_RGB ( '',0.2509803921568627416, 0.2509803921568627416, 0.2509803921568627416 ) ;
#2587 =( NAMED_UNIT ( * ) PLANE_ANGLE_UNIT ( ) SI_UNIT ( $, .RADIAN. ) );
#2588 =( LENGTH_UNIT ( ) NAMED_UNIT ( * ) SI_UNIT ( .MILLI., .METRE. ) );
#2589 = FACE_OUTER_BOUND ( 'NONE', #974, .T. ) ;
#2590 = EDGE_LOOP ( 'NONE', ( #568, #684, #900, #2519 ) ) ;
#2591 =( NAMED_UNIT ( * ) PLANE_ANGLE_UNIT ( ) SI_UNIT ( $, .RADIAN. ) );
#2592 = MECHANICAL_DESIGN_GEOMETRIC_PRESENTATION_REPRESENTATION (  '', ( #2109 ), #48 ) ;
#2593 = DIRECTION ( 'NONE',  ( 0.000000000000000000, 8.673617379884037444E-16, -1.000000000000000000 ) ) ;
#2594 = CARTESIAN_POINT ( 'NONE',  ( 6.700000000000000178, 1.409999999999999920, 0.8800000000000000044 ) ) ;
#2595 = ORIENTED_EDGE ( 'NONE', *, *, #2498, .F. ) ;
#2596 = AXIS2_PLACEMENT_3D ( 'NONE', #314, #4257, #3618 ) ;
#2597 = AXIS2_PLACEMENT_3D ( 'NONE', #3464, #519, #1810 ) ;
#2598 = SURFACE_SIDE_STYLE ('',( #4264 ) ) ;
#2599 = PLANE ( 'NONE',  #2780 ) ;
#2600 = LINE ( 'NONE', #639, #2165 ) ;
#2601 = CARTESIAN_POINT ( 'NONE',  ( -0.6500000000000001332, -0.1449999999999999900, -6.700000000000001066 ) ) ;
#2602 = CARTESIAN_POINT ( 'NONE',  ( -5.489999999999998437, 6.259906099201963059, 5.770410311702255157 ) ) ;
#2603 = COLOUR_RGB ( '',0.2509803921568627416, 0.2509803921568627416, 0.2509803921568627416 ) ;
#2604 = CARTESIAN_POINT ( 'NONE',  ( 6.985000000000000320, 1.409999999999999920, 0.8800000000000000044 ) ) ;
#2605 = PLANE ( 'NONE',  #743 ) ;
#2606 = ORIENTED_EDGE ( 'NONE', *, *, #3941, .F. ) ;
#2607 = ADVANCED_FACE ( 'NONE', ( #1531 ), #4086, .T. ) ;
#2608 = EDGE_CURVE ( 'NONE', #4003, #1036, #2788, .T. ) ;
#2609 = SURFACE_STYLE_FILL_AREA ( #1576 ) ;
#2610 = DIRECTION ( 'NONE',  ( -1.000000000000000000, 0.000000000000000000, -0.000000000000000000 ) ) ;
#2611 = DIRECTION ( 'NONE',  ( 0.000000000000000000, 0.000000000000000000, 1.000000000000000000 ) ) ;
#2612 = ORIENTED_EDGE ( 'NONE', *, *, #4115, .F. ) ;
#2613 = SURFACE_STYLE_FILL_AREA ( #2627 ) ;
#2614 = SURFACE_SIDE_STYLE ('',( #277 ) ) ;
#2615 = FILL_AREA_STYLE ('',( #2927 ) ) ;
#2616 = FILL_AREA_STYLE_COLOUR ( '', #879 ) ;
#2617 =( NAMED_UNIT ( * ) SI_UNIT ( $, .STERADIAN. ) SOLID_ANGLE_UNIT ( ) );
#2618 = LINE ( 'NONE', #286, #3041 ) ;
#2619 = DIRECTION ( 'NONE',  ( -0.000000000000000000, -0.000000000000000000, 1.000000000000000000 ) ) ;
#2620 = ORIENTED_EDGE ( 'NONE', *, *, #3505, .F. ) ;
#2621 = ORIENTED_EDGE ( 'NONE', *, *, #3971, .F. ) ;
#2622 = CARTESIAN_POINT ( 'NONE',  ( 6.985000000000000320, 0.000000000000000000, 0.8800000000000000044 ) ) ;
#2623 = DIRECTION ( 'NONE',  ( 1.000000000000000000, 0.000000000000000000, 0.000000000000000000 ) ) ;
#2624 = ADVANCED_FACE ( 'NONE', ( #2425 ), #2449, .T. ) ;
#2625 = EDGE_CURVE ( 'NONE', #1267, #3535, #1649, .T. ) ;
#2626 = VERTEX_POINT ( 'NONE', #571 ) ;
#2627 = FILL_AREA_STYLE ('',( #1943 ) ) ;
#2628 = EDGE_CURVE ( 'NONE', #121, #3498, #3193, .T. ) ;
#2629 = EDGE_LOOP ( 'NONE', ( #1461, #4122, #1733, #3826 ) ) ;
#2630 =( BOUNDED_SURFACE ( )  B_SPLINE_SURFACE ( 3, 3, ( 
 ( #3812, #939, #3157, #1258 ),
 ( #207, #1523, #1894, #875 ),
 ( #1174, #2556, #3175, #2482 ),
 ( #3479, #2169, #3870, #3791 ) ),
 .UNSPECIFIED., .F., .F., .F. ) 
 B_SPLINE_SURFACE_WITH_KNOTS ( ( 4, 4 ),
 ( 4, 4 ),
 ( 0.000000000000000000, 1.000000000000000000 ),
 ( 0.000000000000000000, 1.000000000000000000 ),
 .UNSPECIFIED. ) 
 GEOMETRIC_REPRESENTATION_ITEM ( )  RATIONAL_B_SPLINE_SURFACE ( (
 ( 1.000000000000000000, 0.8047378541243611627, 0.8047378541243611627, 1.000000000000000000),
 ( 0.8025111867385926745, 0.6458111303268095904, 0.6458111303268095904, 0.8025111867385926745),
 ( 0.8025111867385926745, 0.6458111303268095904, 0.6458111303268095904, 0.8025111867385926745),
 ( 1.000000000000000000, 0.8047378541243611627, 0.8047378541243611627, 1.000000000000000000) ) ) 
 REPRESENTATION_ITEM ( '' )  SURFACE ( )  );
#2631 = STYLED_ITEM ( 'NONE', ( #661 ), #3739 ) ;
#2632 = COLOUR_RGB ( '',0.2509803921568627416, 0.2509803921568627416, 0.2509803921568627416 ) ;
#2633 = FILL_AREA_STYLE_COLOUR ( '', #3629 ) ;
#2634 = LINE ( 'NONE', #3294, #731 ) ;
#2635 = PRESENTATION_LAYER_ASSIGNMENT (  '', '', ( #3042 ) ) ;
#2636 =( LENGTH_UNIT ( ) NAMED_UNIT ( * ) SI_UNIT ( .MILLI., .METRE. ) );
#2637 = LINE ( 'NONE', #3957, #235 ) ;
#2638 = SURFACE_STYLE_FILL_AREA ( #2382 ) ;
#2639 = DIRECTION ( 'NONE',  ( -1.000000000000000000, 0.000000000000000000, 0.000000000000000000 ) ) ;
#2640 = STYLED_ITEM ( 'NONE', ( #3365 ), #2982 ) ;
#2641 = FILL_AREA_STYLE ('',( #1013 ) ) ;
#2642 = VECTOR ( 'NONE', #1043, 1000.000000000000000 ) ;
#2643 = STYLED_ITEM ( 'NONE', ( #1613 ), #3210 ) ;
#2644 = FILL_AREA_STYLE_COLOUR ( '', #1842 ) ;
#2645 = ORIENTED_EDGE ( 'NONE', *, *, #751, .T. ) ;
#2646 = CARTESIAN_POINT ( 'NONE',  ( -5.740000000000000213, 0.000000000000000000, 5.490000000000000213 ) ) ;
#2647 = DIRECTION ( 'NONE',  ( 0.000000000000000000, 0.000000000000000000, 1.000000000000000000 ) ) ;
#2648 = PRESENTATION_LAYER_ASSIGNMENT (  '', '', ( #882 ) ) ;
#2649 = LINE ( 'NONE', #3639, #130 ) ;
#2650 = DIRECTION ( 'NONE',  ( 0.000000000000000000, 0.000000000000000000, 1.000000000000000000 ) ) ;
#2651 = CARTESIAN_POINT ( 'NONE',  ( 5.666776695296639410, 6.511776695296638273, 5.490000000000001101 ) ) ;
#2652 = ORIENTED_EDGE ( 'NONE', *, *, #1844, .F. ) ;
#2653 = ADVANCED_FACE ( 'NONE', ( #1270 ), #1607, .T. ) ;
#2654 = EDGE_CURVE ( 'NONE', #3906, #1668, #1300, .T. ) ;
#2655 = UNCERTAINTY_MEASURE_WITH_UNIT (LENGTH_MEASURE( 1.000000000000000082E-05 ), #4140, 'distance_accuracy_value', 'NONE');
#2656 =( NAMED_UNIT ( * ) SI_UNIT ( $, .STERADIAN. ) SOLID_ANGLE_UNIT ( ) );
#2657 = CARTESIAN_POINT ( 'NONE',  ( 5.490000000000000213, 6.334999999999999964, 5.489999999999998437 ) ) ;
#2658 = PRESENTATION_LAYER_ASSIGNMENT (  '', '', ( #3058 ) ) ;
#2659 = DIRECTION ( 'NONE',  ( 0.000000000000000000, 0.000000000000000000, -1.000000000000000000 ) ) ;
#2660 = MECHANICAL_DESIGN_GEOMETRIC_PRESENTATION_REPRESENTATION (  '', ( #3140 ), #2384 ) ;
#2661 = CARTESIAN_POINT ( 'NONE',  ( -5.739999999998844693, 6.335000000000001741, -1.636000000001154975 ) ) ;
#2662 = FACE_BOUND ( 'NONE', #3680, .T. ) ;
#2663 = FILL_AREA_STYLE_COLOUR ( '', #1820 ) ;
#2664 = PRESENTATION_LAYER_ASSIGNMENT (  '', '', ( #1809 ) ) ;
#2665 = ORIENTED_EDGE ( 'NONE', *, *, #411, .T. ) ;
#2666 = UNCERTAINTY_MEASURE_WITH_UNIT (LENGTH_MEASURE( 1.000000000000000082E-05 ), #4243, 'distance_accuracy_value', 'NONE');
#2667 = ORIENTED_EDGE ( 'NONE', *, *, #3036, .T. ) ;
#2668 = FACE_OUTER_BOUND ( 'NONE', #3723, .T. ) ;
#2669 = FACE_OUTER_BOUND ( 'NONE', #1966, .T. ) ;
#2670 =( GEOMETRIC_REPRESENTATION_CONTEXT ( 3 ) GLOBAL_UNCERTAINTY_ASSIGNED_CONTEXT ( ( #3651 ) ) GLOBAL_UNIT_ASSIGNED_CONTEXT ( ( #3360, #2992, #82 ) ) REPRESENTATION_CONTEXT ( 'NONE', 'WORKASPACE' ) );
#2671 =( LENGTH_UNIT ( ) NAMED_UNIT ( * ) SI_UNIT ( .MILLI., .METRE. ) );
#2672 = VERTEX_POINT ( 'NONE', #280 ) ;
#2673 = DIRECTION ( 'NONE',  ( -1.000000000000000000, -0.000000000000000000, 0.000000000000000000 ) ) ;
#2674 = LINE ( 'NONE', #4041, #134 ) ;
#2675 = CARTESIAN_POINT ( 'NONE',  ( -5.490000000000000213, 0.000000000000000000, 5.740000000000000213 ) ) ;
#2676 = ORIENTED_EDGE ( 'NONE', *, *, #3211, .T. ) ;
#2677 = FILL_AREA_STYLE ('',( #2055 ) ) ;
#2678 = EDGE_CURVE ( 'NONE', #1561, #1470, #982, .T. ) ;
#2679 = EDGE_CURVE ( 'NONE', #4015, #1687, #233, .T. ) ;
#2680 = FACE_OUTER_BOUND ( 'NONE', #2399, .T. ) ;
#2681 = ORIENTED_EDGE ( 'NONE', *, *, #776, .F. ) ;
#2682 = ORIENTED_EDGE ( 'NONE', *, *, #2452, .F. ) ;
#2683 = CARTESIAN_POINT ( 'NONE',  ( 0.6500000000000001332, -0.1449999999999999900, -5.899999999999999467 ) ) ;
#2684 = VECTOR ( 'NONE', #823, 1000.000000000000000 ) ;
#2685 = ORIENTED_EDGE ( 'NONE', *, *, #325, .F. ) ;
#2686 = PRESENTATION_STYLE_ASSIGNMENT (( #3687 ) ) ;
#2687 = DIRECTION ( 'NONE',  ( -0.000000000000000000, -0.000000000000000000, -1.000000000000000000 ) ) ;
#2688 = CARTESIAN_POINT ( 'NONE',  ( -0.8800000000000000044, 0.000000000000000000, 4.160876167244000001 ) ) ;
#2689 = DIRECTION ( 'NONE',  ( -1.000000000000000000, 0.000000000000000000, -0.000000000000000000 ) ) ;
#2690 = VERTEX_POINT ( 'NONE', #4174 ) ;
#2691 = AXIS2_PLACEMENT_3D ( 'NONE', #3673, #2030, #1335 ) ;
#2692 = SURFACE_SIDE_STYLE ('',( #3284 ) ) ;
#2693 = CARTESIAN_POINT ( 'NONE',  ( -5.739999999999999325, 1.409999999999999920, 0.8800000000000001155 ) ) ;
#2694 = DIRECTION ( 'NONE',  ( 0.000000000000000000, -1.000000000000000000, 0.000000000000000000 ) ) ;
#2695 = MECHANICAL_DESIGN_GEOMETRIC_PRESENTATION_REPRESENTATION (  '', ( #3402 ), #3475 ) ;
#2696 = AXIS2_PLACEMENT_3D ( 'NONE', #3729, #822, #1179 ) ;
#2697 = LINE ( 'NONE', #1386, #3977 ) ;
#2698 = DIRECTION ( 'NONE',  ( 0.000000000000000000, 0.000000000000000000, -1.000000000000000000 ) ) ;
#2699 = VECTOR ( 'NONE', #517, 1000.000000000000000 ) ;
#2700 = CARTESIAN_POINT ( 'NONE',  ( 6.985000000000000320, 0.000000000000000000, 0.000000000000000000 ) ) ;
#2701 = DIRECTION ( 'NONE',  ( 1.000000000000000000, 0.000000000000000000, 0.000000000000000000 ) ) ;
#2702 = ADVANCED_FACE ( 'NONE', ( #2262 ), #1227, .T. ) ;
#2703 = ADVANCED_FACE ( 'NONE', ( #35 ), #369, .T. ) ;
#2704 = PRESENTATION_STYLE_ASSIGNMENT (( #4006 ) ) ;
#2705 = SURFACE_STYLE_FILL_AREA ( #3043 ) ;
#2706 = ORIENTED_EDGE ( 'NONE', *, *, #1352, .F. ) ;
#2707 = VECTOR ( 'NONE', #258, 1000.000000000000000 ) ;
#2708 = MECHANICAL_DESIGN_GEOMETRIC_PRESENTATION_REPRESENTATION (  '', ( #38 ), #1147 ) ;
#2709 = DIRECTION ( 'NONE',  ( -0.000000000000000000, 0.000000000000000000, -1.000000000000000000 ) ) ;
#2710 = CARTESIAN_POINT ( 'NONE',  ( 5.900000000000000355, -0.1449999999999999900, 0.000000000000000000 ) ) ;
#2711 = SURFACE_STYLE_FILL_AREA ( #427 ) ;
#2712 = VECTOR ( 'NONE', #3326, 1000.000000000000000 ) ;
#2713 = DIRECTION ( 'NONE',  ( 1.000000000000000000, 0.000000000000000000, 0.000000000000000000 ) ) ;
#2714 = LINE ( 'NONE', #2068, #336 ) ;
#2715 = ORIENTED_EDGE ( 'NONE', *, *, #3437, .T. ) ;
#2716 = ORIENTED_EDGE ( 'NONE', *, *, #2608, .F. ) ;
#2717 = CARTESIAN_POINT ( 'NONE',  ( -6.700000000000000178, 1.409999999999999920, -0.8800000000000000044 ) ) ;
#2718 = PRESENTATION_STYLE_ASSIGNMENT (( #3378 ) ) ;
#2719 = MECHANICAL_DESIGN_GEOMETRIC_PRESENTATION_REPRESENTATION (  '', ( #4040 ), #1426 ) ;
#2720 = PRESENTATION_STYLE_ASSIGNMENT (( #147 ) ) ;
#2721 = AXIS2_PLACEMENT_3D ( 'NONE', #3146, #213, #2782 ) ;
#2722 = DIRECTION ( 'NONE',  ( 1.000000000000000000, 0.000000000000000000, 0.000000000000000000 ) ) ;
#2723 = CARTESIAN_POINT ( 'NONE',  ( -25.19629199999999969, 6.585000000000000853, 5.490000000000000213 ) ) ;
#2724 = LINE ( 'NONE', #3061, #3427 ) ;
#2725 = VECTOR ( 'NONE', #1021, 1000.000000000000000 ) ;
#2726 = ORIENTED_EDGE ( 'NONE', *, *, #3736, .F. ) ;
#2727 = FACE_OUTER_BOUND ( 'NONE', #1890, .T. ) ;
#2728 = CARTESIAN_POINT ( 'NONE',  ( 5.490000000000000213, 6.334999999999999964, -5.490000000000000213 ) ) ;
#2729 = ADVANCED_FACE ( 'NONE', ( #1670 ), #2948, .T. ) ;
#2730 = EDGE_CURVE ( 'NONE', #1919, #2276, #1135, .T. ) ;
#2731 = DIRECTION ( 'NONE',  ( 1.000000000000000000, 0.000000000000000000, 0.000000000000000000 ) ) ;
#2732 = VERTEX_POINT ( 'NONE', #481 ) ;
#2733 = DIRECTION ( 'NONE',  ( 1.000000000000000000, -0.000000000000000000, 0.000000000000000000 ) ) ;
#2734 = COLOUR_RGB ( '',0.2509803921568627416, 0.2509803921568627416, 0.2509803921568627416 ) ;
#2735 = UNCERTAINTY_MEASURE_WITH_UNIT (LENGTH_MEASURE( 1.000000000000000082E-05 ), #2001, 'distance_accuracy_value', 'NONE');
#2736 =( NAMED_UNIT ( * ) PLANE_ANGLE_UNIT ( ) SI_UNIT ( $, .RADIAN. ) );
#2737 = CARTESIAN_POINT ( 'NONE',  ( -0.6500000000000000222, 1.554999999999999938, 5.900000000000000355 ) ) ;
#2738 = LINE ( 'NONE', #449, #3356 ) ;
#2739 = ORIENTED_EDGE ( 'NONE', *, *, #3063, .F. ) ;
#2740 = ORIENTED_EDGE ( 'NONE', *, *, #3533, .T. ) ;
#2741 = DIRECTION ( 'NONE',  ( 0.000000000000000000, 0.000000000000000000, 1.000000000000000000 ) ) ;
#2742 = SURFACE_STYLE_FILL_AREA ( #3455 ) ;
#2743 = PRESENTATION_STYLE_ASSIGNMENT (( #1468 ) ) ;
#2744 = CARTESIAN_POINT ( 'NONE',  ( -6.700000000000001066, 1.054999999999999938, 0.6500000000000001332 ) ) ;
#2745 = ORIENTED_EDGE ( 'NONE', *, *, #3845, .F. ) ;
#2746 =( LENGTH_UNIT ( ) NAMED_UNIT ( * ) SI_UNIT ( .MILLI., .METRE. ) );
#2747 = LINE ( 'NONE', #496, #1485 ) ;
#2748 = LINE ( 'NONE', #3461, #4230 ) ;
#2749 = LINE ( 'NONE', #4074, #956 ) ;
#2750 = ORIENTED_EDGE ( 'NONE', *, *, #4031, .F. ) ;
#2751 = PRESENTATION_STYLE_ASSIGNMENT (( #3482 ) ) ;
#2752 = CARTESIAN_POINT ( 'NONE',  ( -0.6500000000000000222, 1.554999999999999938, 6.700000000000001066 ) ) ;
#2753 = ADVANCED_FACE ( 'NONE', ( #799 ), #4104, .T. ) ;
#2754 = DIRECTION ( 'NONE',  ( -0.000000000000000000, -1.000000000000000000, -0.000000000000000000 ) ) ;
#2755 = ORIENTED_EDGE ( 'NONE', *, *, #1517, .F. ) ;
#2756 = EDGE_CURVE ( 'NONE', #4158, #4216, #1489, .T. ) ;
#2757 =( NAMED_UNIT ( * ) SI_UNIT ( $, .STERADIAN. ) SOLID_ANGLE_UNIT ( ) );
#2758 = DIRECTION ( 'NONE',  ( -0.000000000000000000, 1.000000000000000000, 0.000000000000000000 ) ) ;
#2759 = DIRECTION ( 'NONE',  ( -0.000000000000000000, 1.000000000000000000, 0.000000000000000000 ) ) ;
#2760 = CARTESIAN_POINT ( 'NONE',  ( 0.000000000000000000, 1.409999999999999920, 0.000000000000000000 ) ) ;
#2761 = LINE ( 'NONE', #2700, #734 ) ;
#2762 = CARTESIAN_POINT ( 'NONE',  ( -6.700000000000000178, -0.1449999999999999900, -1.149999999999999911 ) ) ;
#2763 = VECTOR ( 'NONE', #1456, 1000.000000000000000 ) ;
#2764 = ORIENTED_EDGE ( 'NONE', *, *, #1989, .T. ) ;
#2765 =( NAMED_UNIT ( * ) SI_UNIT ( $, .STERADIAN. ) SOLID_ANGLE_UNIT ( ) );
#2766 = FILL_AREA_STYLE_COLOUR ( '', #660 ) ;
#2767 = SURFACE_STYLE_FILL_AREA ( #1451 ) ;
#2768 = SURFACE_STYLE_USAGE ( .BOTH. , #498 ) ;
#2769 = ORIENTED_EDGE ( 'NONE', *, *, #3940, .T. ) ;
#2770 = VECTOR ( 'NONE', #2145, 1000.000000000000000 ) ;
#2771 = DIRECTION ( 'NONE',  ( 0.000000000000000000, -1.000000000000000000, 0.000000000000000000 ) ) ;
#2772 = UNCERTAINTY_MEASURE_WITH_UNIT (LENGTH_MEASURE( 1.000000000000000082E-05 ), #682, 'distance_accuracy_value', 'NONE');
#2773 = PRESENTATION_STYLE_ASSIGNMENT (( #2522 ) ) ;
#2774 = PRESENTATION_LAYER_ASSIGNMENT (  '', '', ( #800 ) ) ;
#2775 = CARTESIAN_POINT ( 'NONE',  ( 0.6500000000000001332, 1.054999999999999938, -5.899999999999998579 ) ) ;
#2776 = CIRCLE ( 'NONE', #1141, 0.2500000000000002220 ) ;
#2777 =( GEOMETRIC_REPRESENTATION_CONTEXT ( 3 ) GLOBAL_UNCERTAINTY_ASSIGNED_CONTEXT ( ( #401 ) ) GLOBAL_UNIT_ASSIGNED_CONTEXT ( ( #12, #1068, #2054 ) ) REPRESENTATION_CONTEXT ( 'NONE', 'WORKASPACE' ) );
#2778 = DIRECTION ( 'NONE',  ( -0.000000000000000000, 1.000000000000000000, 0.000000000000000000 ) ) ;
#2779 = VERTEX_POINT ( 'NONE', #2071 ) ;
#2780 = AXIS2_PLACEMENT_3D ( 'NONE', #3913, #1969, #13 ) ;
#2781 = CARTESIAN_POINT ( 'NONE',  ( -6.985000000000000320, 0.000000000000000000, -0.8800000000000000044 ) ) ;
#2782 = DIRECTION ( 'NONE',  ( 0.000000000000000000, 0.000000000000000000, -1.000000000000000000 ) ) ;
#2783 = EDGE_CURVE ( 'NONE', #50, #3354, #1957, .T. ) ;
#2784 = COLOUR_RGB ( '',0.2509803921568627416, 0.2509803921568627416, 0.2509803921568627416 ) ;
#2785 = EDGE_CURVE ( 'NONE', #4210, #948, #723, .T. ) ;
#2786 = DIRECTION ( 'NONE',  ( 1.000000000000000000, 0.000000000000000000, 0.000000000000000000 ) ) ;
#2787 =( NAMED_UNIT ( * ) SI_UNIT ( $, .STERADIAN. ) SOLID_ANGLE_UNIT ( ) );
#2788 = LINE ( 'NONE', #1144, #1095 ) ;
#2789 = STYLED_ITEM ( 'NONE', ( #42 ), #1220 ) ;
#2790 = ORIENTED_EDGE ( 'NONE', *, *, #959, .F. ) ;
#2791 = FILL_AREA_STYLE ('',( #1499 ) ) ;
#2792 = COLOUR_RGB ( '',0.2509803921568627416, 0.2509803921568627416, 0.2509803921568627416 ) ;
#2793 = CARTESIAN_POINT ( 'NONE',  ( 1.149999999999999911, 0.000000000000000000, -5.900000000000000355 ) ) ;
#2794 = FACE_OUTER_BOUND ( 'NONE', #1873, .T. ) ;
#2795 = UNCERTAINTY_MEASURE_WITH_UNIT (LENGTH_MEASURE( 1.000000000000000082E-05 ), #342, 'distance_accuracy_value', 'NONE');
#2796 = VECTOR ( 'NONE', #1414, 1000.000000000000000 ) ;
#2797 = ORIENTED_EDGE ( 'NONE', *, *, #359, .T. ) ;
#2798 = CYLINDRICAL_SURFACE ( 'NONE', #3419, 0.5000000000000000000 ) ;
#2799 = LINE ( 'NONE', #3114, #3251 ) ;
#2800 = DIRECTION ( 'NONE',  ( 0.000000000000000000, -0.000000000000000000, -1.000000000000000000 ) ) ;
#2801 = LINE ( 'NONE', #3798, #4256 ) ;
#2802 = ORIENTED_EDGE ( 'NONE', *, *, #574, .F. ) ;
#2803 = AXIS2_PLACEMENT_3D ( 'NONE', #1695, #387, #2713 ) ;
#2804 = VECTOR ( 'NONE', #3220, 1000.000000000000000 ) ;
#2805 = SURFACE_STYLE_USAGE ( .BOTH. , #2470 ) ;
#2806 = VERTEX_POINT ( 'NONE', #364 ) ;
#2807 = DIRECTION ( 'NONE',  ( -0.000000000000000000, 1.000000000000000000, -0.000000000000000000 ) ) ;
#2808 = FACE_OUTER_BOUND ( 'NONE', #423, .T. ) ;
#2809 = PRESENTATION_STYLE_ASSIGNMENT (( #1785 ) ) ;
#2810 = LINE ( 'NONE', #4147, #2463 ) ;
#2811 = EDGE_CURVE ( 'NONE', #2188, #3821, #3988, .T. ) ;
#2812 = DIRECTION ( 'NONE',  ( 1.000000000000000000, 0.000000000000000000, -0.000000000000000000 ) ) ;
#2813 = DIRECTION ( 'NONE',  ( 0.000000000000000000, 0.7071067811865475727, -0.7071067811865475727 ) ) ;
#2814 = ORIENTED_EDGE ( 'NONE', *, *, #2654, .F. ) ;
#2815 = DIRECTION ( 'NONE',  ( -1.000000000000000000, 0.000000000000000000, 0.000000000000000000 ) ) ;
#2816 = CARTESIAN_POINT ( 'NONE',  ( 0.8800000000000000044, 0.000000000000000000, 6.985000000000000320 ) ) ;
#2817 = ORIENTED_EDGE ( 'NONE', *, *, #3505, .T. ) ;
#2818 = FILL_AREA_STYLE_COLOUR ( '', #34 ) ;
#2819 =( NAMED_UNIT ( * ) PLANE_ANGLE_UNIT ( ) SI_UNIT ( $, .RADIAN. ) );
#2820 = ORIENTED_EDGE ( 'NONE', *, *, #272, .F. ) ;
#2821 =( LENGTH_UNIT ( ) NAMED_UNIT ( * ) SI_UNIT ( .MILLI., .METRE. ) );
#2822 = ORIENTED_EDGE ( 'NONE', *, *, #1768, .T. ) ;
#2823 = FILL_AREA_STYLE_COLOUR ( '', #4189 ) ;
#2824 = CARTESIAN_POINT ( 'NONE',  ( 5.900000000000000355, 1.409999999999999920, -0.8800000000000000044 ) ) ;
#2825 = FILL_AREA_STYLE ('',( #1204 ) ) ;
#2826 = ORIENTED_EDGE ( 'NONE', *, *, #2785, .F. ) ;
#2827 =( NAMED_UNIT ( * ) PLANE_ANGLE_UNIT ( ) SI_UNIT ( $, .RADIAN. ) );
#2828 = CARTESIAN_POINT ( 'NONE',  ( -6.985000000000000320, 0.000000000000000000, 0.8800000000000000044 ) ) ;
#2829 = ADVANCED_BREP_SHAPE_REPRESENTATION ( 'PM3604-5-RC', ( #3739, #4109 ), #1615 ) ;
#2830 = VECTOR ( 'NONE', #2872, 1000.000000000000000 ) ;
#2831 = VERTEX_POINT ( 'NONE', #2045 ) ;
#2832 = EDGE_CURVE ( 'NONE', #932, #4015, #3672, .T. ) ;
#2833 = ADVANCED_FACE ( 'NONE', ( #445, #3659 ), #90, .T. ) ;
#2834 = VECTOR ( 'NONE', #2565, 1000.000000000000000 ) ;
#2835 = LINE ( 'NONE', #4159, #2360 ) ;
#2836 = ORIENTED_EDGE ( 'NONE', *, *, #3071, .T. ) ;
#2837 = DIRECTION ( 'NONE',  ( 0.000000000000000000, -0.000000000000000000, 1.000000000000000000 ) ) ;
#2838 = EDGE_LOOP ( 'NONE', ( #2434, #1663, #3772, #4141 ) ) ;
#2839 = VECTOR ( 'NONE', #337, 1000.000000000000000 ) ;
#2840 = SURFACE_SIDE_STYLE ('',( #2487 ) ) ;
#2841 = LINE ( 'NONE', #859, #616 ) ;
#2842 = ORIENTED_EDGE ( 'NONE', *, *, #716, .T. ) ;
#2843 = STYLED_ITEM ( 'NONE', ( #108 ), #3012 ) ;
#2844 = VERTEX_POINT ( 'NONE', #3344 ) ;
#2845 = FILL_AREA_STYLE ('',( #3570 ) ) ;
#2846 = LINE ( 'NONE', #172, #3287 ) ;
#2847 = AXIS2_PLACEMENT_3D ( 'NONE', #1025, #77, #98 ) ;
#2848 = AXIS2_PLACEMENT_3D ( 'NONE', #3101, #2807, #2403 ) ;
#2849 = ORIENTED_EDGE ( 'NONE', *, *, #1401, .T. ) ;
#2850 = FILL_AREA_STYLE ('',( #3242 ) ) ;
#2851 = CARTESIAN_POINT ( 'NONE',  ( -0.8800000000000000044, 0.000000000000000000, 4.160876167244000001 ) ) ;
#2852 =( GEOMETRIC_REPRESENTATION_CONTEXT ( 3 ) GLOBAL_UNCERTAINTY_ASSIGNED_CONTEXT ( ( #788 ) ) GLOBAL_UNIT_ASSIGNED_CONTEXT ( ( #219, #1533, #1229 ) ) REPRESENTATION_CONTEXT ( 'NONE', 'WORKASPACE' ) );
#2853 = SURFACE_STYLE_FILL_AREA ( #1556 ) ;
#2854 = UNCERTAINTY_MEASURE_WITH_UNIT (LENGTH_MEASURE( 1.000000000000000082E-05 ), #923, 'distance_accuracy_value', 'NONE');
#2855 = VERTEX_POINT ( 'NONE', #408 ) ;
#2856 = VECTOR ( 'NONE', #2860, 1000.000000000000000 ) ;
#2857 =( NAMED_UNIT ( * ) SI_UNIT ( $, .STERADIAN. ) SOLID_ANGLE_UNIT ( ) );
#2858 = EDGE_CURVE ( 'NONE', #2223, #3854, #4059, .T. ) ;
#2859 = EDGE_CURVE ( 'NONE', #607, #2732, #1715, .T. ) ;
#2860 = DIRECTION ( 'NONE',  ( 0.000000000000000000, 0.000000000000000000, -1.000000000000000000 ) ) ;
#2861 = VERTEX_POINT ( 'NONE', #2646 ) ;
#2862 = CARTESIAN_POINT ( 'NONE',  ( -5.637543338873778787, 6.572891147295967684, 5.605662243297306446 ) ) ;
#2863 =( GEOMETRIC_REPRESENTATION_CONTEXT ( 3 ) GLOBAL_UNCERTAINTY_ASSIGNED_CONTEXT ( ( #701 ) ) GLOBAL_UNIT_ASSIGNED_CONTEXT ( ( #2365, #2020, #3990 ) ) REPRESENTATION_CONTEXT ( 'NONE', 'WORKASPACE' ) );
#2864 = SURFACE_STYLE_USAGE ( .BOTH. , #551 ) ;
#2865 = EDGE_LOOP ( 'NONE', ( #3515, #480, #2070, #1508 ) ) ;
#2866 = AXIS2_PLACEMENT_3D ( 'NONE', #3888, #3584, #3239 ) ;
#2867 = CARTESIAN_POINT ( 'NONE',  ( 0.000000000000000000, 0.000000000000000000, 0.000000000000000000 ) ) ;
#2868 = FACE_OUTER_BOUND ( 'NONE', #1037, .T. ) ;
#2869 = CARTESIAN_POINT ( 'NONE',  ( -5.739999999999999325, 0.000000000000000000, 0.8800000000000001155 ) ) ;
#2870 =( GEOMETRIC_REPRESENTATION_CONTEXT ( 3 ) GLOBAL_UNCERTAINTY_ASSIGNED_CONTEXT ( ( #1035 ) ) GLOBAL_UNIT_ASSIGNED_CONTEXT ( ( #3993, #3644, #3668 ) ) REPRESENTATION_CONTEXT ( 'NONE', 'WORKASPACE' ) );
#2871 = ORIENTED_EDGE ( 'NONE', *, *, #3095, .F. ) ;
#2872 = DIRECTION ( 'NONE',  ( 1.000000000000000000, 0.000000000000000000, 0.000000000000000000 ) ) ;
#2873 = CARTESIAN_POINT ( 'NONE',  ( -5.739988896777236782, 6.229785152075602461, 5.591882735051243003 ) ) ;
#2874 = FACE_OUTER_BOUND ( 'NONE', #2585, .T. ) ;
#2875 = ORIENTED_EDGE ( 'NONE', *, *, #296, .F. ) ;
#2876 = SURFACE_SIDE_STYLE ('',( #580 ) ) ;
#2877 = FILL_AREA_STYLE ('',( #3902 ) ) ;
#2878 = CARTESIAN_POINT ( 'NONE',  ( 6.700000000000000178, 1.554999999999999938, 1.149999999999999911 ) ) ;
#2879 = ORIENTED_EDGE ( 'NONE', *, *, #1306, .T. ) ;
#2880 =( NAMED_UNIT ( * ) PLANE_ANGLE_UNIT ( ) SI_UNIT ( $, .RADIAN. ) );
#2881 = PRESENTATION_STYLE_ASSIGNMENT (( #3568 ) ) ;
#2882 = ADVANCED_FACE ( 'NONE', ( #1106, #3965 ), #1015, .T. ) ;
#2883 = ADVANCED_FACE ( 'NONE', ( #2115 ), #2484, .T. ) ;
#2884 = ORIENTED_EDGE ( 'NONE', *, *, #3685, .T. ) ;
#2885 = DIRECTION ( 'NONE',  ( 0.000000000000000000, 0.000000000000000000, -1.000000000000000000 ) ) ;
#2886 = PRESENTATION_STYLE_ASSIGNMENT (( #4244 ) ) ;
#2887 = CARTESIAN_POINT ( 'NONE',  ( 6.700000000000000178, 1.409999999999999920, -0.8800000000000000044 ) ) ;
#2888 = ORIENTED_EDGE ( 'NONE', *, *, #1000, .F. ) ;
#2889 = DIRECTION ( 'NONE',  ( 0.000000000000000000, 0.000000000000000000, 1.000000000000000000 ) ) ;
#2890 = CARTESIAN_POINT ( 'NONE',  ( -5.637254666298388450, 6.259906099201962171, 5.770410311702256934 ) ) ;
#2891 = PRESENTATION_STYLE_ASSIGNMENT (( #1595 ) ) ;
#2892 = CARTESIAN_POINT ( 'NONE',  ( -6.985000000000000320, 0.000000000000000000, 0.000000000000000000 ) ) ;
#2893 = ORIENTED_EDGE ( 'NONE', *, *, #3071, .F. ) ;
#2894 = FILL_AREA_STYLE ('',( #210 ) ) ;
#2895 = DIRECTION ( 'NONE',  ( 0.000000000000000000, -0.000000000000000000, 1.000000000000000000 ) ) ;
#2896 = AXIS2_PLACEMENT_3D ( 'NONE', #3647, #2991, #2424 ) ;
#2897 = DIRECTION ( 'NONE',  ( -1.000000000000000000, 0.000000000000000000, 0.000000000000000000 ) ) ;
#2898 = MECHANICAL_DESIGN_GEOMETRIC_PRESENTATION_REPRESENTATION (  '', ( #1812 ), #3030 ) ;
#2899 = ORIENTED_EDGE ( 'NONE', *, *, #1139, .T. ) ;
#2900 = FACE_OUTER_BOUND ( 'NONE', #204, .T. ) ;
#2901 = MECHANICAL_DESIGN_GEOMETRIC_PRESENTATION_REPRESENTATION (  '', ( #3744 ), #1683 ) ;
#2902 = CARTESIAN_POINT ( 'NONE',  ( 5.488333943563423745, 6.333333943563423496, 5.739988896777239447 ) ) ;
#2903 = PRESENTATION_LAYER_ASSIGNMENT (  '', '', ( #3742 ) ) ;
#2904 = MECHANICAL_DESIGN_GEOMETRIC_PRESENTATION_REPRESENTATION (  '', ( #316 ), #803 ) ;
#2905 = AXIS2_PLACEMENT_3D ( 'NONE', #2065, #2733, #2336 ) ;
#2906 = CARTESIAN_POINT ( 'NONE',  ( -6.985000000000000320, 1.409999999999999920, 0.8800000000000000044 ) ) ;
#2907 = EDGE_CURVE ( 'NONE', #1286, #297, #2835, .T. ) ;
#2908 = ADVANCED_FACE ( 'NONE', ( #3420 ), #1476, .T. ) ;
#2909 = CARTESIAN_POINT ( 'NONE',  ( -5.900000000000000355, 0.3549999999999999822, 1.149999999999999911 ) ) ;
#2910 = COLOUR_RGB ( '',0.2509803921568627416, 0.2509803921568627416, 0.2509803921568627416 ) ;
#2911 = COLOUR_RGB ( '',0.2509803921568627416, 0.2509803921568627416, 0.2509803921568627416 ) ;
#2912 =( NAMED_UNIT ( * ) PLANE_ANGLE_UNIT ( ) SI_UNIT ( $, .RADIAN. ) );
#2913 = CYLINDRICAL_SURFACE ( 'NONE', #2466, 0.4999999999999998890 ) ;
#2914 = PRESENTATION_LAYER_ASSIGNMENT (  '', '', ( #1419 ) ) ;
#2915 = FACE_OUTER_BOUND ( 'NONE', #1612, .T. ) ;
#2916 = CARTESIAN_POINT ( 'NONE',  ( 6.700000000000001066, 1.054999999999999938, -0.6500000000000001332 ) ) ;
#2917 = EDGE_LOOP ( 'NONE', ( #2836, #2501, #279, #715 ) ) ;
#2918 = AXIS2_PLACEMENT_3D ( 'NONE', #3541, #2647, #4259 ) ;
#2919 = SURFACE_SIDE_STYLE ('',( #2267 ) ) ;
#2920 = CARTESIAN_POINT ( 'NONE',  ( 0.6500000000000001332, 1.054999999999999938, 5.899999999999998579 ) ) ;
#2921 = CIRCLE ( 'NONE', #403, 0.5000000000000000000 ) ;
#2922 =( NAMED_UNIT ( * ) SI_UNIT ( $, .STERADIAN. ) SOLID_ANGLE_UNIT ( ) );
#2923 = ORIENTED_EDGE ( 'NONE', *, *, #3818, .F. ) ;
#2924 = LINE ( 'NONE', #1351, #2834 ) ;
#2925 = AXIS2_PLACEMENT_3D ( 'NONE', #2243, #300, #4245 ) ;
#2926 = DIRECTION ( 'NONE',  ( 0.000000000000000000, 0.000000000000000000, 1.000000000000000000 ) ) ;
#2927 = FILL_AREA_STYLE_COLOUR ( '', #3766 ) ;
#2928 = AXIS2_PLACEMENT_3D ( 'NONE', #836, #2433, #471 ) ;
#2929 = PLANE ( 'NONE',  #1562 ) ;
#2930 = COLOUR_RGB ( '',0.2509803921568627416, 0.2509803921568627416, 0.2509803921568627416 ) ;
#2931 = CARTESIAN_POINT ( 'NONE',  ( -0.6500000000000001332, 0.3549999999999999822, -25.19629199999999969 ) ) ;
#2932 = SURFACE_STYLE_USAGE ( .BOTH. , #578 ) ;
#2933 = EDGE_CURVE ( 'NONE', #3233, #2855, #3466, .T. ) ;
#2934 = COLOUR_RGB ( '',0.2509803921568627416, 0.2509803921568627416, 0.2509803921568627416 ) ;
#2935 = DIRECTION ( 'NONE',  ( -1.000000000000000000, 0.000000000000000000, 0.000000000000000000 ) ) ;
#2936 = EDGE_LOOP ( 'NONE', ( #3131, #3426, #1111, #1529, #3510 ) ) ;
#2937 = FACE_OUTER_BOUND ( 'NONE', #893, .T. ) ;
#2938 = EDGE_CURVE ( 'NONE', #827, #3300, #2461, .T. ) ;
#2939 = ORIENTED_EDGE ( 'NONE', *, *, #1845, .F. ) ;
#2940 = DIRECTION ( 'NONE',  ( -1.000000000000000000, 0.000000000000000000, 0.000000000000000000 ) ) ;
#2941 = CARTESIAN_POINT ( 'NONE',  ( 0.000000000000000000, 0.000000000000000000, 6.985000000000000320 ) ) ;
#2942 = ORIENTED_EDGE ( 'NONE', *, *, #3036, .F. ) ;
#2943 = CARTESIAN_POINT ( 'NONE',  ( -5.740000000000000213, 0.000000000000000000, -1.635999999999999899 ) ) ;
#2944 = FACE_OUTER_BOUND ( 'NONE', #1840, .T. ) ;
#2945 = SURFACE_SIDE_STYLE ('',( #2568 ) ) ;
#2946 = ORIENTED_EDGE ( 'NONE', *, *, #2445, .T. ) ;
#2947 = UNCERTAINTY_MEASURE_WITH_UNIT (LENGTH_MEASURE( 1.000000000000000082E-05 ), #3172, 'distance_accuracy_value', 'NONE');
#2948 = PLANE ( 'NONE',  #1284 ) ;
#2949 = SURFACE_SIDE_STYLE ('',( #3608 ) ) ;
#2950 = CARTESIAN_POINT ( 'NONE',  ( 5.666776695296637634, 6.511776695296637385, 5.490000000000001101 ) ) ;
#2951 = DIRECTION ( 'NONE',  ( 0.000000000000000000, -1.000000000000000000, 0.000000000000000000 ) ) ;
#2952 = ORIENTED_EDGE ( 'NONE', *, *, #2933, .F. ) ;
#2953 = FILL_AREA_STYLE ('',( #4032 ) ) ;
#2954 = PRESENTATION_STYLE_ASSIGNMENT (( #3682 ) ) ;
#2955 = DIRECTION ( 'NONE',  ( 0.000000000000000000, -0.000000000000000000, 1.000000000000000000 ) ) ;
#2956 = ADVANCED_FACE ( 'NONE', ( #1504 ), #2798, .T. ) ;
#2957 = ADVANCED_FACE ( 'NONE', ( #3207 ), #1643, .T. ) ;
#2958 = EDGE_LOOP ( 'NONE', ( #837, #3435, #2214, #2764 ) ) ;
#2959 = SURFACE_SIDE_STYLE ('',( #2613 ) ) ;
#2960 = DIRECTION ( 'NONE',  ( 1.000000000000000000, 0.000000000000000000, 0.000000000000000000 ) ) ;
#2961 = CARTESIAN_POINT ( 'NONE',  ( 5.666776695296638522, 6.511776695296638273, 5.490000000000001101 ) ) ;
#2962 = ORIENTED_EDGE ( 'NONE', *, *, #1923, .T. ) ;
#2963 = VECTOR ( 'NONE', #1295, 1000.000000000000000 ) ;
#2964 = STYLED_ITEM ( 'NONE', ( #1731 ), #58 ) ;
#2965 = VECTOR ( 'NONE', #179, 1000.000000000000000 ) ;
#2966 = COLOUR_RGB ( '',0.2509803921568627416, 0.2509803921568627416, 0.2509803921568627416 ) ;
#2967 = CARTESIAN_POINT ( 'NONE',  ( 5.771105590733192514, 6.407447799860086057, 5.489999999999999325 ) ) ;
#2968 = CARTESIAN_POINT ( 'NONE',  ( 0.000000000000000000, 0.000000000000000000, 5.740000000000000213 ) ) ;
#2969 = DIRECTION ( 'NONE',  ( 1.000000000000000000, 0.000000000000000000, -0.000000000000000000 ) ) ;
#2970 = VECTOR ( 'NONE', #331, 1000.000000000000000 ) ;
#2971 =( GEOMETRIC_REPRESENTATION_CONTEXT ( 3 ) GLOBAL_UNCERTAINTY_ASSIGNED_CONTEXT ( ( #2655 ) ) GLOBAL_UNIT_ASSIGNED_CONTEXT ( ( #4140, #1126, #4123 ) ) REPRESENTATION_CONTEXT ( 'NONE', 'WORKASPACE' ) );
#2972 = FILL_AREA_STYLE ('',( #3917 ) ) ;
#2973 = ORIENTED_EDGE ( 'NONE', *, *, #2907, .T. ) ;
#2974 =( NAMED_UNIT ( * ) SI_UNIT ( $, .STERADIAN. ) SOLID_ANGLE_UNIT ( ) );
#2975 = DIRECTION ( 'NONE',  ( 0.000000000000000000, -1.000000000000000000, 0.000000000000000000 ) ) ;
#2976 = VECTOR ( 'NONE', #3355, 1000.000000000000000 ) ;
#2977 = CIRCLE ( 'NONE', #2848, 0.2500000000000002220 ) ;
#2978 = FILL_AREA_STYLE_COLOUR ( '', #415 ) ;
#2979 = ORIENTED_EDGE ( 'NONE', *, *, #1484, .T. ) ;
#2980 = PRESENTATION_STYLE_ASSIGNMENT (( #2066 ) ) ;
#2981 = ADVANCED_FACE ( 'NONE', ( #2937 ), #602, .T. ) ;
#2982 = ADVANCED_FACE ( 'NONE', ( #2332 ), #767, .T. ) ;
#2983 = MECHANICAL_DESIGN_GEOMETRIC_PRESENTATION_REPRESENTATION (  '', ( #3346 ), #1503 ) ;
#2984 = SURFACE_STYLE_FILL_AREA ( #4217 ) ;
#2985 = CARTESIAN_POINT ( 'NONE',  ( 5.740000000000000213, 6.334999999999999964, 5.740000000000000213 ) ) ;
#2986 = CARTESIAN_POINT ( 'NONE',  ( -5.899999999999998579, -0.1449999999999999900, 0.6500000000000001332 ) ) ;
#2987 = VERTEX_POINT ( 'NONE', #3615 ) ;
#2988 = CIRCLE ( 'NONE', #2721, 0.2500000000000002220 ) ;
#2989 = PRESENTATION_LAYER_ASSIGNMENT (  '', '', ( #3967 ) ) ;
#2990 =( GEOMETRIC_REPRESENTATION_CONTEXT ( 3 ) GLOBAL_UNCERTAINTY_ASSIGNED_CONTEXT ( ( #3514 ) ) GLOBAL_UNIT_ASSIGNED_CONTEXT ( ( #4007, #2043, #3388 ) ) REPRESENTATION_CONTEXT ( 'NONE', 'WORKASPACE' ) );
#2991 = DIRECTION ( 'NONE',  ( 1.000000000000000000, -0.000000000000000000, 0.000000000000000000 ) ) ;
#2992 =( NAMED_UNIT ( * ) PLANE_ANGLE_UNIT ( ) SI_UNIT ( $, .RADIAN. ) );
#2993 = DIRECTION ( 'NONE',  ( 0.000000000000000000, 0.000000000000000000, 1.000000000000000000 ) ) ;
#2994 = DIRECTION ( 'NONE',  ( -1.000000000000000000, -0.000000000000000000, -0.000000000000000000 ) ) ;
#2995 =( NAMED_UNIT ( * ) PLANE_ANGLE_UNIT ( ) SI_UNIT ( $, .RADIAN. ) );
#2996 = COLOUR_RGB ( '',0.2509803921568627416, 0.2509803921568627416, 0.2509803921568627416 ) ;
#2997 = ORIENTED_EDGE ( 'NONE', *, *, #1720, .T. ) ;
#2998 = UNCERTAINTY_MEASURE_WITH_UNIT (LENGTH_MEASURE( 1.000000000000000082E-05 ), #2220, 'distance_accuracy_value', 'NONE');
#2999 = DIRECTION ( 'NONE',  ( 1.000000000000000000, -0.000000000000000000, 0.000000000000000000 ) ) ;
#3000 = DIRECTION ( 'NONE',  ( 0.000000000000000000, 0.000000000000000000, 1.000000000000000000 ) ) ;
#3001 = VECTOR ( 'NONE', #512, 1000.000000000000000 ) ;
#3002 = FACE_OUTER_BOUND ( 'NONE', #2917, .T. ) ;
#3003 = ORIENTED_EDGE ( 'NONE', *, *, #1922, .F. ) ;
#3004 = PRESENTATION_LAYER_ASSIGNMENT (  '', '', ( #3632 ) ) ;
#3005 = PLANE ( 'NONE',  #1092 ) ;
#3006 = CARTESIAN_POINT ( 'NONE',  ( -5.740000000000000213, 1.409999999999999920, 5.740000000000000213 ) ) ;
#3007 = CARTESIAN_POINT ( 'NONE',  ( 5.666776695296637634, 6.511776695296637385, 5.489999999999998437 ) ) ;
#3008 = ORIENTED_EDGE ( 'NONE', *, *, #3736, .T. ) ;
#3009 = FILL_AREA_STYLE ('',( #3948 ) ) ;
#3010 = LINE ( 'NONE', #482, #2642 ) ;
#3011 = EDGE_CURVE ( 'NONE', #357, #2672, #2309, .T. ) ;
#3012 = ADVANCED_FACE ( 'NONE', ( #2668 ), #85, .T. ) ;
#3013 = CARTESIAN_POINT ( 'NONE',  ( 5.592658205452107900, 6.437658205452109428, 5.741379439399342033 ) ) ;
#3014 = CARTESIAN_POINT ( 'NONE',  ( 1.149999999999999911, -0.1449999999999999900, 5.900000000000000355 ) ) ;
#3015 = PLANE ( 'NONE',  #56 ) ;
#3016 = LINE ( 'NONE', #3037, #1889 ) ;
#3017 = CARTESIAN_POINT ( 'NONE',  ( 5.900000000000000355, 1.409999999999999920, 0.000000000000000000 ) ) ;
#3018 = FILL_AREA_STYLE_COLOUR ( '', #3117 ) ;
#3019 = CYLINDRICAL_SURFACE ( 'NONE', #2928, 0.5000000000000000000 ) ;
#3020 = ORIENTED_EDGE ( 'NONE', *, *, #978, .T. ) ;
#3021 = SURFACE_STYLE_FILL_AREA ( #91 ) ;
#3022 = FILL_AREA_STYLE_COLOUR ( '', #4016 ) ;
#3023 = LINE ( 'NONE', #2737, #3219 ) ;
#3024 = DIRECTION ( 'NONE',  ( 0.000000000000000000, 0.000000000000000000, -1.000000000000000000 ) ) ;
#3025 = ORIENTED_EDGE ( 'NONE', *, *, #2583, .T. ) ;
#3026 = AXIS2_PLACEMENT_3D ( 'NONE', #2127, #4111, #806 ) ;
#3027 = SURFACE_STYLE_USAGE ( .BOTH. , #1700 ) ;
#3028 = CARTESIAN_POINT ( 'NONE',  ( -0.8800000000000000044, 0.000000000000000000, 6.700000000000000178 ) ) ;
#3029 = FACE_OUTER_BOUND ( 'NONE', #1983, .T. ) ;
#3030 =( GEOMETRIC_REPRESENTATION_CONTEXT ( 3 ) GLOBAL_UNCERTAINTY_ASSIGNED_CONTEXT ( ( #1455 ) ) GLOBAL_UNIT_ASSIGNED_CONTEXT ( ( #1938, #960, #3616 ) ) REPRESENTATION_CONTEXT ( 'NONE', 'WORKASPACE' ) );
#3031 = CARTESIAN_POINT ( 'NONE',  ( 1.149999999999999911, 1.054999999999999938, 6.700000000000001066 ) ) ;
#3032 = FACE_OUTER_BOUND ( 'NONE', #1657, .T. ) ;
#3033 = MECHANICAL_DESIGN_GEOMETRIC_PRESENTATION_REPRESENTATION (  '', ( #2432 ), #1608 ) ;
#3034 = CARTESIAN_POINT ( 'NONE',  ( 5.900000000000000355, 0.000000000000000000, -1.149999999999999911 ) ) ;
#3035 = EDGE_CURVE ( 'NONE', #1310, #3637, #3297, .T. ) ;
#3036 = EDGE_CURVE ( 'NONE', #107, #256, #1988, .T. ) ;
#3037 = CARTESIAN_POINT ( 'NONE',  ( 1.149999999999999911, 1.054999999999999938, 25.19629199999999969 ) ) ;
#3038 = CARTESIAN_POINT ( 'NONE',  ( -0.8799999999999997824, 1.409999999999999920, -5.739999999999999325 ) ) ;
#3039 = ORIENTED_EDGE ( 'NONE', *, *, #2103, .T. ) ;
#3040 = DIRECTION ( 'NONE',  ( 0.000000000000000000, 1.000000000000000000, 0.000000000000000000 ) ) ;
#3041 = VECTOR ( 'NONE', #3228, 1000.000000000000000 ) ;
#3042 = STYLED_ITEM ( 'NONE', ( #1177 ), #2883 ) ;
#3043 = FILL_AREA_STYLE ('',( #2978 ) ) ;
#3044 = ORIENTED_EDGE ( 'NONE', *, *, #2273, .F. ) ;
#3045 =( GEOMETRIC_REPRESENTATION_CONTEXT ( 3 ) GLOBAL_UNCERTAINTY_ASSIGNED_CONTEXT ( ( #921 ) ) GLOBAL_UNIT_ASSIGNED_CONTEXT ( ( #2242, #3572, #1301 ) ) REPRESENTATION_CONTEXT ( 'NONE', 'WORKASPACE' ) );
#3046 = VECTOR ( 'NONE', #719, 1000.000000000000000 ) ;
#3047 = PRESENTATION_STYLE_ASSIGNMENT (( #2314 ) ) ;
#3048 = SURFACE_STYLE_FILL_AREA ( #118 ) ;
#3049 = COLOUR_RGB ( '',0.2509803921568627416, 0.2509803921568627416, 0.2509803921568627416 ) ;
#3050 = CARTESIAN_POINT ( 'NONE',  ( 5.899999999999999467, 1.554999999999999938, -0.6500000000000001332 ) ) ;
#3051 = ORIENTED_EDGE ( 'NONE', *, *, #627, .F. ) ;
#3052 = EDGE_LOOP ( 'NONE', ( #516, #3623, #3563, #1795, #242, #3964, #3666, #95 ) ) ;
#3053 = DIRECTION ( 'NONE',  ( -1.000000000000000000, 0.000000000000000000, 0.000000000000000000 ) ) ;
#3054 = DIRECTION ( 'NONE',  ( 1.000000000000000000, 0.000000000000000000, 0.000000000000000000 ) ) ;
#3055 =( LENGTH_UNIT ( ) NAMED_UNIT ( * ) SI_UNIT ( .MILLI., .METRE. ) );
#3056 = VECTOR ( 'NONE', #371, 1000.000000000000000 ) ;
#3057 = CARTESIAN_POINT ( 'NONE',  ( -6.985000000000000320, 0.000000000000000000, -0.8800000000000000044 ) ) ;
#3058 = STYLED_ITEM ( 'NONE', ( #338 ), #1897 ) ;
#3059 = DIRECTION ( 'NONE',  ( -0.000000000000000000, 1.000000000000000000, 0.000000000000000000 ) ) ;
#3060 = DIRECTION ( 'NONE',  ( -0.000000000000000000, 1.000000000000000000, -0.000000000000000000 ) ) ;
#3061 = CARTESIAN_POINT ( 'NONE',  ( 0.8800000000000000044, 0.000000000000000000, 6.700000000000000178 ) ) ;
#3062 =( GEOMETRIC_REPRESENTATION_CONTEXT ( 3 ) GLOBAL_UNCERTAINTY_ASSIGNED_CONTEXT ( ( #3159 ) ) GLOBAL_UNIT_ASSIGNED_CONTEXT ( ( #3656, #2334, #422 ) ) REPRESENTATION_CONTEXT ( 'NONE', 'WORKASPACE' ) );
#3063 = EDGE_CURVE ( 'NONE', #4216, #2130, #1709, .T. ) ;
#3064 = ORIENTED_EDGE ( 'NONE', *, *, #1027, .T. ) ;
#3065 = CARTESIAN_POINT ( 'NONE',  ( 5.489999999999995772, 6.616105590733189601, -5.562447799860084530 ) ) ;
#3066 = CARTESIAN_POINT ( 'NONE',  ( -5.739999999998844693, 6.335000000000001741, -1.636000000001154975 ) ) ;
#3067 = AXIS2_PLACEMENT_3D ( 'NONE', #587, #1018, #1271 ) ;
#3068 = FILL_AREA_STYLE_COLOUR ( '', #2966 ) ;
#3069 = DIRECTION ( 'NONE',  ( 1.000000000000000000, 0.000000000000000000, 0.000000000000000000 ) ) ;
#3070 = VERTEX_POINT ( 'NONE', #66 ) ;
#3071 = EDGE_CURVE ( 'NONE', #2008, #390, #3106, .T. ) ;
#3072 = DIRECTION ( 'NONE',  ( 0.000000000000000000, 0.000000000000000000, 1.000000000000000000 ) ) ;
#3073 = CARTESIAN_POINT ( 'NONE',  ( -1.635999999999999899, 0.000000000000000000, -5.740000000000000213 ) ) ;
#3074 = VECTOR ( 'NONE', #73, 1000.000000000000000 ) ;
#3075 =( NAMED_UNIT ( * ) SI_UNIT ( $, .STERADIAN. ) SOLID_ANGLE_UNIT ( ) );
#3076 = DIRECTION ( 'NONE',  ( 0.000000000000000000, 0.000000000000000000, -1.000000000000000000 ) ) ;
#3077 =( GEOMETRIC_REPRESENTATION_CONTEXT ( 3 ) GLOBAL_UNCERTAINTY_ASSIGNED_CONTEXT ( ( #3958 ) ) GLOBAL_UNIT_ASSIGNED_CONTEXT ( ( #1803, #2509, #2183 ) ) REPRESENTATION_CONTEXT ( 'NONE', 'WORKASPACE' ) );
#3078 = DIRECTION ( 'NONE',  ( -0.000000000000000000, -0.000000000000000000, -1.000000000000000000 ) ) ;
#3079 = VERTEX_POINT ( 'NONE', #205 ) ;
#3080 = ORIENTED_EDGE ( 'NONE', *, *, #3035, .F. ) ;
#3081 =( LENGTH_UNIT ( ) NAMED_UNIT ( * ) SI_UNIT ( .MILLI., .METRE. ) );
#3082 = DIRECTION ( 'NONE',  ( -0.000000000000000000, -0.000000000000000000, -1.000000000000000000 ) ) ;
#3083 = FACE_OUTER_BOUND ( 'NONE', #1575, .T. ) ;
#3084 = SURFACE_SIDE_STYLE ('',( #1117 ) ) ;
#3085 = DIRECTION ( 'NONE',  ( -0.000000000000000000, -1.000000000000000000, -0.000000000000000000 ) ) ;
#3086 = SURFACE_STYLE_FILL_AREA ( #1119 ) ;
#3087 = CARTESIAN_POINT ( 'NONE',  ( -5.489999999999998437, 6.511776695296637385, 5.666776695296637634 ) ) ;
#3088 = VERTEX_POINT ( 'NONE', #3789 ) ;
#3089 = CARTESIAN_POINT ( 'NONE',  ( -1.149999999999999911, 1.554999999999999938, -6.700000000000000178 ) ) ;
#3090 = CARTESIAN_POINT ( 'NONE',  ( -5.490000000000000213, 0.000000000000000000, 5.740000000000000213 ) ) ;
#3091 = CARTESIAN_POINT ( 'NONE',  ( 5.740000000000000213, 6.334999999999999964, 5.489999999999999325 ) ) ;
#3092 = ORIENTED_EDGE ( 'NONE', *, *, #1692, .T. ) ;
#3093 = CARTESIAN_POINT ( 'NONE',  ( -5.900000000000000355, 0.000000000000000000, 0.000000000000000000 ) ) ;
#3094 =( LENGTH_UNIT ( ) NAMED_UNIT ( * ) SI_UNIT ( .MILLI., .METRE. ) );
#3095 = EDGE_CURVE ( 'NONE', #1011, #3569, #540, .T. ) ;
#3096 = ADVANCED_FACE ( 'NONE', ( #2727 ), #1430, .T. ) ;
#3097 = EDGE_LOOP ( 'NONE', ( #611, #3025, #3160, #1586, #2739 ) ) ;
#3098 = UNCERTAINTY_MEASURE_WITH_UNIT (LENGTH_MEASURE( 1.000000000000000082E-05 ), #2392, 'distance_accuracy_value', 'NONE');
#3099 = FILL_AREA_STYLE_COLOUR ( '', #3187 ) ;
#3100 = DIRECTION ( 'NONE',  ( -1.000000000000000000, -0.000000000000000000, -0.000000000000000000 ) ) ;
#3101 = CARTESIAN_POINT ( 'NONE',  ( 5.490000000000000213, 0.000000000000000000, -5.490000000000000213 ) ) ;
#3102 = CARTESIAN_POINT ( 'NONE',  ( -0.6500000000000001332, 1.554999999999999938, -6.700000000000001066 ) ) ;
#3103 = SURFACE_SIDE_STYLE ('',( #3767 ) ) ;
#3104 = CARTESIAN_POINT ( 'NONE',  ( 0.000000000000000000, 1.409999999999999920, 0.000000000000000000 ) ) ;
#3105 = VERTEX_POINT ( 'NONE', #3773 ) ;
#3106 = LINE ( 'NONE', #1471, #1824 ) ;
#3107 = CARTESIAN_POINT ( 'NONE',  ( -5.899999999999999467, 1.554999999999999938, 0.6500000000000001332 ) ) ;
#3108 = CIRCLE ( 'NONE', #1276, 0.2500000000000003331 ) ;
#3109 =( LENGTH_UNIT ( ) NAMED_UNIT ( * ) SI_UNIT ( .MILLI., .METRE. ) );
#3110 = VECTOR ( 'NONE', #2623, 1000.000000000000000 ) ;
#3111 = ORIENTED_EDGE ( 'NONE', *, *, #222, .F. ) ;
#3112 = AXIS2_PLACEMENT_3D ( 'NONE', #3537, #269, #2268 ) ;
#3113 =( NAMED_UNIT ( * ) PLANE_ANGLE_UNIT ( ) SI_UNIT ( $, .RADIAN. ) );
#3114 = CARTESIAN_POINT ( 'NONE',  ( 1.149999999999999911, -0.1449999999999999900, -6.700000000000000178 ) ) ;
#3115 = PRESENTATION_LAYER_ASSIGNMENT (  '', '', ( #1206 ) ) ;
#3116 = PLANE ( 'NONE',  #591 ) ;
#3117 = COLOUR_RGB ( '',0.2509803921568627416, 0.2509803921568627416, 0.2509803921568627416 ) ;
#3118 = ORIENTED_EDGE ( 'NONE', *, *, #3976, .T. ) ;
#3119 = ADVANCED_FACE ( 'NONE', ( #3436 ), #2517, .T. ) ;
#3120 = ADVANCED_FACE ( 'NONE', ( #2264 ), #3587, .T. ) ;
#3121 =( GEOMETRIC_REPRESENTATION_CONTEXT ( 3 ) GLOBAL_UNCERTAINTY_ASSIGNED_CONTEXT ( ( #2545 ) ) GLOBAL_UNIT_ASSIGNED_CONTEXT ( ( #3382, #3170, #3129 ) ) REPRESENTATION_CONTEXT ( 'NONE', 'WORKASPACE' ) );
#3122 = PRESENTATION_LAYER_ASSIGNMENT (  '', '', ( #324 ) ) ;
#3123 = PLANE ( 'NONE',  #468 ) ;
#3124 = STYLED_ITEM ( 'NONE', ( #965 ), #3374 ) ;
#3125 = ORIENTED_EDGE ( 'NONE', *, *, #1900, .F. ) ;
#3126 = SURFACE_STYLE_FILL_AREA ( #168 ) ;
#3127 = SURFACE_SIDE_STYLE ('',( #3805 ) ) ;
#3128 = PLANE ( 'NONE',  #485 ) ;
#3129 =( NAMED_UNIT ( * ) SI_UNIT ( $, .STERADIAN. ) SOLID_ANGLE_UNIT ( ) );
#3130 = COLOUR_RGB ( '',0.2509803921568627416, 0.2509803921568627416, 0.2509803921568627416 ) ;
#3131 = ORIENTED_EDGE ( 'NONE', *, *, #777, .F. ) ;
#3132 = CARTESIAN_POINT ( 'NONE',  ( 5.490000000000001101, 6.511776695296639161, -5.666776695296637634 ) ) ;
#3133 = MECHANICAL_DESIGN_GEOMETRIC_PRESENTATION_REPRESENTATION (  '', ( #4253 ), #1302 ) ;
#3134 = CARTESIAN_POINT ( 'NONE',  ( 5.900000000000000355, 0.000000000000000000, -0.8800000000000000044 ) ) ;
#3135 = UNCERTAINTY_MEASURE_WITH_UNIT (LENGTH_MEASURE( 1.000000000000000082E-05 ), #2821, 'distance_accuracy_value', 'NONE');
#3136 = AXIS2_PLACEMENT_3D ( 'NONE', #1696, #3078, #774 ) ;
#3137 = VERTEX_POINT ( 'NONE', #3830 ) ;
#3138 = DIRECTION ( 'NONE',  ( 0.000000000000000000, 1.000000000000000000, 0.000000000000000000 ) ) ;
#3139 = CARTESIAN_POINT ( 'NONE',  ( -5.489999999999999325, 6.334999999999999964, 5.740000000000000213 ) ) ;
#3140 = STYLED_ITEM ( 'NONE', ( #3331 ), #2180 ) ;
#3141 = SURFACE_STYLE_FILL_AREA ( #902 ) ;
#3142 = VERTEX_POINT ( 'NONE', #237 ) ;
#3143 = STYLED_ITEM ( 'NONE', ( #2552 ), #2393 ) ;
#3144 = AXIS2_PLACEMENT_3D ( 'NONE', #1673, #2376, #2405 ) ;
#3145 = SURFACE_STYLE_USAGE ( .BOTH. , #3471 ) ;
#3146 = CARTESIAN_POINT ( 'NONE',  ( 5.490000000000000213, 6.334999999999999964, 5.490000000000000213 ) ) ;
#3147 = ORIENTED_EDGE ( 'NONE', *, *, #3817, .T. ) ;
#3148 = PRESENTATION_STYLE_ASSIGNMENT (( #1847 ) ) ;
#3149 = SURFACE_STYLE_FILL_AREA ( #1167 ) ;
#3150 = PLANE ( 'NONE',  #3484 ) ;
#3151 = EDGE_CURVE ( 'NONE', #2312, #2844, #2600, .T. ) ;
#3152 = EDGE_CURVE ( 'NONE', #1036, #3850, #398, .T. ) ;
#3153 = PLANE ( 'NONE',  #552 ) ;
#3154 = ORIENTED_EDGE ( 'NONE', *, *, #2654, .T. ) ;
#3155 = PRESENTATION_STYLE_ASSIGNMENT (( #3724 ) ) ;
#3156 = CARTESIAN_POINT ( 'NONE',  ( -6.700000000000000178, -0.1449999999999999900, 1.149999999999999911 ) ) ;
#3157 = CARTESIAN_POINT ( 'NONE',  ( 5.490000000000001101, 6.511776695296637385, -5.666776695296637634 ) ) ;
#3158 = FACE_BOUND ( 'NONE', #1913, .T. ) ;
#3159 = UNCERTAINTY_MEASURE_WITH_UNIT (LENGTH_MEASURE( 1.000000000000000082E-05 ), #3656, 'distance_accuracy_value', 'NONE');
#3160 = ORIENTED_EDGE ( 'NONE', *, *, #2015, .T. ) ;
#3161 = VERTEX_POINT ( 'NONE', #1279 ) ;
#3162 = SURFACE_SIDE_STYLE ('',( #839 ) ) ;
#3163 = DIRECTION ( 'NONE',  ( -1.000000000000000000, -0.000000000000000000, -0.000000000000000000 ) ) ;
#3164 = EDGE_LOOP ( 'NONE', ( #65, #3118, #3008, #450 ) ) ;
#3165 = PRESENTATION_STYLE_ASSIGNMENT (( #2805 ) ) ;
#3166 =( NAMED_UNIT ( * ) SI_UNIT ( $, .STERADIAN. ) SOLID_ANGLE_UNIT ( ) );
#3167 = EDGE_LOOP ( 'NONE', ( #680, #55, #2997, #4205 ) ) ;
#3168 = DIRECTION ( 'NONE',  ( -1.000000000000000000, 0.000000000000000000, -0.000000000000000000 ) ) ;
#3169 = FILL_AREA_STYLE ('',( #1228 ) ) ;
#3170 =( NAMED_UNIT ( * ) PLANE_ANGLE_UNIT ( ) SI_UNIT ( $, .RADIAN. ) );
#3171 = ORIENTED_EDGE ( 'NONE', *, *, #1946, .T. ) ;
#3172 =( LENGTH_UNIT ( ) NAMED_UNIT ( * ) SI_UNIT ( .MILLI., .METRE. ) );
#3173 = EDGE_CURVE ( 'NONE', #1011, #2806, #252, .T. ) ;
#3174 = EDGE_CURVE ( 'NONE', #1862, #2107, #2579, .T. ) ;
#3175 = CARTESIAN_POINT ( 'NONE',  ( 5.637254666298388450, 6.259906099201962171, -5.770410311702256934 ) ) ;
#3176 = FILL_AREA_STYLE_COLOUR ( '', #17 ) ;
#3177 = ORIENTED_EDGE ( 'NONE', *, *, #3793, .T. ) ;
#3178 = COLOUR_RGB ( '',0.2509803921568627416, 0.2509803921568627416, 0.2509803921568627416 ) ;
#3179 = CARTESIAN_POINT ( 'NONE',  ( -5.740000000000000213, 0.000000000000000000, 0.000000000000000000 ) ) ;
#3180 = CLOSED_SHELL ( 'NONE', ( #2419, #273, #3210, #4215, #351, #2180, #78, #2451, #2302, #493, #4000, #594, #596, #1637, #3794, #1897, #4249, #164, #3715, #2624, #3012, #1659, #2653, #2151, #1220, #937, #2074, #2729, #3096, #1113, #2753, #3348, #193, #3235, #29, #1168, #3527, #3374, #79, #2908, #1108, #2703, #2607, #2548, #2420, #2982, #2101, #2256, #243, #1518, #2393, #1325, #3654, #2048, #648, #58, #647, #3490, #2956, #4165, #3258, #2957, #3768, #3120, #3558, #3236, #905, #1140, #2882, #3119, #1638, #2833, #353, #849, #1537, #295, #1383, #111, #885, #2883, #4192, #1535, #697, #2203, #2702, #1379, #501, #1245, #4081, #850, #137, #2981, #2177 ) ) ;
#3181 = DIRECTION ( 'NONE',  ( 0.000000000000000000, 0.000000000000000000, 1.000000000000000000 ) ) ;
#3182 = MECHANICAL_DESIGN_GEOMETRIC_PRESENTATION_REPRESENTATION (  '', ( #3671 ), #534 ) ;
#3183 = EDGE_LOOP ( 'NONE', ( #3760, #3590, #1226, #4167, #3803, #283, #585, #1254 ) ) ;
#3184 = AXIS2_PLACEMENT_3D ( 'NONE', #2290, #3617, #1661 ) ;
#3185 = UNCERTAINTY_MEASURE_WITH_UNIT (LENGTH_MEASURE( 1.000000000000000082E-05 ), #3285, 'distance_accuracy_value', 'NONE');
#3186 = VECTOR ( 'NONE', #68, 1000.000000000000000 ) ;
#3187 = COLOUR_RGB ( '',0.2509803921568627416, 0.2509803921568627416, 0.2509803921568627416 ) ;
#3188 = CARTESIAN_POINT ( 'NONE',  ( -5.490000000000001101, 6.511776695296638273, 5.666776695296638522 ) ) ;
#3189 = FACE_OUTER_BOUND ( 'NONE', #2143, .T. ) ;
#3190 = AXIS2_PLACEMENT_3D ( 'NONE', #1569, #514, #2201 ) ;
#3191 = PRESENTATION_LAYER_ASSIGNMENT (  '', '', ( #2843 ) ) ;
#3192 = ORIENTED_EDGE ( 'NONE', *, *, #3793, .F. ) ;
#3193 = LINE ( 'NONE', #1911, #1781 ) ;
#3194 = SURFACE_SIDE_STYLE ('',( #1251 ) ) ;
#3195 = CARTESIAN_POINT ( 'NONE',  ( 1.149999999999999911, 1.054999999999999938, -5.900000000000000355 ) ) ;
#3196 = VECTOR ( 'NONE', #1509, 1000.000000000000000 ) ;
#3197 = AXIS2_PLACEMENT_3D ( 'NONE', #2931, #3928, #1671 ) ;
#3198 = ORIENTED_EDGE ( 'NONE', *, *, #1971, .F. ) ;
#3199 = CARTESIAN_POINT ( 'NONE',  ( -1.149999999999999911, 0.000000000000000000, -5.900000000000000355 ) ) ;
#3200 = CIRCLE ( 'NONE', #2172, 0.5000000000000000000 ) ;
#3201 =( NAMED_UNIT ( * ) SI_UNIT ( $, .STERADIAN. ) SOLID_ANGLE_UNIT ( ) );
#3202 = DIRECTION ( 'NONE',  ( 0.000000000000000000, -0.000000000000000000, -1.000000000000000000 ) ) ;
#3203 = CARTESIAN_POINT ( 'NONE',  ( 25.19629199999999969, -0.1449999999999999900, -0.6500000000000001332 ) ) ;
#3204 = EDGE_CURVE ( 'NONE', #3642, #3900, #1932, .T. ) ;
#3205 = ORIENTED_EDGE ( 'NONE', *, *, #1559, .T. ) ;
#3206 = STYLED_ITEM ( 'NONE', ( #1332 ), #1518 ) ;
#3207 = FACE_OUTER_BOUND ( 'NONE', #1050, .T. ) ;
#3208 = SURFACE_SIDE_STYLE ('',( #2288 ) ) ;
#3209 = DIRECTION ( 'NONE',  ( -1.000000000000000000, 0.000000000000000000, 0.000000000000000000 ) ) ;
#3210 = ADVANCED_FACE ( 'NONE', ( #2205 ), #1515, .T. ) ;
#3211 = EDGE_CURVE ( 'NONE', #2312, #4200, #2025, .T. ) ;
#3212 = FILL_AREA_STYLE ('',( #628 ) ) ;
#3213 = ORIENTED_EDGE ( 'NONE', *, *, #3151, .F. ) ;
#3214 = DIRECTION ( 'NONE',  ( -1.000000000000000000, 0.000000000000000000, 0.000000000000000000 ) ) ;
#3215 = STYLED_ITEM ( 'NONE', ( #2474 ), #2256 ) ;
#3216 = PRESENTATION_STYLE_ASSIGNMENT (( #3583 ) ) ;
#3217 = ORIENTED_EDGE ( 'NONE', *, *, #2832, .T. ) ;
#3218 =( GEOMETRIC_REPRESENTATION_CONTEXT ( 3 ) GLOBAL_UNCERTAINTY_ASSIGNED_CONTEXT ( ( #1678 ) ) GLOBAL_UNIT_ASSIGNED_CONTEXT ( ( #2128, #865, #199 ) ) REPRESENTATION_CONTEXT ( 'NONE', 'WORKASPACE' ) );
#3219 = VECTOR ( 'NONE', #2650, 1000.000000000000000 ) ;
#3220 = DIRECTION ( 'NONE',  ( 1.000000000000000000, 0.000000000000000000, 0.000000000000000000 ) ) ;
#3221 = FACE_OUTER_BOUND ( 'NONE', #2838, .T. ) ;
#3222 = FILL_AREA_STYLE ('',( #1888 ) ) ;
#3223 = COLOUR_RGB ( '',0.2509803921568627416, 0.2509803921568627416, 0.2509803921568627416 ) ;
#3224 = ORIENTED_EDGE ( 'NONE', *, *, #2628, .F. ) ;
#3225 =( NAMED_UNIT ( * ) SI_UNIT ( $, .STERADIAN. ) SOLID_ANGLE_UNIT ( ) );
#3226 = DIRECTION ( 'NONE',  ( -0.000000000000000000, -0.000000000000000000, 1.000000000000000000 ) ) ;
#3227 = CARTESIAN_POINT ( 'NONE',  ( -5.490000000000000213, 6.511776695296637385, 5.666776695296637634 ) ) ;
#3228 = DIRECTION ( 'NONE',  ( -0.000000000000000000, -0.000000000000000000, 1.000000000000000000 ) ) ;
#3229 =( NAMED_UNIT ( * ) PLANE_ANGLE_UNIT ( ) SI_UNIT ( $, .RADIAN. ) );
#3230 = ORIENTED_EDGE ( 'NONE', *, *, #1139, .F. ) ;
#3231 = CYLINDRICAL_SURFACE ( 'NONE', #662, 0.2500000000000002220 ) ;
#3232 = DIRECTION ( 'NONE',  ( 0.000000000000000000, 1.000000000000000000, -0.000000000000000000 ) ) ;
#3233 = VERTEX_POINT ( 'NONE', #3306 ) ;
#3234 = LINE ( 'NONE', #2295, #2346 ) ;
#3235 = ADVANCED_FACE ( 'NONE', ( #986 ), #61, .T. ) ;
#3236 = ADVANCED_FACE ( 'NONE', ( #3289 ), #1007, .T. ) ;
#3237 =( NAMED_UNIT ( * ) PLANE_ANGLE_UNIT ( ) SI_UNIT ( $, .RADIAN. ) );
#3238 = CARTESIAN_POINT ( 'NONE',  ( -5.490000000000000213, 6.334999999999999964, -25.19629199999999969 ) ) ;
#3239 = DIRECTION ( 'NONE',  ( 0.000000000000000000, 0.000000000000000000, -1.000000000000000000 ) ) ;
#3240 = CARTESIAN_POINT ( 'NONE',  ( 5.740000000000000213, 6.334999999999999964, -5.489999999999999325 ) ) ;
#3241 = ORIENTED_EDGE ( 'NONE', *, *, #326, .F. ) ;
#3242 = FILL_AREA_STYLE_COLOUR ( '', #2586 ) ;
#3243 = FILL_AREA_STYLE_COLOUR ( '', #1333 ) ;
#3244 = FILL_AREA_STYLE ('',( #304 ) ) ;
#3245 = CARTESIAN_POINT ( 'NONE',  ( 0.000000000000000000, 0.000000000000000000, 6.700000000000000178 ) ) ;
#3246 = CARTESIAN_POINT ( 'NONE',  ( -0.8800000000000000044, 1.409999999999999920, -6.985000000000000320 ) ) ;
#3247 = ORIENTED_EDGE ( 'NONE', *, *, #2150, .F. ) ;
#3248 = DIRECTION ( 'NONE',  ( -1.000000000000000000, 0.000000000000000000, 0.000000000000000000 ) ) ;
#3249 = PRESENTATION_LAYER_ASSIGNMENT (  '', '', ( #2274 ) ) ;
#3250 = LINE ( 'NONE', #3562, #479 ) ;
#3251 = VECTOR ( 'NONE', #1218, 1000.000000000000000 ) ;
#3252 = ORIENTED_EDGE ( 'NONE', *, *, #2073, .T. ) ;
#3253 =( LENGTH_UNIT ( ) NAMED_UNIT ( * ) SI_UNIT ( .MILLI., .METRE. ) );
#3254 = STYLED_ITEM ( 'NONE', ( #4231 ), #78 ) ;
#3255 = PRESENTATION_LAYER_ASSIGNMENT (  '', '', ( #860 ) ) ;
#3256 = MECHANICAL_DESIGN_GEOMETRIC_PRESENTATION_REPRESENTATION (  '', ( #864 ), #2572 ) ;
#3257 = FACE_OUTER_BOUND ( 'NONE', #3540, .T. ) ;
#3258 = ADVANCED_FACE ( 'NONE', ( #511 ), #1465, .T. ) ;
#3259 = VECTOR ( 'NONE', #3631, 1000.000000000000000 ) ;
#3260 = COLOUR_RGB ( '',0.2509803921568627416, 0.2509803921568627416, 0.2509803921568627416 ) ;
#3261 =( LENGTH_UNIT ( ) NAMED_UNIT ( * ) SI_UNIT ( .MILLI., .METRE. ) );
#3262 = CARTESIAN_POINT ( 'NONE',  ( 0.6500000000000001332, 0.3549999999999999822, -5.899999999999998579 ) ) ;
#3263 = COLOUR_RGB ( '',0.2509803921568627416, 0.2509803921568627416, 0.2509803921568627416 ) ;
#3264 = STYLED_ITEM ( 'NONE', ( #1449 ), #3096 ) ;
#3265 = CARTESIAN_POINT ( 'NONE',  ( 5.770410311702255157, 6.259906099201962171, 5.489999999999998437 ) ) ;
#3266 = LINE ( 'NONE', #934, #1954 ) ;
#3267 = LINE ( 'NONE', #3930, #624 ) ;
#3268 = CARTESIAN_POINT ( 'NONE',  ( -0.8800000000000000044, 0.000000000000000000, 6.985000000000000320 ) ) ;
#3269 = SURFACE_STYLE_USAGE ( .BOTH. , #3982 ) ;
#3270 = EDGE_LOOP ( 'NONE', ( #2558, #2942, #1201, #1055 ) ) ;
#3271 = DIRECTION ( 'NONE',  ( 0.000000000000000000, -1.000000000000000000, 0.000000000000000000 ) ) ;
#3272 =( GEOMETRIC_REPRESENTATION_CONTEXT ( 3 ) GLOBAL_UNCERTAINTY_ASSIGNED_CONTEXT ( ( #2412 ) ) GLOBAL_UNIT_ASSIGNED_CONTEXT ( ( #658, #1367, #1740 ) ) REPRESENTATION_CONTEXT ( 'NONE', 'WORKASPACE' ) );
#3273 = SURFACE_STYLE_FILL_AREA ( #2641 ) ;
#3274 = VECTOR ( 'NONE', #1589, 1000.000000000000000 ) ;
#3275 = DIRECTION ( 'NONE',  ( -0.000000000000000000, -0.000000000000000000, -1.000000000000000000 ) ) ;
#3276 = ORIENTED_EDGE ( 'NONE', *, *, #2328, .F. ) ;
#3277 = CARTESIAN_POINT ( 'NONE',  ( 0.6500000000000001332, 1.054999999999999938, -25.19629199999999969 ) ) ;
#3278 = COLOUR_RGB ( '',0.2509803921568627416, 0.2509803921568627416, 0.2509803921568627416 ) ;
#3279 = CARTESIAN_POINT ( 'NONE',  ( -5.900000000000000355, 1.554999999999999938, -0.6500000000000000222 ) ) ;
#3280 = SURFACE_STYLE_FILL_AREA ( #2275 ) ;
#3281 = EDGE_LOOP ( 'NONE', ( #2036, #287, #1155, #1397 ) ) ;
#3282 = VECTOR ( 'NONE', #3163, 1000.000000000000000 ) ;
#3283 = CIRCLE ( 'NONE', #2597, 0.5000000000000000000 ) ;
#3284 = SURFACE_STYLE_FILL_AREA ( #3009 ) ;
#3285 =( LENGTH_UNIT ( ) NAMED_UNIT ( * ) SI_UNIT ( .MILLI., .METRE. ) );
#3286 = CARTESIAN_POINT ( 'NONE',  ( -0.8800000000000000044, 1.409999999999999920, -6.985000000000000320 ) ) ;
#3287 = VECTOR ( 'NONE', #2184, 1000.000000000000000 ) ;
#3288 = AXIS2_PLACEMENT_3D ( 'NONE', #670, #3214, #4212 ) ;
#3289 = FACE_OUTER_BOUND ( 'NONE', #2936, .T. ) ;
#3290 = CARTESIAN_POINT ( 'NONE',  ( -5.900000000000000355, 0.000000000000000000, 0.8800000000000000044 ) ) ;
#3291 = EDGE_CURVE ( 'NONE', #3799, #465, #2977, .T. ) ;
#3292 = EDGE_CURVE ( 'NONE', #1687, #2626, #4034, .T. ) ;
#3293 = STYLED_ITEM ( 'NONE', ( #1705 ), #2451 ) ;
#3294 = CARTESIAN_POINT ( 'NONE',  ( 5.740000000000000213, 0.000000000000000000, 0.8799999999999996714 ) ) ;
#3295 =( NAMED_UNIT ( * ) SI_UNIT ( $, .STERADIAN. ) SOLID_ANGLE_UNIT ( ) );
#3296 = VERTEX_POINT ( 'NONE', #3403 ) ;
#3297 = LINE ( 'NONE', #358, #732 ) ;
#3298 = DIRECTION ( 'NONE',  ( -0.000000000000000000, -0.000000000000000000, 1.000000000000000000 ) ) ;
#3299 =( NAMED_UNIT ( * ) PLANE_ANGLE_UNIT ( ) SI_UNIT ( $, .RADIAN. ) );
#3300 = VERTEX_POINT ( 'NONE', #3057 ) ;
#3301 = SURFACE_SIDE_STYLE ('',( #1411 ) ) ;
#3302 = DIRECTION ( 'NONE',  ( 0.000000000000000000, 0.000000000000000000, 1.000000000000000000 ) ) ;
#3303 = ORIENTED_EDGE ( 'NONE', *, *, #1737, .F. ) ;
#3304 = UNCERTAINTY_MEASURE_WITH_UNIT (LENGTH_MEASURE( 1.000000000000000082E-05 ), #495, 'distance_accuracy_value', 'NONE');
#3305 = DIRECTION ( 'NONE',  ( -1.000000000000000000, -0.000000000000000000, 0.000000000000000000 ) ) ;
#3306 = CARTESIAN_POINT ( 'NONE',  ( 5.899999999999999467, 0.000000000000000000, 0.8800000000000000044 ) ) ;
#3307 =( NAMED_UNIT ( * ) SI_UNIT ( $, .STERADIAN. ) SOLID_ANGLE_UNIT ( ) );
#3308 = LINE ( 'NONE', #2077, #1519 ) ;
#3309 = DIRECTION ( 'NONE',  ( 0.000000000000000000, 1.000000000000000000, 0.000000000000000000 ) ) ;
#3310 = DIRECTION ( 'NONE',  ( -1.000000000000000000, 0.000000000000000000, 0.000000000000000000 ) ) ;
#3311 = ORIENTED_EDGE ( 'NONE', *, *, #2073, .F. ) ;
#3312 = UNCERTAINTY_MEASURE_WITH_UNIT (LENGTH_MEASURE( 1.000000000000000082E-05 ), #988, 'distance_accuracy_value', 'NONE');
#3313 = EDGE_CURVE ( 'NONE', #357, #2987, #4085, .T. ) ;
#3314 = EDGE_CURVE ( 'NONE', #3911, #4216, #1738, .T. ) ;
#3315 =( NAMED_UNIT ( * ) SI_UNIT ( $, .STERADIAN. ) SOLID_ANGLE_UNIT ( ) );
#3316 =( NAMED_UNIT ( * ) SI_UNIT ( $, .STERADIAN. ) SOLID_ANGLE_UNIT ( ) );
#3317 = VERTEX_POINT ( 'NONE', #3031 ) ;
#3318 = PLANE ( 'NONE',  #1200 ) ;
#3319 = PRESENTATION_STYLE_ASSIGNMENT (( #72 ) ) ;
#3320 = MECHANICAL_DESIGN_GEOMETRIC_PRESENTATION_REPRESENTATION (  '', ( #925 ), #1947 ) ;
#3321 =( LENGTH_UNIT ( ) NAMED_UNIT ( * ) SI_UNIT ( .MILLI., .METRE. ) );
#3322 = CARTESIAN_POINT ( 'NONE',  ( -0.8800000000000000044, 0.000000000000000000, -6.700000000000000178 ) ) ;
#3323 = ORIENTED_EDGE ( 'NONE', *, *, #1053, .T. ) ;
#3324 = VECTOR ( 'NONE', #4255, 1000.000000000000000 ) ;
#3325 = DIRECTION ( 'NONE',  ( 0.000000000000000000, 0.000000000000000000, -1.000000000000000000 ) ) ;
#3326 = DIRECTION ( 'NONE',  ( 0.000000000000000000, -1.000000000000000000, -0.000000000000000000 ) ) ;
#3327 = VECTOR ( 'NONE', #4150, 1000.000000000000000 ) ;
#3328 = VECTOR ( 'NONE', #1350, 1000.000000000000000 ) ;
#3329 = CARTESIAN_POINT ( 'NONE',  ( 5.666776695296637634, 6.511776695296637385, 5.490000000000000213 ) ) ;
#3330 = CARTESIAN_POINT ( 'NONE',  ( -5.740000000000004654, 6.481446609407464976, -1.636000000003267729 ) ) ;
#3331 = PRESENTATION_STYLE_ASSIGNMENT (( #2350 ) ) ;
#3332 = SURFACE_STYLE_USAGE ( .BOTH. , #714 ) ;
#3333 = PRESENTATION_LAYER_ASSIGNMENT (  '', '', ( #4094 ) ) ;
#3334 = DIRECTION ( 'NONE',  ( -1.000000000000000000, 0.000000000000000000, 0.000000000000000000 ) ) ;
#3335 = ORIENTED_EDGE ( 'NONE', *, *, #3627, .T. ) ;
#3336 = ORIENTED_EDGE ( 'NONE', *, *, #1166, .F. ) ;
#3337 = DIRECTION ( 'NONE',  ( 0.000000000000000000, -0.000000000000000000, 1.000000000000000000 ) ) ;
#3338 =( LENGTH_UNIT ( ) NAMED_UNIT ( * ) SI_UNIT ( .MILLI., .METRE. ) );
#3339 = STYLED_ITEM ( 'NONE', ( #3456 ), #594 ) ;
#3340 = CARTESIAN_POINT ( 'NONE',  ( 0.6500000000000001332, 0.3549999999999999822, -6.700000000000001066 ) ) ;
#3341 = MECHANICAL_DESIGN_GEOMETRIC_PRESENTATION_REPRESENTATION (  '', ( #2643 ), #3890 ) ;
#3342 = CARTESIAN_POINT ( 'NONE',  ( 0.000000000000000000, 1.409999999999999920, 5.900000000000000355 ) ) ;
#3343 = ORIENTED_EDGE ( 'NONE', *, *, #1196, .F. ) ;
#3344 = CARTESIAN_POINT ( 'NONE',  ( 5.899999999999999467, 1.054999999999999938, 1.149999999999999911 ) ) ;
#3345 = SURFACE_SIDE_STYLE ('',( #3021 ) ) ;
#3346 = STYLED_ITEM ( 'NONE', ( #1321 ), #1168 ) ;
#3347 = CARTESIAN_POINT ( 'NONE',  ( 6.985000000000000320, 0.000000000000000000, 0.8800000000000000044 ) ) ;
#3348 = ADVANCED_FACE ( 'NONE', ( #4110 ), #1164, .T. ) ;
#3349 = EDGE_CURVE ( 'NONE', #1919, #1642, #1315, .T. ) ;
#3350 = CYLINDRICAL_SURFACE ( 'NONE', #3973, 0.4999999999999998890 ) ;
#3351 = DIRECTION ( 'NONE',  ( -1.000000000000000000, -0.000000000000000000, -0.000000000000000000 ) ) ;
#3352 = VERTEX_POINT ( 'NONE', #1665 ) ;
#3353 = VECTOR ( 'NONE', #3573, 1000.000000000000000 ) ;
#3354 = VERTEX_POINT ( 'NONE', #3923 ) ;
#3355 = DIRECTION ( 'NONE',  ( 0.000000000000000000, -1.000000000000000000, -0.000000000000000000 ) ) ;
#3356 = VECTOR ( 'NONE', #1777, 1000.000000000000000 ) ;
#3357 =( NAMED_UNIT ( * ) SI_UNIT ( $, .STERADIAN. ) SOLID_ANGLE_UNIT ( ) );
#3358 = MECHANICAL_DESIGN_GEOMETRIC_PRESENTATION_REPRESENTATION (  '', ( #1163 ), #2532 ) ;
#3359 = DIRECTION ( 'NONE',  ( 0.000000000000000000, 0.000000000000000000, 1.000000000000000000 ) ) ;
#3360 =( LENGTH_UNIT ( ) NAMED_UNIT ( * ) SI_UNIT ( .MILLI., .METRE. ) );
#3361 = FACE_OUTER_BOUND ( 'NONE', #32, .T. ) ;
#3362 = SURFACE_SIDE_STYLE ('',( #3086 ) ) ;
#3363 = PRESENTATION_LAYER_ASSIGNMENT (  '', '', ( #3215 ) ) ;
#3364 = STYLED_ITEM ( 'NONE', ( #3730 ), #937 ) ;
#3365 = PRESENTATION_STYLE_ASSIGNMENT (( #4004 ) ) ;
#3366 = VECTOR ( 'NONE', #1548, 1000.000000000000000 ) ;
#3367 = PRESENTATION_STYLE_ASSIGNMENT (( #1473 ) ) ;
#3368 = SURFACE_STYLE_USAGE ( .BOTH. , #1728 ) ;
#3369 = ORIENTED_EDGE ( 'NONE', *, *, #928, .T. ) ;
#3370 = SURFACE_STYLE_USAGE ( .BOTH. , #771 ) ;
#3371 = DIRECTION ( 'NONE',  ( 0.000000000000000000, 0.000000000000000000, -1.000000000000000000 ) ) ;
#3372 = DIRECTION ( 'NONE',  ( 1.000000000000000000, -0.000000000000000000, 0.000000000000000000 ) ) ;
#3373 = ORIENTED_EDGE ( 'NONE', *, *, #163, .T. ) ;
#3374 = ADVANCED_FACE ( 'NONE', ( #2900 ), #2259, .T. ) ;
#3375 = EDGE_CURVE ( 'NONE', #1668, #1778, #2213, .T. ) ;
#3376 = ORIENTED_EDGE ( 'NONE', *, *, #459, .F. ) ;
#3377 = LINE ( 'NONE', #3645, #815 ) ;
#3378 = SURFACE_STYLE_USAGE ( .BOTH. , #3696 ) ;
#3379 =( NAMED_UNIT ( * ) SI_UNIT ( $, .STERADIAN. ) SOLID_ANGLE_UNIT ( ) );
#3380 = SURFACE_STYLE_USAGE ( .BOTH. , #4024 ) ;
#3381 = CARTESIAN_POINT ( 'NONE',  ( 5.739999999999999325, 1.409999999999999920, -0.8799999999999997824 ) ) ;
#3382 =( LENGTH_UNIT ( ) NAMED_UNIT ( * ) SI_UNIT ( .MILLI., .METRE. ) );
#3383 = CARTESIAN_POINT ( 'NONE',  ( 6.700000000000001066, -0.1449999999999999900, 0.6500000000000001332 ) ) ;
#3384 = ORIENTED_EDGE ( 'NONE', *, *, #3011, .F. ) ;
#3385 = SURFACE_SIDE_STYLE ('',( #2638 ) ) ;
#3386 = CARTESIAN_POINT ( 'NONE',  ( 5.740000000000000213, 0.000000000000000000, -5.490000000000000213 ) ) ;
#3387 =( NAMED_UNIT ( * ) PLANE_ANGLE_UNIT ( ) SI_UNIT ( $, .RADIAN. ) );
#3388 =( NAMED_UNIT ( * ) SI_UNIT ( $, .STERADIAN. ) SOLID_ANGLE_UNIT ( ) );
#3389 = ORIENTED_EDGE ( 'NONE', *, *, #1605, .F. ) ;
#3390 = DIRECTION ( 'NONE',  ( -0.000000000000000000, -1.000000000000000000, -0.000000000000000000 ) ) ;
#3391 = UNCERTAINTY_MEASURE_WITH_UNIT (LENGTH_MEASURE( 1.000000000000000082E-05 ), #2333, 'distance_accuracy_value', 'NONE');
#3392 = FACE_OUTER_BOUND ( 'NONE', #2590, .T. ) ;
#3393 = DIRECTION ( 'NONE',  ( 0.000000000000000000, -1.000000000000000000, 0.000000000000000000 ) ) ;
#3394 = DIRECTION ( 'NONE',  ( 0.000000000000000000, 0.000000000000000000, -1.000000000000000000 ) ) ;
#3395 = LINE ( 'NONE', #1396, #890 ) ;
#3396 = ORIENTED_EDGE ( 'NONE', *, *, #1248, .F. ) ;
#3397 = ORIENTED_EDGE ( 'NONE', *, *, #296, .T. ) ;
#3398 = STYLED_ITEM ( 'NONE', ( #3148 ), #4215 ) ;
#3399 = CARTESIAN_POINT ( 'NONE',  ( 5.899999999999998579, 0.3549999999999999822, 0.6500000000000001332 ) ) ;
#3400 = CARTESIAN_POINT ( 'NONE',  ( 6.985000000000000320, 1.409999999999999920, -0.8800000000000000044 ) ) ;
#3401 = EDGE_CURVE ( 'NONE', #3079, #120, #2924, .T. ) ;
#3402 = STYLED_ITEM ( 'NONE', ( #2980 ), #3490 ) ;
#3403 = CARTESIAN_POINT ( 'NONE',  ( 0.6500000000000001332, -0.1449999999999999900, -6.700000000000001066 ) ) ;
#3404 = DIRECTION ( 'NONE',  ( 0.000000000000000000, 1.000000000000000000, 0.000000000000000000 ) ) ;
#3405 = PRESENTATION_LAYER_ASSIGNMENT (  '', '', ( #3671 ) ) ;
#3406 = CARTESIAN_POINT ( 'NONE',  ( -1.635999999999999899, 0.000000000000000000, -5.740000000000000213 ) ) ;
#3407 = EDGE_CURVE ( 'NONE', #1867, #1677, #365, .T. ) ;
#3408 = CIRCLE ( 'NONE', #726, 0.4999999999999998890 ) ;
#3409 = ORIENTED_EDGE ( 'NONE', *, *, #3684, .T. ) ;
#3410 =( NAMED_UNIT ( * ) PLANE_ANGLE_UNIT ( ) SI_UNIT ( $, .RADIAN. ) );
#3411 = DIRECTION ( 'NONE',  ( -0.000000000000000000, -1.000000000000000000, -0.000000000000000000 ) ) ;
#3412 = PRESENTATION_LAYER_ASSIGNMENT (  '', '', ( #316 ) ) ;
#3413 = AXIS2_PLACEMENT_3D ( 'NONE', #1038, #1392, #2019 ) ;
#3414 = DIRECTION ( 'NONE',  ( 0.000000000000000000, 1.000000000000000000, -0.000000000000000000 ) ) ;
#3415 = UNCERTAINTY_MEASURE_WITH_UNIT (LENGTH_MEASURE( 1.000000000000000082E-05 ), #589, 'distance_accuracy_value', 'NONE');
#3416 = LINE ( 'NONE', #1452, #4047 ) ;
#3417 = ORIENTED_EDGE ( 'NONE', *, *, #938, .T. ) ;
#3418 = STYLED_ITEM ( 'NONE', ( #1418 ), #697 ) ;
#3419 = AXIS2_PLACEMENT_3D ( 'NONE', #3874, #335, #4206 ) ;
#3420 = FACE_OUTER_BOUND ( 'NONE', #1066, .T. ) ;
#3421 =( NAMED_UNIT ( * ) PLANE_ANGLE_UNIT ( ) SI_UNIT ( $, .RADIAN. ) );
#3422 = PRESENTATION_LAYER_ASSIGNMENT (  '', '', ( #4101 ) ) ;
#3423 = CYLINDRICAL_SURFACE ( 'NONE', #1751, 0.2500000000000002220 ) ;
#3424 = DIRECTION ( 'NONE',  ( -0.000000000000000000, -0.000000000000000000, -1.000000000000000000 ) ) ;
#3425 = ORIENTED_EDGE ( 'NONE', *, *, #3063, .T. ) ;
#3426 = ORIENTED_EDGE ( 'NONE', *, *, #1989, .F. ) ;
#3427 = VECTOR ( 'NONE', #812, 1000.000000000000000 ) ;
#3428 =( LENGTH_UNIT ( ) NAMED_UNIT ( * ) SI_UNIT ( .MILLI., .METRE. ) );
#3429 = FACE_OUTER_BOUND ( 'NONE', #700, .T. ) ;
#3430 = CIRCLE ( 'NONE', #3136, 0.2500000000000002220 ) ;
#3431 = LINE ( 'NONE', #3784, #1170 ) ;
#3432 = DIRECTION ( 'NONE',  ( -0.000000000000000000, 0.000000000000000000, -1.000000000000000000 ) ) ;
#3433 = SURFACE_STYLE_FILL_AREA ( #4069 ) ;
#3434 = AXIS2_PLACEMENT_3D ( 'NONE', #763, #2993, #2969 ) ;
#3435 = ORIENTED_EDGE ( 'NONE', *, *, #4248, .F. ) ;
#3436 = FACE_OUTER_BOUND ( 'NONE', #778, .T. ) ;
#3437 = EDGE_CURVE ( 'NONE', #3911, #846, #862, .T. ) ;
#3438 = LINE ( 'NONE', #3089, #2699 ) ;
#3439 = EDGE_CURVE ( 'NONE', #3850, #383, #1327, .T. ) ;
#3440 = CARTESIAN_POINT ( 'NONE',  ( 25.19629199999999969, 0.3549999999999999822, -0.6500000000000001332 ) ) ;
#3441 =( GEOMETRIC_REPRESENTATION_CONTEXT ( 3 ) GLOBAL_UNCERTAINTY_ASSIGNED_CONTEXT ( ( #2496 ) ) GLOBAL_UNIT_ASSIGNED_CONTEXT ( ( #3321, #3712, #2023 ) ) REPRESENTATION_CONTEXT ( 'NONE', 'WORKASPACE' ) );
#3442 = SURFACE_STYLE_FILL_AREA ( #2113 ) ;
#3443 = EDGE_LOOP ( 'NONE', ( #1121, #1800, #3829 ) ) ;
#3444 =( NAMED_UNIT ( * ) SI_UNIT ( $, .STERADIAN. ) SOLID_ANGLE_UNIT ( ) );
#3445 = MECHANICAL_DESIGN_GEOMETRIC_PRESENTATION_REPRESENTATION (  '', ( #566 ), #3077 ) ;
#3446 = UNCERTAINTY_MEASURE_WITH_UNIT (LENGTH_MEASURE( 1.000000000000000082E-05 ), #1826, 'distance_accuracy_value', 'NONE');
#3447 = FILL_AREA_STYLE_COLOUR ( '', #3661 ) ;
#3448 = FACE_OUTER_BOUND ( 'NONE', #2460, .T. ) ;
#3449 = PRESENTATION_LAYER_ASSIGNMENT (  '', '', ( #1783 ) ) ;
#3450 = EDGE_LOOP ( 'NONE', ( #2493, #741, #3020, #963 ) ) ;
#3451 = ORIENTED_EDGE ( 'NONE', *, *, #4137, .F. ) ;
#3452 = PRESENTATION_STYLE_ASSIGNMENT (( #452 ) ) ;
#3453 =( NAMED_UNIT ( * ) PLANE_ANGLE_UNIT ( ) SI_UNIT ( $, .RADIAN. ) );
#3454 = CARTESIAN_POINT ( 'NONE',  ( 6.700000000000001066, 1.554999999999999938, 0.6500000000000000222 ) ) ;
#3455 = FILL_AREA_STYLE ('',( #488 ) ) ;
#3456 = PRESENTATION_STYLE_ASSIGNMENT (( #4131 ) ) ;
#3457 = FILL_AREA_STYLE_COLOUR ( '', #46 ) ;
#3458 = ORIENTED_EDGE ( 'NONE', *, *, #2014, .F. ) ;
#3459 = CARTESIAN_POINT ( 'NONE',  ( 5.637543338873778787, 6.572891147295967684, -5.605662243297306446 ) ) ;
#3460 = DIRECTION ( 'NONE',  ( -1.000000000000000000, 0.000000000000000000, 0.000000000000000000 ) ) ;
#3461 = CARTESIAN_POINT ( 'NONE',  ( 0.8800000000000000044, 0.000000000000000000, -4.160876167244000001 ) ) ;
#3462 = EDGE_CURVE ( 'NONE', #4178, #1260, #3234, .T. ) ;
#3463 = EDGE_CURVE ( 'NONE', #2806, #1856, #946, .T. ) ;
#3464 = CARTESIAN_POINT ( 'NONE',  ( -5.899999999999998579, 1.054999999999999938, 0.6500000000000001332 ) ) ;
#3465 = VERTEX_POINT ( 'NONE', #632 ) ;
#3466 = LINE ( 'NONE', #1836, #317 ) ;
#3467 = PRESENTATION_STYLE_ASSIGNMENT (( #2137 ) ) ;
#3468 = CARTESIAN_POINT ( 'NONE',  ( -0.8800000000000000044, 0.000000000000000000, 5.900000000000000355 ) ) ;
#3469 = EDGE_LOOP ( 'NONE', ( #3481, #2790, #4173, #2038, #3574 ) ) ;
#3470 = UNCERTAINTY_MEASURE_WITH_UNIT (LENGTH_MEASURE( 1.000000000000000082E-05 ), #3094, 'distance_accuracy_value', 'NONE');
#3471 = SURFACE_SIDE_STYLE ('',( #2506 ) ) ;
#3472 = FILL_AREA_STYLE_COLOUR ( '', #2367 ) ;
#3473 = DIRECTION ( 'NONE',  ( 1.000000000000000000, 0.000000000000000000, 0.000000000000000000 ) ) ;
#3474 = DIRECTION ( 'NONE',  ( 0.000000000000000000, 1.000000000000000000, -0.000000000000000000 ) ) ;
#3475 =( GEOMETRIC_REPRESENTATION_CONTEXT ( 3 ) GLOBAL_UNCERTAINTY_ASSIGNED_CONTEXT ( ( #3778 ) ) GLOBAL_UNIT_ASSIGNED_CONTEXT ( ( #3689, #1058, #748 ) ) REPRESENTATION_CONTEXT ( 'NONE', 'WORKASPACE' ) );
#3476 = ORIENTED_EDGE ( 'NONE', *, *, #1792, .T. ) ;
#3477 = DIRECTION ( 'NONE',  ( -0.000000000000000000, -1.000000000000000000, -0.000000000000000000 ) ) ;
#3478 = VECTOR ( 'NONE', #2494, 1000.000000000000000 ) ;
#3479 = CARTESIAN_POINT ( 'NONE',  ( 5.739988896777237670, 6.333333943563423496, -5.488333943563421968 ) ) ;
#3480 =( GEOMETRIC_REPRESENTATION_CONTEXT ( 3 ) GLOBAL_UNCERTAINTY_ASSIGNED_CONTEXT ( ( #2467 ) ) GLOBAL_UNIT_ASSIGNED_CONTEXT ( ( #3538, #582, #3856 ) ) REPRESENTATION_CONTEXT ( 'NONE', 'WORKASPACE' ) );
#3481 = ORIENTED_EDGE ( 'NONE', *, *, #677, .T. ) ;
#3482 = SURFACE_STYLE_USAGE ( .BOTH. , #1454 ) ;
#3483 = MECHANICAL_DESIGN_GEOMETRIC_PRESENTATION_REPRESENTATION (  '', ( #1064 ), #2971 ) ;
#3484 = AXIS2_PLACEMENT_3D ( 'NONE', #36, #4218, #650 ) ;
#3485 = STYLED_ITEM ( 'NONE', ( #3836 ), #2957 ) ;
#3486 = ORIENTED_EDGE ( 'NONE', *, *, #272, .T. ) ;
#3487 = EDGE_CURVE ( 'NONE', #948, #2223, #292, .T. ) ;
#3488 = VECTOR ( 'NONE', #1444, 1000.000000000000000 ) ;
#3489 = AXIS2_PLACEMENT_3D ( 'NONE', #762, #2029, #15 ) ;
#3490 = ADVANCED_FACE ( 'NONE', ( #4039 ), #3989, .T. ) ;
#3491 = MECHANICAL_DESIGN_GEOMETRIC_PRESENTATION_REPRESENTATION (  '', ( #1002 ), #738 ) ;
#3492 = ORIENTED_EDGE ( 'NONE', *, *, #2225, .F. ) ;
#3493 = PRESENTATION_STYLE_ASSIGNMENT (( #1848 ) ) ;
#3494 = ORIENTED_EDGE ( 'NONE', *, *, #4115, .T. ) ;
#3495 = CIRCLE ( 'NONE', #117, 0.2500000000000003331 ) ;
#3496 = DIRECTION ( 'NONE',  ( 1.000000000000000000, 0.000000000000000000, 0.000000000000000000 ) ) ;
#3497 =( LENGTH_UNIT ( ) NAMED_UNIT ( * ) SI_UNIT ( .MILLI., .METRE. ) );
#3498 = VERTEX_POINT ( 'NONE', #1410 ) ;
#3499 = SURFACE_SIDE_STYLE ('',( #791 ) ) ;
#3500 = CARTESIAN_POINT ( 'NONE',  ( -6.700000000000000178, 0.000000000000000000, -0.8800000000000000044 ) ) ;
#3501 = VECTOR ( 'NONE', #138, 1000.000000000000000 ) ;
#3502 = EDGE_LOOP ( 'NONE', ( #4196, #3417, #855, #877 ) ) ;
#3503 = SURFACE_STYLE_FILL_AREA ( #191 ) ;
#3504 = EDGE_CURVE ( 'NONE', #1542, #846, #51, .T. ) ;
#3505 = EDGE_CURVE ( 'NONE', #3354, #2060, #2337, .T. ) ;
#3506 = ORIENTED_EDGE ( 'NONE', *, *, #1866, .T. ) ;
#3507 = DIRECTION ( 'NONE',  ( 0.000000000000000000, 0.000000000000000000, -1.000000000000000000 ) ) ;
#3508 = SURFACE_STYLE_FILL_AREA ( #2164 ) ;
#3509 = PRESENTATION_STYLE_ASSIGNMENT (( #3867 ) ) ;
#3510 = ORIENTED_EDGE ( 'NONE', *, *, #2583, .F. ) ;
#3511 = CARTESIAN_POINT ( 'NONE',  ( 5.739988896777237670, 6.333333943563423496, -5.488333943563421968 ) ) ;
#3512 = LINE ( 'NONE', #2580, #1741 ) ;
#3513 =( NAMED_UNIT ( * ) SI_UNIT ( $, .STERADIAN. ) SOLID_ANGLE_UNIT ( ) );
#3514 = UNCERTAINTY_MEASURE_WITH_UNIT (LENGTH_MEASURE( 1.000000000000000082E-05 ), #4007, 'distance_accuracy_value', 'NONE');
#3515 = ORIENTED_EDGE ( 'NONE', *, *, #23, .T. ) ;
#3516 = SURFACE_STYLE_USAGE ( .BOTH. , #2876 ) ;
#3517 = LINE ( 'NONE', #3179, #1879 ) ;
#3518 =( NAMED_UNIT ( * ) SI_UNIT ( $, .STERADIAN. ) SOLID_ANGLE_UNIT ( ) );
#3519 = PRODUCT ( 'PM3604-5-RC', 'PM3604-5-RC', '', ( #1863 ) ) ;
#3520 = ORIENTED_EDGE ( 'NONE', *, *, #1737, .T. ) ;
#3521 = FILL_AREA_STYLE_COLOUR ( '', #3049 ) ;
#3522 =( NAMED_UNIT ( * ) SI_UNIT ( $, .STERADIAN. ) SOLID_ANGLE_UNIT ( ) );
#3523 = ORIENTED_EDGE ( 'NONE', *, *, #2272, .T. ) ;
#3524 = PRESENTATION_STYLE_ASSIGNMENT (( #614 ) ) ;
#3525 = EDGE_CURVE ( 'NONE', #3569, #1194, #1017, .T. ) ;
#3526 =( LENGTH_UNIT ( ) NAMED_UNIT ( * ) SI_UNIT ( .MILLI., .METRE. ) );
#3527 = ADVANCED_FACE ( 'NONE', ( #3392 ), #3318, .T. ) ;
#3528 = CARTESIAN_POINT ( 'NONE',  ( -0.8800000000000000044, 0.000000000000000000, 5.739999999999999325 ) ) ;
#3529 = ORIENTED_EDGE ( 'NONE', *, *, #2326, .T. ) ;
#3530 = SURFACE_SIDE_STYLE ('',( #3892 ) ) ;
#3531 = DIRECTION ( 'NONE',  ( -1.000000000000000000, -0.000000000000000000, 0.000000000000000000 ) ) ;
#3532 = CARTESIAN_POINT ( 'NONE',  ( -5.490000000000001990, 6.511776695296638273, 5.666776695296638522 ) ) ;
#3533 = EDGE_CURVE ( 'NONE', #3891, #1374, #2364, .T. ) ;
#3534 = LINE ( 'NONE', #598, #2576 ) ;
#3535 = VERTEX_POINT ( 'NONE', #3139 ) ;
#3536 = STYLED_ITEM ( 'NONE', ( #3047 ), #3527 ) ;
#3537 = CARTESIAN_POINT ( 'NONE',  ( -6.700000000000001066, 0.3549999999999999822, -0.6500000000000001332 ) ) ;
#3538 =( LENGTH_UNIT ( ) NAMED_UNIT ( * ) SI_UNIT ( .MILLI., .METRE. ) );
#3539 = SURFACE_STYLE_USAGE ( .BOTH. , #4209 ) ;
#3540 = EDGE_LOOP ( 'NONE', ( #3154, #3887, #2095, #3523 ) ) ;
#3541 = CARTESIAN_POINT ( 'NONE',  ( -0.6500000000000001332, 1.054999999999999938, -25.19629199999999969 ) ) ;
#3542 = UNCERTAINTY_MEASURE_WITH_UNIT (LENGTH_MEASURE( 1.000000000000000082E-05 ), #3081, 'distance_accuracy_value', 'NONE');
#3543 = STYLED_ITEM ( 'NONE', ( #2495 ), #273 ) ;
#3544 = CARTESIAN_POINT ( 'NONE',  ( -5.490000000000000213, 6.511776695296637385, 5.666776695296637634 ) ) ;
#3545 = EDGE_LOOP ( 'NONE', ( #1708, #1963, #3213, #2676 ) ) ;
#3546 = MECHANICAL_DESIGN_GEOMETRIC_PRESENTATION_REPRESENTATION (  '', ( #1291 ), #3121 ) ;
#3547 = AXIS2_PLACEMENT_3D ( 'NONE', #1959, #3271, #1621 ) ;
#3548 = VERTEX_POINT ( 'NONE', #1797 ) ;
#3549 = DIRECTION ( 'NONE',  ( 0.000000000000000000, -0.000000000000000000, -1.000000000000000000 ) ) ;
#3550 = DIRECTION ( 'NONE',  ( 0.000000000000000000, 0.000000000000000000, 1.000000000000000000 ) ) ;
#3551 = AXIS2_PLACEMENT_3D ( 'NONE', #1421, #3082, #2786 ) ;
#3552 = DIRECTION ( 'NONE',  ( 0.000000000000000000, -0.000000000000000000, 1.000000000000000000 ) ) ;
#3553 = EDGE_LOOP ( 'NONE', ( #225, #3934, #4045, #2685 ) ) ;
#3554 =( LENGTH_UNIT ( ) NAMED_UNIT ( * ) SI_UNIT ( .MILLI., .METRE. ) );
#3555 = ORIENTED_EDGE ( 'NONE', *, *, #1003, .F. ) ;
#3556 = COLOUR_RGB ( '',0.2509803921568627416, 0.2509803921568627416, 0.2509803921568627416 ) ;
#3557 = EDGE_CURVE ( 'NONE', #4015, #3296, #2799, .T. ) ;
#3558 = ADVANCED_FACE ( 'NONE', ( #880 ), #1477, .T. ) ;
#3559 = FILL_AREA_STYLE ('',( #1238 ) ) ;
#3560 = AXIS2_PLACEMENT_3D ( 'NONE', #2417, #477, #413 ) ;
#3561 = CARTESIAN_POINT ( 'NONE',  ( -1.635999999999999899, 0.000000000000000000, -5.740000000000000213 ) ) ;
#3562 = CARTESIAN_POINT ( 'NONE',  ( 0.000000000000000000, 1.409999999999999920, -0.8800000000000000044 ) ) ;
#3563 = ORIENTED_EDGE ( 'NONE', *, *, #1946, .F. ) ;
#3564 = PRESENTATION_LAYER_ASSIGNMENT (  '', '', ( #1163 ) ) ;
#3565 = DIRECTION ( 'NONE',  ( 0.000000000000000000, 0.000000000000000000, -1.000000000000000000 ) ) ;
#3566 = CARTESIAN_POINT ( 'NONE',  ( -5.899999999999998579, 1.054999999999999938, -0.6500000000000001332 ) ) ;
#3567 = PRESENTATION_LAYER_ASSIGNMENT (  '', '', ( #1311 ) ) ;
#3568 = SURFACE_STYLE_USAGE ( .BOTH. , #2945 ) ;
#3569 = VERTEX_POINT ( 'NONE', #1505 ) ;
#3570 = FILL_AREA_STYLE_COLOUR ( '', #2468 ) ;
#3571 = FILL_AREA_STYLE_COLOUR ( '', #1230 ) ;
#3572 =( NAMED_UNIT ( * ) PLANE_ANGLE_UNIT ( ) SI_UNIT ( $, .RADIAN. ) );
#3573 = DIRECTION ( 'NONE',  ( 0.000000000000000000, 0.000000000000000000, -1.000000000000000000 ) ) ;
#3574 = ORIENTED_EDGE ( 'NONE', *, *, #835, .T. ) ;
#3575 = CARTESIAN_POINT ( 'NONE',  ( 5.740000000000000213, 1.409999999999999920, -5.740000000000000213 ) ) ;
#3576 = FILL_AREA_STYLE ('',( #972 ) ) ;
#3577 = CYLINDRICAL_SURFACE ( 'NONE', #4103, 0.4999999999999998890 ) ;
#3578 = ORIENTED_EDGE ( 'NONE', *, *, #716, .F. ) ;
#3579 = EDGE_CURVE ( 'NONE', #827, #696, #2173, .T. ) ;
#3580 = FILL_AREA_STYLE ('',( #962 ) ) ;
#3581 = VERTEX_POINT ( 'NONE', #2752 ) ;
#3582 = CARTESIAN_POINT ( 'NONE',  ( -1.149999999999999911, 0.3549999999999999822, -6.700000000000001066 ) ) ;
#3583 = SURFACE_STYLE_USAGE ( .BOTH. , #1604 ) ;
#3584 = DIRECTION ( 'NONE',  ( 1.000000000000000000, 0.000000000000000000, 0.000000000000000000 ) ) ;
#3585 =( NAMED_UNIT ( * ) SI_UNIT ( $, .STERADIAN. ) SOLID_ANGLE_UNIT ( ) );
#3586 = LINE ( 'NONE', #4219, #3274 ) ;
#3587 = PLANE ( 'NONE',  #1761 ) ;
#3588 = LINE ( 'NONE', #654, #4020 ) ;
#3589 = SURFACE_SIDE_STYLE ('',( #1916 ) ) ;
#3590 = ORIENTED_EDGE ( 'NONE', *, *, #751, .F. ) ;
#3591 = SURFACE_STYLE_USAGE ( .BOTH. , #2919 ) ;
#3592 = SURFACE_SIDE_STYLE ('',( #3875 ) ) ;
#3593 = CIRCLE ( 'NONE', #867, 0.4999999999999998890 ) ;
#3594 = DIRECTION ( 'NONE',  ( -0.000000000000000000, 1.000000000000000000, 0.000000000000000000 ) ) ;
#3595 = SURFACE_STYLE_FILL_AREA ( #3212 ) ;
#3596 =( GEOMETRIC_REPRESENTATION_CONTEXT ( 3 ) GLOBAL_UNCERTAINTY_ASSIGNED_CONTEXT ( ( #157 ) ) GLOBAL_UNIT_ASSIGNED_CONTEXT ( ( #3253, #1980, #341 ) ) REPRESENTATION_CONTEXT ( 'NONE', 'WORKASPACE' ) );
#3597 = ORIENTED_EDGE ( 'NONE', *, *, #2014, .T. ) ;
#3598 = COLOUR_RGB ( '',0.2509803921568627416, 0.2509803921568627416, 0.2509803921568627416 ) ;
#3599 = AXIS2_PLACEMENT_3D ( 'NONE', #5, #288, #2895 ) ;
#3600 = CARTESIAN_POINT ( 'NONE',  ( -5.739988896777237670, 6.333333943563423496, 5.488333943563421968 ) ) ;
#3601 = EDGE_LOOP ( 'NONE', ( #3311, #2371, #2266, #3868 ) ) ;
#3602 = EDGE_CURVE ( 'NONE', #465, #1429, #2116, .T. ) ;
#3603 = EDGE_CURVE ( 'NONE', #505, #2861, #3517, .T. ) ;
#3604 = COLOUR_RGB ( '',0.2509803921568627416, 0.2509803921568627416, 0.2509803921568627416 ) ;
#3605 = MECHANICAL_DESIGN_GEOMETRIC_PRESENTATION_REPRESENTATION (  '', ( #2505 ), #874 ) ;
#3606 = SURFACE_STYLE_FILL_AREA ( #2026 ) ;
#3607 = FILL_AREA_STYLE ('',( #1004 ) ) ;
#3608 = SURFACE_STYLE_FILL_AREA ( #2279 ) ;
#3609 = AXIS2_PLACEMENT_3D ( 'NONE', #2321, #4067, #1114 ) ;
#3610 =( LENGTH_UNIT ( ) NAMED_UNIT ( * ) SI_UNIT ( .MILLI., .METRE. ) );
#3611 = PRESENTATION_STYLE_ASSIGNMENT (( #265 ) ) ;
#3612 = MECHANICAL_DESIGN_GEOMETRIC_PRESENTATION_REPRESENTATION (  '', ( #469 ), #545 ) ;
#3613 = LINE ( 'NONE', #2723, #942 ) ;
#3614 = EDGE_LOOP ( 'NONE', ( #2421, #3938, #883, #400 ) ) ;
#3615 = CARTESIAN_POINT ( 'NONE',  ( -0.8800000000000000044, 1.409999999999999920, 6.985000000000000320 ) ) ;
#3616 =( NAMED_UNIT ( * ) SI_UNIT ( $, .STERADIAN. ) SOLID_ANGLE_UNIT ( ) );
#3617 = DIRECTION ( 'NONE',  ( 0.000000000000000000, 0.000000000000000000, -1.000000000000000000 ) ) ;
#3618 = DIRECTION ( 'NONE',  ( 1.000000000000000000, 0.000000000000000000, -0.000000000000000000 ) ) ;
#3619 = ORIENTED_EDGE ( 'NONE', *, *, #2355, .F. ) ;
#3620 = PRESENTATION_LAYER_ASSIGNMENT (  '', '', ( #2458 ) ) ;
#3621 = CARTESIAN_POINT ( 'NONE',  ( -5.489999999999995772, 6.616105590733189601, 5.562447799860084530 ) ) ;
#3622 = CARTESIAN_POINT ( 'NONE',  ( 5.666776695296637634, 6.511776695296639161, 5.490000000000001101 ) ) ;
#3623 = ORIENTED_EDGE ( 'NONE', *, *, #3211, .F. ) ;
#3624 = STYLED_ITEM ( 'NONE', ( #223 ), #1108 ) ;
#3625 = PRESENTATION_LAYER_ASSIGNMENT (  '', '', ( #3364 ) ) ;
#3626 =( NAMED_UNIT ( * ) SI_UNIT ( $, .STERADIAN. ) SOLID_ANGLE_UNIT ( ) );
#3627 = EDGE_CURVE ( 'NONE', #3079, #3088, #1857, .T. ) ;
#3628 = EDGE_CURVE ( 'NONE', #1124, #4178, #165, .T. ) ;
#3629 = COLOUR_RGB ( '',0.2509803921568627416, 0.2509803921568627416, 0.2509803921568627416 ) ;
#3630 = FILL_AREA_STYLE_COLOUR ( '', #2582 ) ;
#3631 = DIRECTION ( 'NONE',  ( 1.000000000000000000, 0.000000000000000000, -0.000000000000000000 ) ) ;
#3632 = STYLED_ITEM ( 'NONE', ( #2343 ), #2703 ) ;
#3633 = CARTESIAN_POINT ( 'NONE',  ( -1.149999999999999911, 1.054999999999999938, -5.899999999999998579 ) ) ;
#3634 = FILL_AREA_STYLE ('',( #374 ) ) ;
#3635 = ORIENTED_EDGE ( 'NONE', *, *, #136, .T. ) ;
#3636 = ORIENTED_EDGE ( 'NONE', *, *, #4062, .T. ) ;
#3637 = VERTEX_POINT ( 'NONE', #185 ) ;
#3638 = FILL_AREA_STYLE ('',( #2313 ) ) ;
#3639 = CARTESIAN_POINT ( 'NONE',  ( 0.000000000000000000, 1.554999999999999938, 5.900000000000000355 ) ) ;
#3640 = CARTESIAN_POINT ( 'NONE',  ( -25.19629199999999969, 1.054999999999999938, -0.6500000000000001332 ) ) ;
#3641 = LINE ( 'NONE', #1995, #1970 ) ;
#3642 = VERTEX_POINT ( 'NONE', #547 ) ;
#3643 = UNCERTAINTY_MEASURE_WITH_UNIT (LENGTH_MEASURE( 1.000000000000000082E-05 ), #1597, 'distance_accuracy_value', 'NONE');
#3644 =( NAMED_UNIT ( * ) PLANE_ANGLE_UNIT ( ) SI_UNIT ( $, .RADIAN. ) );
#3645 = CARTESIAN_POINT ( 'NONE',  ( 0.8799999999999996714, 0.000000000000000000, 5.740000000000000213 ) ) ;
#3646 = CARTESIAN_POINT ( 'NONE',  ( 5.739999999999999325, 1.409999999999999920, 0.8799999999999997824 ) ) ;
#3647 = CARTESIAN_POINT ( 'NONE',  ( 0.8800000000000000044, 0.000000000000000000, -4.160876167244000001 ) ) ;
#3648 = SURFACE_SIDE_STYLE ('',( #2327 ) ) ;
#3649 = CARTESIAN_POINT ( 'NONE',  ( 1.149999999999999911, 1.054999999999999938, 5.899999999999998579 ) ) ;
#3650 = ORIENTED_EDGE ( 'NONE', *, *, #1483, .T. ) ;
#3651 = UNCERTAINTY_MEASURE_WITH_UNIT (LENGTH_MEASURE( 1.000000000000000082E-05 ), #3360, 'distance_accuracy_value', 'NONE');
#3652 = EDGE_CURVE ( 'NONE', #1958, #4144, #1874, .T. ) ;
#3653 = CARTESIAN_POINT ( 'NONE',  ( -0.6500000000000001332, 0.3549999999999999822, 25.19629199999999969 ) ) ;
#3654 = ADVANCED_FACE ( 'NONE', ( #158 ), #3754, .T. ) ;
#3655 = CARTESIAN_POINT ( 'NONE',  ( -6.985000000000000320, 1.409999999999999920, 0.8800000000000000044 ) ) ;
#3656 =( LENGTH_UNIT ( ) NAMED_UNIT ( * ) SI_UNIT ( .MILLI., .METRE. ) );
#3657 = ORIENTED_EDGE ( 'NONE', *, *, #1557, .F. ) ;
#3658 = STYLED_ITEM ( 'NONE', ( #1399 ), #4192 ) ;
#3659 = FACE_OUTER_BOUND ( 'NONE', #3052, .T. ) ;
#3660 = SURFACE_STYLE_FILL_AREA ( #4060 ) ;
#3661 = COLOUR_RGB ( '',0.2509803921568627416, 0.2509803921568627416, 0.2509803921568627416 ) ;
#3662 = DIRECTION ( 'NONE',  ( -0.000000000000000000, 0.000000000000000000, -1.000000000000000000 ) ) ;
#3663 = LINE ( 'NONE', #93, #2796 ) ;
#3664 = EDGE_LOOP ( 'NONE', ( #2652, #3044, #3751, #1159 ) ) ;
#3665 = MECHANICAL_DESIGN_GEOMETRIC_PRESENTATION_REPRESENTATION (  '', ( #2964 ), #3876 ) ;
#3666 = ORIENTED_EDGE ( 'NONE', *, *, #4135, .F. ) ;
#3667 = AXIS2_PLACEMENT_3D ( 'NONE', #2920, #3298, #3248 ) ;
#3668 =( NAMED_UNIT ( * ) SI_UNIT ( $, .STERADIAN. ) SOLID_ANGLE_UNIT ( ) );
#3669 = COLOUR_RGB ( '',0.2509803921568627416, 0.2509803921568627416, 0.2509803921568627416 ) ;
#3670 = CARTESIAN_POINT ( 'NONE',  ( -0.8800000000000000044, 1.409999999999999920, 5.900000000000000355 ) ) ;
#3671 = STYLED_ITEM ( 'NONE', ( #2954 ), #3768 ) ;
#3672 = CIRCLE ( 'NONE', #3413, 0.5000000000000000000 ) ;
#3673 = CARTESIAN_POINT ( 'NONE',  ( 5.899999999999998579, 1.054999999999999938, 0.6500000000000001332 ) ) ;
#3674 =( NAMED_UNIT ( * ) SI_UNIT ( $, .STERADIAN. ) SOLID_ANGLE_UNIT ( ) );
#3675 = CARTESIAN_POINT ( 'NONE',  ( -1.149999999999999911, 0.3549999999999999822, 5.899999999999998579 ) ) ;
#3676 = CARTESIAN_POINT ( 'NONE',  ( 6.700000000000000178, 0.000000000000000000, 0.000000000000000000 ) ) ;
#3677 = PRESENTATION_LAYER_ASSIGNMENT (  '', '', ( #3339 ) ) ;
#3678 = VECTOR ( 'NONE', #2999, 1000.000000000000000 ) ;
#3679 = ORIENTED_EDGE ( 'NONE', *, *, #802, .T. ) ;
#3680 = EDGE_LOOP ( 'NONE', ( #2939, #601, #2356, #2606 ) ) ;
#3681 = DIRECTION ( 'NONE',  ( 1.000000000000000000, -0.000000000000000000, 0.000000000000000000 ) ) ;
#3682 = SURFACE_STYLE_USAGE ( .BOTH. , #2040 ) ;
#3683 = VECTOR ( 'NONE', #4199, 1000.000000000000000 ) ;
#3684 = EDGE_CURVE ( 'NONE', #2276, #315, #1645, .T. ) ;
#3685 = EDGE_CURVE ( 'NONE', #1267, #2414, #3108, .T. ) ;
#3686 = ORIENTED_EDGE ( 'NONE', *, *, #2756, .T. ) ;
#3687 = SURFACE_STYLE_USAGE ( .BOTH. , #70 ) ;
#3688 = UNCERTAINTY_MEASURE_WITH_UNIT (LENGTH_MEASURE( 1.000000000000000082E-05 ), #1614, 'distance_accuracy_value', 'NONE');
#3689 =( LENGTH_UNIT ( ) NAMED_UNIT ( * ) SI_UNIT ( .MILLI., .METRE. ) );
#3690 = FILL_AREA_STYLE ('',( #503 ) ) ;
#3691 = SURFACE_STYLE_FILL_AREA ( #2615 ) ;
#3692 = EDGE_LOOP ( 'NONE', ( #2286, #3205, #1520 ) ) ;
#3693 = EDGE_LOOP ( 'NONE', ( #2899, #1945, #139, #691 ) ) ;
#3694 =( NAMED_UNIT ( * ) PLANE_ANGLE_UNIT ( ) SI_UNIT ( $, .RADIAN. ) );
#3695 = STYLED_ITEM ( 'NONE', ( #2413 ), #2048 ) ;
#3696 = SURFACE_SIDE_STYLE ('',( #1070 ) ) ;
#3697 = PRESENTATION_STYLE_ASSIGNMENT (( #80 ) ) ;
#3698 = COLOUR_RGB ( '',0.2509803921568627416, 0.2509803921568627416, 0.2509803921568627416 ) ;
#3699 = SURFACE_STYLE_FILL_AREA ( #3979 ) ;
#3700 = DIRECTION ( 'NONE',  ( -0.000000000000000000, -0.000000000000000000, 1.000000000000000000 ) ) ;
#3701 = PLANE ( 'NONE',  #3434 ) ;
#3702 = CARTESIAN_POINT ( 'NONE',  ( 5.740000000000000213, 0.000000000000000000, 5.740000000000000213 ) ) ;
#3703 = SURFACE_STYLE_FILL_AREA ( #106 ) ;
#3704 = ORIENTED_EDGE ( 'NONE', *, *, #3375, .F. ) ;
#3705 = MECHANICAL_DESIGN_GEOMETRIC_PRESENTATION_REPRESENTATION (  '', ( #3293 ), #2670 ) ;
#3706 =( NAMED_UNIT ( * ) SI_UNIT ( $, .STERADIAN. ) SOLID_ANGLE_UNIT ( ) );
#3707 = CYLINDRICAL_SURFACE ( 'NONE', #3771, 0.2499999999999991118 ) ;
#3708 = AXIS2_PLACEMENT_3D ( 'NONE', #4251, #2935, #1033 ) ;
#3709 = ORIENTED_EDGE ( 'NONE', *, *, #159, .T. ) ;
#3710 =( NAMED_UNIT ( * ) SI_UNIT ( $, .STERADIAN. ) SOLID_ANGLE_UNIT ( ) );
#3711 = EDGE_CURVE ( 'NONE', #1194, #920, #2004, .T. ) ;
#3712 =( NAMED_UNIT ( * ) PLANE_ANGLE_UNIT ( ) SI_UNIT ( $, .RADIAN. ) );
#3713 = ORIENTED_EDGE ( 'NONE', *, *, #3941, .T. ) ;
#3714 = ORIENTED_EDGE ( 'NONE', *, *, #2811, .T. ) ;
#3715 = ADVANCED_FACE ( 'NONE', ( #1240 ), #2560, .T. ) ;
#3716 = CARTESIAN_POINT ( 'NONE',  ( -1.636000000003274613, 6.481446609406972925, -5.739999999999997549 ) ) ;
#3717 = CARTESIAN_POINT ( 'NONE',  ( 0.8799999999999997824, 1.409999999999999920, -5.739999999999999325 ) ) ;
#3718 = SURFACE_STYLE_FILL_AREA ( #1784 ) ;
#3719 = DIRECTION ( 'NONE',  ( 0.000000000000000000, 0.000000000000000000, -1.000000000000000000 ) ) ;
#3720 = FACE_OUTER_BOUND ( 'NONE', #3553, .T. ) ;
#3721 = DIRECTION ( 'NONE',  ( 0.000000000000000000, 0.000000000000000000, -1.000000000000000000 ) ) ;
#3722 = DIRECTION ( 'NONE',  ( 0.000000000000000000, 0.000000000000000000, -1.000000000000000000 ) ) ;
#3723 = EDGE_LOOP ( 'NONE', ( #3520, #3555, #1041, #2979 ) ) ;
#3724 = SURFACE_STYLE_USAGE ( .BOTH. , #4119 ) ;
#3725 = CARTESIAN_POINT ( 'NONE',  ( 0.000000000000000000, 0.000000000000000000, 0.8800000000000000044 ) ) ;
#3726 = ORIENTED_EDGE ( 'NONE', *, *, #4155, .F. ) ;
#3727 = CARTESIAN_POINT ( 'NONE',  ( 5.900000000000000355, 0.000000000000000000, -0.8800000000000000044 ) ) ;
#3728 = DIRECTION ( 'NONE',  ( 0.000000000000000000, 1.000000000000000000, -0.000000000000000000 ) ) ;
#3729 = CARTESIAN_POINT ( 'NONE',  ( 0.000000000000000000, 1.409999999999999920, 0.000000000000000000 ) ) ;
#3730 = PRESENTATION_STYLE_ASSIGNMENT (( #1087 ) ) ;
#3731 = SURFACE_SIDE_STYLE ('',( #3691 ) ) ;
#3732 = ORIENTED_EDGE ( 'NONE', *, *, #573, .F. ) ;
#3733 = ORIENTED_EDGE ( 'NONE', *, *, #574, .T. ) ;
#3734 =( GEOMETRIC_REPRESENTATION_CONTEXT ( 3 ) GLOBAL_UNCERTAINTY_ASSIGNED_CONTEXT ( ( #3446 ) ) GLOBAL_UNIT_ASSIGNED_CONTEXT ( ( #1826, #127, #169 ) ) REPRESENTATION_CONTEXT ( 'NONE', 'WORKASPACE' ) );
#3735 = SURFACE_STYLE_FILL_AREA ( #828 ) ;
#3736 = EDGE_CURVE ( 'NONE', #182, #1687, #3855, .T. ) ;
#3737 = EDGE_CURVE ( 'NONE', #3105, #3161, #1343, .T. ) ;
#3738 = AXIS2_PLACEMENT_3D ( 'NONE', #1197, #245, #2500 ) ;
#3739 = MANIFOLD_SOLID_BREP ( 'Imported1', #3180 ) ;
#3740 = FILL_AREA_STYLE ('',( #2489 ) ) ;
#3741 = SURFACE_STYLE_FILL_AREA ( #4026 ) ;
#3742 = STYLED_ITEM ( 'NONE', ( #1103 ), #3794 ) ;
#3743 =( NAMED_UNIT ( * ) PLANE_ANGLE_UNIT ( ) SI_UNIT ( $, .RADIAN. ) );
#3744 = STYLED_ITEM ( 'NONE', ( #2704 ), #193 ) ;
#3745 = ORIENTED_EDGE ( 'NONE', *, *, #3627, .F. ) ;
#3746 = DIRECTION ( 'NONE',  ( 0.000000000000000000, 0.000000000000000000, -1.000000000000000000 ) ) ;
#3747 = DIRECTION ( 'NONE',  ( 1.000000000000000000, 0.000000000000000000, 0.000000000000000000 ) ) ;
#3748 = PRESENTATION_LAYER_ASSIGNMENT (  '', '', ( #1487 ) ) ;
#3749 = UNCERTAINTY_MEASURE_WITH_UNIT (LENGTH_MEASURE( 1.000000000000000082E-05 ), #2636, 'distance_accuracy_value', 'NONE');
#3750 = DIRECTION ( 'NONE',  ( -1.000000000000000000, -0.000000000000000000, -0.000000000000000000 ) ) ;
#3751 = ORIENTED_EDGE ( 'NONE', *, *, #3975, .F. ) ;
#3752 = AXIS2_PLACEMENT_3D ( 'NONE', #868, #535, #2812 ) ;
#3753 = MECHANICAL_DESIGN_GEOMETRIC_PRESENTATION_REPRESENTATION (  '', ( #3264 ), #2363 ) ;
#3754 = CYLINDRICAL_SURFACE ( 'NONE', #930, 0.4999999999999998890 ) ;
#3755 = CARTESIAN_POINT ( 'NONE',  ( -5.490000000000000213, 6.334999999999999964, 5.490000000000000213 ) ) ;
#3756 = COLOUR_RGB ( '',0.2509803921568627416, 0.2509803921568627416, 0.2509803921568627416 ) ;
#3757 = AXIS2_PLACEMENT_3D ( 'NONE', #913, #894, #4201 ) ;
#3758 = LINE ( 'NONE', #3203, #2684 ) ;
#3759 = ORIENTED_EDGE ( 'NONE', *, *, #550, .F. ) ;
#3760 = ORIENTED_EDGE ( 'NONE', *, *, #3998, .F. ) ;
#3761 = VECTOR ( 'NONE', #3474, 1000.000000000000000 ) ;
#3762 = CARTESIAN_POINT ( 'NONE',  ( -0.8800000000000000044, 0.000000000000000000, -6.985000000000000320 ) ) ;
#3763 = CARTESIAN_POINT ( 'NONE',  ( -6.700000000000000178, 0.000000000000000000, -0.8800000000000000044 ) ) ;
#3764 = PLANE ( 'NONE',  #1079 ) ;
#3765 =( GEOMETRIC_REPRESENTATION_CONTEXT ( 3 ) GLOBAL_UNCERTAINTY_ASSIGNED_CONTEXT ( ( #1539 ) ) GLOBAL_UNIT_ASSIGNED_CONTEXT ( ( #3055, #2179, #3522 ) ) REPRESENTATION_CONTEXT ( 'NONE', 'WORKASPACE' ) );
#3766 = COLOUR_RGB ( '',0.2509803921568627416, 0.2509803921568627416, 0.2509803921568627416 ) ;
#3767 = SURFACE_STYLE_FILL_AREA ( #2100 ) ;
#3768 = ADVANCED_FACE ( 'NONE', ( #4229 ), #1744, .T. ) ;
#3769 = EDGE_CURVE ( 'NONE', #3070, #797, #2082, .T. ) ;
#3770 = FACE_OUTER_BOUND ( 'NONE', #1357, .T. ) ;
#3771 = AXIS2_PLACEMENT_3D ( 'NONE', #4036, #769, #2063 ) ;
#3772 = ORIENTED_EDGE ( 'NONE', *, *, #3920, .T. ) ;
#3773 = CARTESIAN_POINT ( 'NONE',  ( -6.700000000000001066, -0.1449999999999999900, -0.6500000000000001332 ) ) ;
#3774 = PRESENTATION_STYLE_ASSIGNMENT (( #847 ) ) ;
#3775 = PRESENTATION_STYLE_ASSIGNMENT (( #2768 ) ) ;
#3776 = ORIENTED_EDGE ( 'NONE', *, *, #802, .F. ) ;
#3777 = DIRECTION ( 'NONE',  ( -1.000000000000000000, -0.000000000000000000, -0.000000000000000000 ) ) ;
#3778 = UNCERTAINTY_MEASURE_WITH_UNIT (LENGTH_MEASURE( 1.000000000000000082E-05 ), #3689, 'distance_accuracy_value', 'NONE');
#3779 = DIRECTION ( 'NONE',  ( 1.000000000000000000, 8.673617379884037444E-16, 0.000000000000000000 ) ) ;
#3780 = ORIENTED_EDGE ( 'NONE', *, *, #928, .F. ) ;
#3781 = DIRECTION ( 'NONE',  ( 0.000000000000000000, -0.000000000000000000, 1.000000000000000000 ) ) ;
#3782 = FILL_AREA_STYLE_COLOUR ( '', #2031 ) ;
#3783 = FILL_AREA_STYLE_COLOUR ( '', #2512 ) ;
#3784 = CARTESIAN_POINT ( 'NONE',  ( 25.19629199999999969, 6.585000000000000853, -5.490000000000000213 ) ) ;
#3785 =( NAMED_UNIT ( * ) PLANE_ANGLE_UNIT ( ) SI_UNIT ( $, .RADIAN. ) );
#3786 = DIRECTION ( 'NONE',  ( 1.000000000000000000, 0.000000000000000000, 0.000000000000000000 ) ) ;
#3787 =( NAMED_UNIT ( * ) PLANE_ANGLE_UNIT ( ) SI_UNIT ( $, .RADIAN. ) );
#3788 = ORIENTED_EDGE ( 'NONE', *, *, #435, .F. ) ;
#3789 = CARTESIAN_POINT ( 'NONE',  ( -6.700000000000000178, 0.000000000000000000, 0.8800000000000000044 ) ) ;
#3790 = SURFACE_STYLE_FILL_AREA ( #4092 ) ;
#3791 = CARTESIAN_POINT ( 'NONE',  ( 5.489999999999998437, 6.156565099430895138, -5.665102787695950326 ) ) ;
#3792 = ORIENTED_EDGE ( 'NONE', *, *, #926, .F. ) ;
#3793 = EDGE_CURVE ( 'NONE', #19, #1668, #1710, .T. ) ;
#3794 = ADVANCED_FACE ( 'NONE', ( #2669 ), #768, .T. ) ;
#3795 =( LENGTH_UNIT ( ) NAMED_UNIT ( * ) SI_UNIT ( .MILLI., .METRE. ) );
#3796 = FILL_AREA_STYLE ('',( #2485 ) ) ;
#3797 = CARTESIAN_POINT ( 'NONE',  ( -5.739999999999999325, 1.409999999999999920, -0.8800000000000000044 ) ) ;
#3798 = CARTESIAN_POINT ( 'NONE',  ( -5.900000000000000355, 1.409999999999999920, 0.000000000000000000 ) ) ;
#3799 = VERTEX_POINT ( 'NONE', #3386 ) ;
#3800 = UNCERTAINTY_MEASURE_WITH_UNIT (LENGTH_MEASURE( 1.000000000000000082E-05 ), #2588, 'distance_accuracy_value', 'NONE');
#3801 = SURFACE_STYLE_USAGE ( .BOTH. , #2840 ) ;
#3802 = PLANE ( 'NONE',  #192 ) ;
#3803 = ORIENTED_EDGE ( 'NONE', *, *, #3557, .F. ) ;
#3804 = SURFACE_SIDE_STYLE ('',( #3126 ) ) ;
#3805 = SURFACE_STYLE_FILL_AREA ( #3740 ) ;
#3806 = LINE ( 'NONE', #843, #3001 ) ;
#3807 = DIRECTION ( 'NONE',  ( -1.000000000000000000, 0.000000000000000000, -0.000000000000000000 ) ) ;
#3808 =( NAMED_UNIT ( * ) SI_UNIT ( $, .STERADIAN. ) SOLID_ANGLE_UNIT ( ) );
#3809 = VECTOR ( 'NONE', #226, 1000.000000000000000 ) ;
#3810 = ORIENTED_EDGE ( 'NONE', *, *, #3652, .F. ) ;
#3811 = CARTESIAN_POINT ( 'NONE',  ( -5.900000000000000355, 0.000000000000000000, 0.8800000000000000044 ) ) ;
#3812 = CARTESIAN_POINT ( 'NONE',  ( 5.490000000000000213, 6.511776695296637385, -5.666776695296637634 ) ) ;
#3813 = COLOUR_RGB ( '',0.2509803921568627416, 0.2509803921568627416, 0.2509803921568627416 ) ;
#3814 = UNCERTAINTY_MEASURE_WITH_UNIT (LENGTH_MEASURE( 1.000000000000000082E-05 ), #3986, 'distance_accuracy_value', 'NONE');
#3815 = EDGE_LOOP ( 'NONE', ( #775, #1172, #2398, #2271 ) ) ;
#3816 = MECHANICAL_DESIGN_GEOMETRIC_PRESENTATION_REPRESENTATION (  '', ( #4094 ), #4236 ) ;
#3817 = EDGE_CURVE ( 'NONE', #1642, #315, #442, .T. ) ;
#3818 = EDGE_CURVE ( 'NONE', #297, #948, #1056, .T. ) ;
#3819 = PRESENTATION_LAYER_ASSIGNMENT (  '', '', ( #1416 ) ) ;
#3820 = COLOUR_RGB ( '',0.2509803921568627416, 0.2509803921568627416, 0.2509803921568627416 ) ;
#3821 = VERTEX_POINT ( 'NONE', #3134 ) ;
#3822 = AXIS2_PLACEMENT_3D ( 'NONE', #4083, #1138, #3781 ) ;
#3823 = PRESENTATION_LAYER_ASSIGNMENT (  '', '', ( #1625 ) ) ;
#3824 = FILL_AREA_STYLE_COLOUR ( '', #3556 ) ;
#3825 = PRESENTATION_LAYER_ASSIGNMENT (  '', '', ( #4247 ) ) ;
#3826 = ORIENTED_EDGE ( 'NONE', *, *, #4061, .T. ) ;
#3827 = FACE_BOUND ( 'NONE', #3601, .T. ) ;
#3828 =( NAMED_UNIT ( * ) PLANE_ANGLE_UNIT ( ) SI_UNIT ( $, .RADIAN. ) );
#3829 = ORIENTED_EDGE ( 'NONE', *, *, #217, .F. ) ;
#3830 = CARTESIAN_POINT ( 'NONE',  ( -5.489999999999999325, 6.585000000000000853, 5.489999999999999325 ) ) ;
#3831 =( GEOMETRIC_REPRESENTATION_CONTEXT ( 3 ) GLOBAL_UNCERTAINTY_ASSIGNED_CONTEXT ( ( #899 ) ) GLOBAL_UNIT_ASSIGNED_CONTEXT ( ( #754, #1088, #1439 ) ) REPRESENTATION_CONTEXT ( 'NONE', 'WORKASPACE' ) );
#3832 = CARTESIAN_POINT ( 'NONE',  ( -0.8799999999999996714, 0.000000000000000000, 5.740000000000000213 ) ) ;
#3833 = CARTESIAN_POINT ( 'NONE',  ( 5.490000000000000213, 6.334999999999999964, 25.19629199999999969 ) ) ;
#3834 =( GEOMETRIC_REPRESENTATION_CONTEXT ( 3 ) GLOBAL_UNCERTAINTY_ASSIGNED_CONTEXT ( ( #2854 ) ) GLOBAL_UNIT_ASSIGNED_CONTEXT ( ( #923, #294, #3924 ) ) REPRESENTATION_CONTEXT ( 'NONE', 'WORKASPACE' ) );
#3835 = ORIENTED_EDGE ( 'NONE', *, *, #500, .F. ) ;
#3836 = PRESENTATION_STYLE_ASSIGNMENT (( #3591 ) ) ;
#3837 =( LENGTH_UNIT ( ) NAMED_UNIT ( * ) SI_UNIT ( .MILLI., .METRE. ) );
#3838 =( LENGTH_UNIT ( ) NAMED_UNIT ( * ) SI_UNIT ( .MILLI., .METRE. ) );
#3839 = ORIENTED_EDGE ( 'NONE', *, *, #958, .T. ) ;
#3840 = VECTOR ( 'NONE', #927, 1000.000000000000000 ) ;
#3841 = COLOUR_RGB ( '',0.2509803921568627416, 0.2509803921568627416, 0.2509803921568627416 ) ;
#3842 = EDGE_CURVE ( 'NONE', #564, #3070, #206, .T. ) ;
#3843 = VECTOR ( 'NONE', #437, 1000.000000000000000 ) ;
#3844 = DIRECTION ( 'NONE',  ( 0.000000000000000000, -0.000000000000000000, 1.000000000000000000 ) ) ;
#3845 = EDGE_CURVE ( 'NONE', #4144, #505, #1769, .T. ) ;
#3846 = ORIENTED_EDGE ( 'NONE', *, *, #359, .F. ) ;
#3847 = CARTESIAN_POINT ( 'NONE',  ( 0.6500000000000000222, 1.554999999999999938, -5.899999999999999467 ) ) ;
#3848 = DIRECTION ( 'NONE',  ( -1.000000000000000000, 0.000000000000000000, -0.000000000000000000 ) ) ;
#3849 =( NAMED_UNIT ( * ) SI_UNIT ( $, .STERADIAN. ) SOLID_ANGLE_UNIT ( ) );
#3850 = VERTEX_POINT ( 'NONE', #1450 ) ;
#3851 =( NAMED_UNIT ( * ) PLANE_ANGLE_UNIT ( ) SI_UNIT ( $, .RADIAN. ) );
#3852 = SURFACE_SIDE_STYLE ('',( #2538 ) ) ;
#3853 = CARTESIAN_POINT ( 'NONE',  ( -0.6500000000000001332, -0.1449999999999999900, 6.700000000000001066 ) ) ;
#3854 = VERTEX_POINT ( 'NONE', #1522 ) ;
#3855 = LINE ( 'NONE', #975, #310 ) ;
#3856 =( NAMED_UNIT ( * ) SI_UNIT ( $, .STERADIAN. ) SOLID_ANGLE_UNIT ( ) );
#3857 = LINE ( 'NONE', #2232, #619 ) ;
#3858 = EDGE_LOOP ( 'NONE', ( #1278, #583, #3177, #2814 ) ) ;
#3859 = CARTESIAN_POINT ( 'NONE',  ( -5.741379439399343809, 6.437658205452110316, 5.592658205452108788 ) ) ;
#3860 = DIRECTION ( 'NONE',  ( 0.7071067811865475727, 0.7071067811865475727, 0.000000000000000000 ) ) ;
#3861 = ORIENTED_EDGE ( 'NONE', *, *, #1274, .F. ) ;
#3862 = DIRECTION ( 'NONE',  ( 1.000000000000000000, 0.000000000000000000, 0.000000000000000000 ) ) ;
#3863 = SURFACE_SIDE_STYLE ('',( #2984 ) ) ;
#3864 = LINE ( 'NONE', #1331, #1892 ) ;
#3865 = EDGE_CURVE ( 'NONE', #1626, #414, #221, .T. ) ;
#3866 = EDGE_CURVE ( 'NONE', #798, #2341, #467, .T. ) ;
#3867 = SURFACE_STYLE_USAGE ( .BOTH. , #575 ) ;
#3868 = ORIENTED_EDGE ( 'NONE', *, *, #3174, .F. ) ;
#3869 = PRESENTATION_STYLE_ASSIGNMENT (( #2932 ) ) ;
#3870 = CARTESIAN_POINT ( 'NONE',  ( 5.636440105289418412, 6.156565099430893362, -5.665102787695951214 ) ) ;
#3871 = SURFACE_STYLE_USAGE ( .BOTH. , #2091 ) ;
#3872 = EDGE_LOOP ( 'NONE', ( #1652, #2888, #4008, #4188 ) ) ;
#3873 = STYLED_ITEM ( 'NONE', ( #4185 ), #3715 ) ;
#3874 = CARTESIAN_POINT ( 'NONE',  ( 0.6500000000000001332, 1.054999999999999938, 25.19629199999999969 ) ) ;
#3875 = SURFACE_STYLE_FILL_AREA ( #2877 ) ;
#3876 =( GEOMETRIC_REPRESENTATION_CONTEXT ( 3 ) GLOBAL_UNCERTAINTY_ASSIGNED_CONTEXT ( ( #3470 ) ) GLOBAL_UNIT_ASSIGNED_CONTEXT ( ( #3094, #160, #1813 ) ) REPRESENTATION_CONTEXT ( 'NONE', 'WORKASPACE' ) );
#3877 = PRESENTATION_STYLE_ASSIGNMENT (( #943 ) ) ;
#3878 = CARTESIAN_POINT ( 'NONE',  ( 6.700000000000000178, 0.000000000000000000, 0.8800000000000000044 ) ) ;
#3879 = EDGE_LOOP ( 'NONE', ( #2923, #3451, #4234, #2726, #4184, #999, #2252, #818 ) ) ;
#3880 =( GEOMETRIC_REPRESENTATION_CONTEXT ( 3 ) GLOBAL_UNCERTAINTY_ASSIGNED_CONTEXT ( ( #841 ) ) GLOBAL_UNIT_ASSIGNED_CONTEXT ( ( #2671, #1939, #3985 ) ) REPRESENTATION_CONTEXT ( 'NONE', 'WORKASPACE' ) );
#3881 = STYLED_ITEM ( 'NONE', ( #747 ), #2833 ) ;
#3882 = DIRECTION ( 'NONE',  ( 0.000000000000000000, -0.000000000000000000, 1.000000000000000000 ) ) ;
#3883 = AXIS2_PLACEMENT_3D ( 'NONE', #1538, #1870, #2207 ) ;
#3884 =( GEOMETRIC_REPRESENTATION_CONTEXT ( 3 ) GLOBAL_UNCERTAINTY_ASSIGNED_CONTEXT ( ( #692 ) ) GLOBAL_UNIT_ASSIGNED_CONTEXT ( ( #1937, #1901, #2209 ) ) REPRESENTATION_CONTEXT ( 'NONE', 'WORKASPACE' ) );
#3885 = DIRECTION ( 'NONE',  ( -1.000000000000000000, -0.000000000000000000, 0.000000000000000000 ) ) ;
#3886 = AXIS2_PLACEMENT_3D ( 'NONE', #3702, #4001, #2406 ) ;
#3887 = ORIENTED_EDGE ( 'NONE', *, *, #3375, .T. ) ;
#3888 = CARTESIAN_POINT ( 'NONE',  ( -25.19629199999999969, 1.054999999999999938, 0.6500000000000001332 ) ) ;
#3889 = LINE ( 'NONE', #257, #2529 ) ;
#3890 =( GEOMETRIC_REPRESENTATION_CONTEXT ( 3 ) GLOBAL_UNCERTAINTY_ASSIGNED_CONTEXT ( ( #772 ) ) GLOBAL_UNIT_ASSIGNED_CONTEXT ( ( #1255, #2827, #2537 ) ) REPRESENTATION_CONTEXT ( 'NONE', 'WORKASPACE' ) );
#3891 = VERTEX_POINT ( 'NONE', #3107 ) ;
#3892 = SURFACE_STYLE_FILL_AREA ( #577 ) ;
#3893 = CIRCLE ( 'NONE', #3897, 0.2500000000000002220 ) ;
#3894 = EDGE_CURVE ( 'NONE', #1441, #2855, #1806, .T. ) ;
#3895 = FILL_AREA_STYLE ('',( #3243 ) ) ;
#3896 = EDGE_CURVE ( 'NONE', #1034, #3581, #451, .T. ) ;
#3897 = AXIS2_PLACEMENT_3D ( 'NONE', #1640, #1935, #3334 ) ;
#3898 = SURFACE_STYLE_USAGE ( .BOTH. , #306 ) ;
#3899 = SURFACE_STYLE_FILL_AREA ( #3634 ) ;
#3900 = VERTEX_POINT ( 'NONE', #2515 ) ;
#3901 = VECTOR ( 'NONE', #3100, 1000.000000000000000 ) ;
#3902 = FILL_AREA_STYLE_COLOUR ( '', #1134 ) ;
#3903 = VECTOR ( 'NONE', #1755, 1000.000000000000000 ) ;
#3904 = DIRECTION ( 'NONE',  ( 0.000000000000000000, 0.000000000000000000, 1.000000000000000000 ) ) ;
#3905 = CYLINDRICAL_SURFACE ( 'NONE', #1568, 0.2500000000000002220 ) ;
#3906 = VERTEX_POINT ( 'NONE', #2110 ) ;
#3907 = COLOUR_RGB ( '',0.2509803921568627416, 0.2509803921568627416, 0.2509803921568627416 ) ;
#3908 = FILL_AREA_STYLE_COLOUR ( '', #525 ) ;
#3909 = MECHANICAL_DESIGN_GEOMETRIC_PRESENTATION_REPRESENTATION (  '', ( #416 ), #2182 ) ;
#3910 = CARTESIAN_POINT ( 'NONE',  ( -0.8800000000000000044, 0.000000000000000000, 6.700000000000000178 ) ) ;
#3911 = VERTEX_POINT ( 'NONE', #3066 ) ;
#3912 = CARTESIAN_POINT ( 'NONE',  ( 0.000000000000000000, 1.409999999999999920, -5.900000000000000355 ) ) ;
#3913 = CARTESIAN_POINT ( 'NONE',  ( 0.8800000000000000044, 0.000000000000000000, 6.985000000000000320 ) ) ;
#3914 = LINE ( 'NONE', #2263, #259 ) ;
#3915 = DIRECTION ( 'NONE',  ( 0.000000000000000000, -1.000000000000000000, -0.000000000000000000 ) ) ;
#3916 = LINE ( 'NONE', #3268, #2970 ) ;
#3917 = FILL_AREA_STYLE_COLOUR ( '', #2028 ) ;
#3918 = ORIENTED_EDGE ( 'NONE', *, *, #573, .T. ) ;
#3919 = SURFACE_STYLE_USAGE ( .BOTH. , #2542 ) ;
#3920 = EDGE_CURVE ( 'NONE', #2107, #4003, #2131, .T. ) ;
#3921 = EDGE_CURVE ( 'NONE', #1222, #94, #132, .T. ) ;
#3922 = ORIENTED_EDGE ( 'NONE', *, *, #2783, .F. ) ;
#3923 = CARTESIAN_POINT ( 'NONE',  ( 5.899999999999999467, -0.1449999999999999900, 0.6500000000000001332 ) ) ;
#3924 =( NAMED_UNIT ( * ) SI_UNIT ( $, .STERADIAN. ) SOLID_ANGLE_UNIT ( ) );
#3925 = CARTESIAN_POINT ( 'NONE',  ( -25.19629199999999969, -0.1449999999999999900, 0.6500000000000001332 ) ) ;
#3926 = DIRECTION ( 'NONE',  ( -0.000000000000000000, -1.000000000000000000, 0.000000000000000000 ) ) ;
#3927 = CARTESIAN_POINT ( 'NONE',  ( 0.8800000000000000044, 0.000000000000000000, -5.739999999999999325 ) ) ;
#3928 = DIRECTION ( 'NONE',  ( 0.000000000000000000, 0.000000000000000000, 1.000000000000000000 ) ) ;
#3929 =( LENGTH_UNIT ( ) NAMED_UNIT ( * ) SI_UNIT ( .MILLI., .METRE. ) );
#3930 = CARTESIAN_POINT ( 'NONE',  ( -0.8800000000000000044, 0.000000000000000000, -6.985000000000000320 ) ) ;
#3931 = SURFACE_SIDE_STYLE ('',( #1675 ) ) ;
#3932 =( GEOMETRIC_REPRESENTATION_CONTEXT ( 3 ) GLOBAL_UNCERTAINTY_ASSIGNED_CONTEXT ( ( #876 ) ) GLOBAL_UNIT_ASSIGNED_CONTEXT ( ( #916, #1459, #3513 ) ) REPRESENTATION_CONTEXT ( 'NONE', 'WORKASPACE' ) );
#3933 = ORIENTED_EDGE ( 'NONE', *, *, #3896, .F. ) ;
#3934 = ORIENTED_EDGE ( 'NONE', *, *, #2933, .T. ) ;
#3935 = COLOUR_RGB ( '',0.2509803921568627416, 0.2509803921568627416, 0.2509803921568627416 ) ;
#3936 = SURFACE_SIDE_STYLE ('',( #3273 ) ) ;
#3937 = CARTESIAN_POINT ( 'NONE',  ( -0.8800000000000000044, 0.000000000000000000, -6.985000000000000320 ) ) ;
#3938 = ORIENTED_EDGE ( 'NONE', *, *, #379, .T. ) ;
#3939 = CARTESIAN_POINT ( 'NONE',  ( 5.740000000000000213, 0.000000000000000000, 0.000000000000000000 ) ) ;
#3940 = EDGE_CURVE ( 'NONE', #2844, #50, #4136, .T. ) ;
#3941 = EDGE_CURVE ( 'NONE', #2571, #4144, #1191, .T. ) ;
#3942 = VECTOR ( 'NONE', #3411, 1000.000000000000000 ) ;
#3943 = AXIS2_PLACEMENT_3D ( 'NONE', #2728, #4073, #816 ) ;
#3944 = ORIENTED_EDGE ( 'NONE', *, *, #977, .T. ) ;
#3945 = UNCERTAINTY_MEASURE_WITH_UNIT (LENGTH_MEASURE( 1.000000000000000082E-05 ), #2746, 'distance_accuracy_value', 'NONE');
#3946 = MECHANICAL_DESIGN_GEOMETRIC_PRESENTATION_REPRESENTATION (  '', ( #1206 ), #100 ) ;
#3947 = VECTOR ( 'NONE', #4066, 1000.000000000000000 ) ;
#3948 = FILL_AREA_STYLE_COLOUR ( '', #3223 ) ;
#3949 = FILL_AREA_STYLE_COLOUR ( '', #3278 ) ;
#3950 = APPLICATION_CONTEXT ( 'automotive_design' ) ;
#3951 = PRESENTATION_LAYER_ASSIGNMENT (  '', '', ( #1291 ) ) ;
#3952 =( GEOMETRIC_REPRESENTATION_CONTEXT ( 3 ) GLOBAL_UNCERTAINTY_ASSIGNED_CONTEXT ( ( #1997 ) ) GLOBAL_UNIT_ASSIGNED_CONTEXT ( ( #992, #2287, #1342 ) ) REPRESENTATION_CONTEXT ( 'NONE', 'WORKASPACE' ) );
#3953 = CARTESIAN_POINT ( 'NONE',  ( 5.727891147295966157, 6.450662243297308862, 5.637543338873777898 ) ) ;
#3954 = PLANE ( 'NONE',  #2896 ) ;
#3955 =( GEOMETRIC_REPRESENTATION_CONTEXT ( 3 ) GLOBAL_UNCERTAINTY_ASSIGNED_CONTEXT ( ( #3304 ) ) GLOBAL_UNIT_ASSIGNED_CONTEXT ( ( #495, #3410, #2144 ) ) REPRESENTATION_CONTEXT ( 'NONE', 'WORKASPACE' ) );
#3956 = SURFACE_STYLE_FILL_AREA ( #3576 ) ;
#3957 = CARTESIAN_POINT ( 'NONE',  ( -0.8800000000000000044, 0.000000000000000000, -5.900000000000000355 ) ) ;
#3958 = UNCERTAINTY_MEASURE_WITH_UNIT (LENGTH_MEASURE( 1.000000000000000082E-05 ), #1803, 'distance_accuracy_value', 'NONE');
#3959 = ORIENTED_EDGE ( 'NONE', *, *, #3818, .T. ) ;
#3960 = AXIS2_PLACEMENT_3D ( 'NONE', #2534, #536, #3552 ) ;
#3961 =( NAMED_UNIT ( * ) SI_UNIT ( $, .STERADIAN. ) SOLID_ANGLE_UNIT ( ) );
#3962 = STYLED_ITEM ( 'NONE', ( #2557 ), #1140 ) ;
#3963 = PRESENTATION_STYLE_ASSIGNMENT (( #976 ) ) ;
#3964 = ORIENTED_EDGE ( 'NONE', *, *, #3628, .F. ) ;
#3965 = FACE_OUTER_BOUND ( 'NONE', #3183, .T. ) ;
#3966 = SURFACE_SIDE_STYLE ('',( #3660 ) ) ;
#3967 = STYLED_ITEM ( 'NONE', ( #3216 ), #1638 ) ;
#3968 = FILL_AREA_STYLE_COLOUR ( '', #2734 ) ;
#3969 = CARTESIAN_POINT ( 'NONE',  ( 0.6500000000000001332, 1.554999999999999938, 5.900000000000000355 ) ) ;
#3970 = ORIENTED_EDGE ( 'NONE', *, *, #1721, .T. ) ;
#3971 = EDGE_CURVE ( 'NONE', #383, #3233, #2747, .T. ) ;
#3972 = MECHANICAL_DESIGN_GEOMETRIC_PRESENTATION_REPRESENTATION (  '', ( #2306 ), #2863 ) ;
#3973 = AXIS2_PLACEMENT_3D ( 'NONE', #3640, #2050, #3394 ) ;
#3974 = CARTESIAN_POINT ( 'NONE',  ( -1.149999999999999911, 0.3549999999999999822, 25.19629199999999969 ) ) ;
#3975 = EDGE_CURVE ( 'NONE', #1677, #107, #2168, .T. ) ;
#3976 = EDGE_CURVE ( 'NONE', #3296, #182, #1123, .T. ) ;
#3977 = VECTOR ( 'NONE', #2349, 1000.000000000000000 ) ;
#3978 = FILL_AREA_STYLE ('',( #3630 ) ) ;
#3979 = FILL_AREA_STYLE ('',( #102 ) ) ;
#3980 = CARTESIAN_POINT ( 'NONE',  ( 0.8800000000000000044, 1.409999999999999920, 6.985000000000000320 ) ) ;
#3981 = MECHANICAL_DESIGN_GEOMETRIC_PRESENTATION_REPRESENTATION (  '', ( #3632 ), #1024 ) ;
#3982 = SURFACE_SIDE_STYLE ('',( #973 ) ) ;
#3983 = EDGE_LOOP ( 'NONE', ( #2418, #1368, #924, #2962 ) ) ;
#3984 = DIRECTION ( 'NONE',  ( 0.000000000000000000, -0.000000000000000000, 1.000000000000000000 ) ) ;
#3985 =( NAMED_UNIT ( * ) SI_UNIT ( $, .STERADIAN. ) SOLID_ANGLE_UNIT ( ) );
#3986 =( LENGTH_UNIT ( ) NAMED_UNIT ( * ) SI_UNIT ( .MILLI., .METRE. ) );
#3987 = ORIENTED_EDGE ( 'NONE', *, *, #4080, .T. ) ;
#3988 = LINE ( 'NONE', #3727, #392 ) ;
#3989 = PLANE ( 'NONE',  #382 ) ;
#3990 =( NAMED_UNIT ( * ) SI_UNIT ( $, .STERADIAN. ) SOLID_ANGLE_UNIT ( ) );
#3991 = CARTESIAN_POINT ( 'NONE',  ( -0.8800000000000000044, 0.000000000000000000, -6.700000000000000178 ) ) ;
#3992 = ORIENTED_EDGE ( 'NONE', *, *, #1244, .F. ) ;
#3993 =( LENGTH_UNIT ( ) NAMED_UNIT ( * ) SI_UNIT ( .MILLI., .METRE. ) );
#3994 = CARTESIAN_POINT ( 'NONE',  ( 1.149999999999999911, -0.1449999999999999900, 6.700000000000000178 ) ) ;
#3995 = DIRECTION ( 'NONE',  ( 0.000000000000000000, -0.000000000000000000, -1.000000000000000000 ) ) ;
#3996 = CARTESIAN_POINT ( 'NONE',  ( 5.770410311702256934, 6.259906099201962171, 5.637254666298388450 ) ) ;
#3997 = CARTESIAN_POINT ( 'NONE',  ( -0.6500000000000001332, -0.1449999999999999900, 5.899999999999999467 ) ) ;
#3998 = EDGE_CURVE ( 'NONE', #3854, #4210, #3438, .T. ) ;
#3999 =( NAMED_UNIT ( * ) SI_UNIT ( $, .STERADIAN. ) SOLID_ANGLE_UNIT ( ) );
#4000 = ADVANCED_FACE ( 'NONE', ( #1472, #1173 ), #153, .F. ) ;
#4001 = DIRECTION ( 'NONE',  ( 1.000000000000000000, -0.000000000000000000, 0.000000000000000000 ) ) ;
#4002 = DIRECTION ( 'NONE',  ( 0.000000000000000000, 0.000000000000000000, -1.000000000000000000 ) ) ;
#4003 = VERTEX_POINT ( 'NONE', #954 ) ;
#4004 = SURFACE_STYLE_USAGE ( .BOTH. , #3385 ) ;
#4005 = CARTESIAN_POINT ( 'NONE',  ( -5.490000000000000213, 15.35822800000000221, 5.490000000000000213 ) ) ;
#4006 = SURFACE_STYLE_USAGE ( .BOTH. , #4035 ) ;
#4007 =( LENGTH_UNIT ( ) NAMED_UNIT ( * ) SI_UNIT ( .MILLI., .METRE. ) );
#4008 = ORIENTED_EDGE ( 'NONE', *, *, #938, .F. ) ;
#4009 = MECHANICAL_DESIGN_GEOMETRIC_PRESENTATION_REPRESENTATION (  '', ( #3398 ), #2146 ) ;
#4010 = FILL_AREA_STYLE_COLOUR ( '', #1268 ) ;
#4011 = DIRECTION ( 'NONE',  ( 0.000000000000000000, 0.000000000000000000, 1.000000000000000000 ) ) ;
#4012 = PRESENTATION_LAYER_ASSIGNMENT (  '', '', ( #3402 ) ) ;
#4013 = LINE ( 'NONE', #3006, #3074 ) ;
#4014 = LINE ( 'NONE', #2369, #3282 ) ;
#4015 = VERTEX_POINT ( 'NONE', #2601 ) ;
#4016 = COLOUR_RGB ( '',0.2509803921568627416, 0.2509803921568627416, 0.2509803921568627416 ) ;
#4017 = VECTOR ( 'NONE', #4072, 1000.000000000000000 ) ;
#4018 = CARTESIAN_POINT ( 'NONE',  ( 6.985000000000000320, 0.000000000000000000, -0.8800000000000000044 ) ) ;
#4019 = FILL_AREA_STYLE ('',( #2345 ) ) ;
#4020 = VECTOR ( 'NONE', #595, 1000.000000000000000 ) ;
#4021 = COLOUR_RGB ( '',0.2509803921568627416, 0.2509803921568627416, 0.2509803921568627416 ) ;
#4022 = VECTOR ( 'NONE', #3777, 1000.000000000000000 ) ;
#4023 = CARTESIAN_POINT ( 'NONE',  ( 5.696782978553062371, 6.333533432351154069, 5.741379439399342921 ) ) ;
#4024 = SURFACE_SIDE_STYLE ('',( #3699 ) ) ;
#4025 = CARTESIAN_POINT ( 'NONE',  ( -5.489999999998945057, 6.585000000000000853, -1.532446609408064653 ) ) ;
#4026 = FILL_AREA_STYLE ('',( #2426 ) ) ;
#4027 = CARTESIAN_POINT ( 'NONE',  ( 0.8800000000000000044, 0.000000000000000000, 0.000000000000000000 ) ) ;
#4028 = PRESENTATION_LAYER_ASSIGNMENT (  '', '', ( #605 ) ) ;
#4029 = VECTOR ( 'NONE', #3746, 1000.000000000000000 ) ;
#4030 = FACE_OUTER_BOUND ( 'NONE', #957, .T. ) ;
#4031 = EDGE_CURVE ( 'NONE', #1719, #75, #3512, .T. ) ;
#4032 = FILL_AREA_STYLE_COLOUR ( '', #1893 ) ;
#4033 = CARTESIAN_POINT ( 'NONE',  ( -5.900000000000000355, -0.1449999999999999900, 0.000000000000000000 ) ) ;
#4034 = CIRCLE ( 'NONE', #3551, 0.5000000000000000000 ) ;
#4035 = SURFACE_SIDE_STYLE ('',( #2767 ) ) ;
#4036 = CARTESIAN_POINT ( 'NONE',  ( 18.17384539058999948, 6.334999999999999964, -25.19629199999999969 ) ) ;
#4037 = EDGE_LOOP ( 'NONE', ( #2477, #507, #1313, #2797 ) ) ;
#4038 = UNCERTAINTY_MEASURE_WITH_UNIT (LENGTH_MEASURE( 1.000000000000000082E-05 ), #792, 'distance_accuracy_value', 'NONE');
#4039 = FACE_OUTER_BOUND ( 'NONE', #4127, .T. ) ;
#4040 = STYLED_ITEM ( 'NONE', ( #464 ), #1325 ) ;
#4041 = CARTESIAN_POINT ( 'NONE',  ( 5.900000000000000355, 0.3549999999999999822, -1.149999999999999911 ) ) ;
#4042 = PRESENTATION_STYLE_ASSIGNMENT (( #1460 ) ) ;
#4043 = ORIENTED_EDGE ( 'NONE', *, *, #2134, .T. ) ;
#4044 = MECHANICAL_DESIGN_GEOMETRIC_PRESENTATION_REPRESENTATION (  '', ( #3206 ), #2174 ) ;
#4045 = ORIENTED_EDGE ( 'NONE', *, *, #3894, .F. ) ;
#4046 = DIRECTION ( 'NONE',  ( 0.000000000000000000, 0.000000000000000000, -1.000000000000000000 ) ) ;
#4047 = VECTOR ( 'NONE', #3069, 1000.000000000000000 ) ;
#4048 = FILL_AREA_STYLE_COLOUR ( '', #3935 ) ;
#4049 = LINE ( 'NONE', #3980, #1314 ) ;
#4050 = DIRECTION ( 'NONE',  ( -0.000000000000000000, -0.000000000000000000, 1.000000000000000000 ) ) ;
#4051 = PRESENTATION_LAYER_ASSIGNMENT (  '', '', ( #416 ) ) ;
#4052 = ORIENTED_EDGE ( 'NONE', *, *, #3525, .F. ) ;
#4053 = CARTESIAN_POINT ( 'NONE',  ( 5.490000000000001101, 6.511776695296638273, -5.666776695296636746 ) ) ;
#4054 = DIRECTION ( 'NONE',  ( 0.000000000000000000, 0.000000000000000000, -1.000000000000000000 ) ) ;
#4055 = PRESENTATION_LAYER_ASSIGNMENT (  '', '', ( #630 ) ) ;
#4056 = UNCERTAINTY_MEASURE_WITH_UNIT (LENGTH_MEASURE( 1.000000000000000082E-05 ), #1469, 'distance_accuracy_value', 'NONE');
#4057 = SURFACE_SIDE_STYLE ('',( #2705 ) ) ;
#4058 = ORIENTED_EDGE ( 'NONE', *, *, #1818, .F. ) ;
#4059 = LINE ( 'NONE', #1409, #2012 ) ;
#4060 = FILL_AREA_STYLE ('',( #446 ) ) ;
#4061 = EDGE_CURVE ( 'NONE', #143, #1719, #3266, .T. ) ;
#4062 = EDGE_CURVE ( 'NONE', #846, #1222, #4202, .T. ) ;
#4063 = LINE ( 'NONE', #3969, #409 ) ;
#4064 = ORIENTED_EDGE ( 'NONE', *, *, #2625, .F. ) ;
#4065 = ORIENTED_EDGE ( 'NONE', *, *, #2730, .F. ) ;
#4066 = DIRECTION ( 'NONE',  ( 1.000000000000000000, 0.000000000000000000, 0.000000000000000000 ) ) ;
#4067 = DIRECTION ( 'NONE',  ( -1.000000000000000000, 0.000000000000000000, 0.000000000000000000 ) ) ;
#4068 = PRESENTATION_STYLE_ASSIGNMENT (( #457 ) ) ;
#4069 = FILL_AREA_STYLE ('',( #3457 ) ) ;
#4070 = ORIENTED_EDGE ( 'NONE', *, *, #886, .F. ) ;
#4071 = FILL_AREA_STYLE_COLOUR ( '', #2911 ) ;
#4072 = DIRECTION ( 'NONE',  ( 1.000000000000000000, -0.000000000000000000, 0.000000000000000000 ) ) ;
#4073 = DIRECTION ( 'NONE',  ( 0.000000000000000000, -1.000000000000000000, 0.000000000000000000 ) ) ;
#4074 = CARTESIAN_POINT ( 'NONE',  ( 5.900000000000000355, -0.1449999999999999900, 0.6500000000000001332 ) ) ;
#4075 = ORIENTED_EDGE ( 'NONE', *, *, #434, .T. ) ;
#4076 = UNCERTAINTY_MEASURE_WITH_UNIT (LENGTH_MEASURE( 1.000000000000000082E-05 ), #3610, 'distance_accuracy_value', 'NONE');
#4077 = DIRECTION ( 'NONE',  ( -1.000000000000000000, 0.000000000000000000, 0.000000000000000000 ) ) ;
#4078 =( NAMED_UNIT ( * ) SI_UNIT ( $, .STERADIAN. ) SOLID_ANGLE_UNIT ( ) );
#4079 = ORIENTED_EDGE ( 'NONE', *, *, #434, .F. ) ;
#4080 = EDGE_CURVE ( 'NONE', #709, #1310, #2248, .T. ) ;
#4081 = ADVANCED_FACE ( 'NONE', ( #640 ), #1305, .T. ) ;
#4082 = MECHANICAL_DESIGN_GEOMETRIC_PRESENTATION_REPRESENTATION (  '', ( #2503 ), #4220 ) ;
#4083 = CARTESIAN_POINT ( 'NONE',  ( 0.000000000000000000, 0.000000000000000000, 0.000000000000000000 ) ) ;
#4084 = AXIS2_PLACEMENT_3D ( 'NONE', #3277, #1601, #1581 ) ;
#4085 = LINE ( 'NONE', #4128, #1699 ) ;
#4086 = PLANE ( 'NONE',  #2051 ) ;
#4087 =( GEOMETRIC_REPRESENTATION_CONTEXT ( 3 ) GLOBAL_UNCERTAINTY_ASSIGNED_CONTEXT ( ( #1796 ) ) GLOBAL_UNIT_ASSIGNED_CONTEXT ( ( #3338, #786, #47 ) ) REPRESENTATION_CONTEXT ( 'NONE', 'WORKASPACE' ) );
#4088 = DIRECTION ( 'NONE',  ( -0.000000000000000000, 0.000000000000000000, -1.000000000000000000 ) ) ;
#4089 = AXIS2_PLACEMENT_3D ( 'NONE', #3561, #625, #2211 ) ;
#4090 = ORIENTED_EDGE ( 'NONE', *, *, #1003, .T. ) ;
#4091 = CARTESIAN_POINT ( 'NONE',  ( 5.637543338873777010, 6.511776695296637385, -5.666776695296635857 ) ) ;
#4092 = FILL_AREA_STYLE ('',( #2766 ) ) ;
#4093 = MECHANICAL_DESIGN_GEOMETRIC_PRESENTATION_REPRESENTATION (  '', ( #2504 ), #1283 ) ;
#4094 = STYLED_ITEM ( 'NONE', ( #2686 ), #2882 ) ;
#4095 = CARTESIAN_POINT ( 'NONE',  ( 0.8800000000000000044, 1.409999999999999920, -6.700000000000000178 ) ) ;
#4096 = CARTESIAN_POINT ( 'NONE',  ( 0.8800000000000000044, 0.000000000000000000, 5.900000000000000355 ) ) ;
#4097 = EDGE_LOOP ( 'NONE', ( #1858, #3252, #2595, #705 ) ) ;
#4098 = AXIS2_PLACEMENT_3D ( 'NONE', #348, #2221, #3550 ) ;
#4099 = DIRECTION ( 'NONE',  ( 0.000000000000000000, 0.000000000000000000, -1.000000000000000000 ) ) ;
#4100 = CARTESIAN_POINT ( 'NONE',  ( 6.700000000000000178, 0.000000000000000000, -0.8800000000000000044 ) ) ;
#4101 = STYLED_ITEM ( 'NONE', ( #3165 ), #885 ) ;
#4102 = VERTEX_POINT ( 'NONE', #4223 ) ;
#4103 = AXIS2_PLACEMENT_3D ( 'NONE', #642, #2285, #1986 ) ;
#4104 = PLANE ( 'NONE',  #4163 ) ;
#4105 = FACE_OUTER_BOUND ( 'NONE', #3983, .T. ) ;
#4106 = PRODUCT_RELATED_PRODUCT_CATEGORY ( 'part', '', ( #3519 ) ) ;
#4107 = CYLINDRICAL_SURFACE ( 'NONE', #1160, 0.2500000000000002220 ) ;
#4108 = CIRCLE ( 'NONE', #1431, 0.5000000000000000000 ) ;
#4109 = AXIS2_PLACEMENT_3D ( 'NONE', #2867, #570, #1269 ) ;
#4110 = FACE_OUTER_BOUND ( 'NONE', #730, .T. ) ;
#4111 = DIRECTION ( 'NONE',  ( -0.000000000000000000, 1.000000000000000000, 0.000000000000000000 ) ) ;
#4112 = VECTOR ( 'NONE', #3275, 1000.000000000000000 ) ;
#4113 = PLANE ( 'NONE',  #961 ) ;
#4114 = EDGE_CURVE ( 'NONE', #3105, #19, #2206, .T. ) ;
#4115 = EDGE_CURVE ( 'NONE', #2353, #3535, #970, .T. ) ;
#4116 = SURFACE_STYLE_FILL_AREA ( #1497 ) ;
#4117 =( GEOMETRIC_REPRESENTATION_CONTEXT ( 3 ) GLOBAL_UNCERTAINTY_ASSIGNED_CONTEXT ( ( #3814 ) ) GLOBAL_UNIT_ASSIGNED_CONTEXT ( ( #3986, #1346, #113 ) ) REPRESENTATION_CONTEXT ( 'NONE', 'WORKASPACE' ) );
#4118 = ORIENTED_EDGE ( 'NONE', *, *, #626, .F. ) ;
#4119 = SURFACE_SIDE_STYLE ('',( #1102 ) ) ;
#4120 = DIRECTION ( 'NONE',  ( 0.000000000000000000, 0.000000000000000000, -1.000000000000000000 ) ) ;
#4121 = SURFACE_STYLE_FILL_AREA ( #542 ) ;
#4122 = ORIENTED_EDGE ( 'NONE', *, *, #4190, .T. ) ;
#4123 =( NAMED_UNIT ( * ) SI_UNIT ( $, .STERADIAN. ) SOLID_ANGLE_UNIT ( ) );
#4124 = SURFACE_STYLE_FILL_AREA ( #502 ) ;
#4125 = ORIENTED_EDGE ( 'NONE', *, *, #3711, .T. ) ;
#4126 = LINE ( 'NONE', #4169, #3196 ) ;
#4127 = EDGE_LOOP ( 'NONE', ( #2361, #1091, #1974, #543 ) ) ;
#4128 = CARTESIAN_POINT ( 'NONE',  ( -0.8800000000000000044, 1.409999999999999920, 0.000000000000000000 ) ) ;
#4129 = CARTESIAN_POINT ( 'NONE',  ( 4.160876167244000001, 0.000000000000000000, 0.8800000000000000044 ) ) ;
#4130 = DIRECTION ( 'NONE',  ( 0.000000000000000000, 0.000000000000000000, -1.000000000000000000 ) ) ;
#4131 = SURFACE_STYLE_USAGE ( .BOTH. , #1887 ) ;
#4132 =( LENGTH_UNIT ( ) NAMED_UNIT ( * ) SI_UNIT ( .MILLI., .METRE. ) );
#4133 = ORIENTED_EDGE ( 'NONE', *, *, #3437, .F. ) ;
#4134 = SURFACE_STYLE_FILL_AREA ( #2429 ) ;
#4135 = EDGE_CURVE ( 'NONE', #2008, #1124, #3588, .T. ) ;
#4136 = LINE ( 'NONE', #1831, #2570 ) ;
#4137 = EDGE_CURVE ( 'NONE', #2626, #297, #1891, .T. ) ;
#4138 = UNCERTAINTY_MEASURE_WITH_UNIT (LENGTH_MEASURE( 1.000000000000000082E-05 ), #356, 'distance_accuracy_value', 'NONE');
#4139 = VERTEX_POINT ( 'NONE', #2002 ) ;
#4140 =( LENGTH_UNIT ( ) NAMED_UNIT ( * ) SI_UNIT ( .MILLI., .METRE. ) );
#4141 = ORIENTED_EDGE ( 'NONE', *, *, #752, .F. ) ;
#4142 = DIRECTION ( 'NONE',  ( 0.000000000000000000, 0.000000000000000000, 1.000000000000000000 ) ) ;
#4143 = CARTESIAN_POINT ( 'NONE',  ( 0.8800000000000000044, 1.409999999999999920, -5.900000000000000355 ) ) ;
#4144 = VERTEX_POINT ( 'NONE', #3290 ) ;
#4145 = CIRCLE ( 'NONE', #2691, 0.4999999999999998890 ) ;
#4146 = FILL_AREA_STYLE ('',( #2823 ) ) ;
#4147 = CARTESIAN_POINT ( 'NONE',  ( 5.740000000000000213, 0.000000000000000000, -0.8799999999999996714 ) ) ;
#4148 = SURFACE_STYLE_USAGE ( .BOTH. , #218 ) ;
#4149 = ORIENTED_EDGE ( 'NONE', *, *, #2394, .T. ) ;
#4150 = DIRECTION ( 'NONE',  ( -0.000000000000000000, -1.000000000000000000, 0.000000000000000000 ) ) ;
#4151 = AXIS2_PLACEMENT_3D ( 'NONE', #1915, #264, #1953 ) ;
#4152 = FILL_AREA_STYLE_COLOUR ( '', #3260 ) ;
#4153 =( GEOMETRIC_REPRESENTATION_CONTEXT ( 3 ) GLOBAL_UNCERTAINTY_ASSIGNED_CONTEXT ( ( #1854 ) ) GLOBAL_UNIT_ASSIGNED_CONTEXT ( ( #3554, #3229, #4078 ) ) REPRESENTATION_CONTEXT ( 'NONE', 'WORKASPACE' ) );
#4154 = DIRECTION ( 'NONE',  ( -1.000000000000000000, 0.000000000000000000, 0.000000000000000000 ) ) ;
#4155 = EDGE_CURVE ( 'NONE', #75, #2844, #4145, .T. ) ;
#4156 = EDGE_CURVE ( 'NONE', #94, #756, #1045, .T. ) ;
#4157 = UNCERTAINTY_MEASURE_WITH_UNIT (LENGTH_MEASURE( 1.000000000000000082E-05 ), #606, 'distance_accuracy_value', 'NONE');
#4158 = VERTEX_POINT ( 'NONE', #1030 ) ;
#4159 = CARTESIAN_POINT ( 'NONE',  ( -1.149999999999999911, 1.054999999999999938, -25.19629199999999969 ) ) ;
#4160 = ORIENTED_EDGE ( 'NONE', *, *, #4062, .F. ) ;
#4161 =( NAMED_UNIT ( * ) SI_UNIT ( $, .STERADIAN. ) SOLID_ANGLE_UNIT ( ) );
#4162 = VECTOR ( 'NONE', #1047, 1000.000000000000000 ) ;
#4163 = AXIS2_PLACEMENT_3D ( 'NONE', #2443, #1161, #779 ) ;
#4164 =( LENGTH_UNIT ( ) NAMED_UNIT ( * ) SI_UNIT ( .MILLI., .METRE. ) );
#4165 = ADVANCED_FACE ( 'NONE', ( #3032 ), #1724, .T. ) ;
#4166 = MECHANICAL_DESIGN_GEOMETRIC_PRESENTATION_REPRESENTATION (  '', ( #2362 ), #2289 ) ;
#4167 = ORIENTED_EDGE ( 'NONE', *, *, #159, .F. ) ;
#4168 = STYLED_ITEM ( 'NONE', ( #829 ), #850 ) ;
#4169 = CARTESIAN_POINT ( 'NONE',  ( -0.8800000000000000044, 1.409999999999999920, -6.985000000000000320 ) ) ;
#4170 = DIRECTION ( 'NONE',  ( -0.000000000000000000, 0.000000000000000000, -1.000000000000000000 ) ) ;
#4171 = ORIENTED_EDGE ( 'NONE', *, *, #4248, .T. ) ;
#4172 = CIRCLE ( 'NONE', #1835, 0.2500000000000003331 ) ;
#4173 = ORIENTED_EDGE ( 'NONE', *, *, #1166, .T. ) ;
#4174 = CARTESIAN_POINT ( 'NONE',  ( 0.8800000000000000044, 0.000000000000000000, 6.700000000000000178 ) ) ;
#4175 = FACE_OUTER_BOUND ( 'NONE', #997, .T. ) ;
#4176 = CARTESIAN_POINT ( 'NONE',  ( 0.8800000000000000044, 0.000000000000000000, -5.900000000000000355 ) ) ;
#4177 = VECTOR ( 'NONE', #1999, 1000.000000000000000 ) ;
#4178 = VERTEX_POINT ( 'NONE', #2281 ) ;
#4179 = AXIS2_PLACEMENT_3D ( 'NONE', #644, #1924, #2611 ) ;
#4180 = CARTESIAN_POINT ( 'NONE',  ( -5.900000000000000355, -0.1449999999999999900, -0.6500000000000001332 ) ) ;
#4181 = CARTESIAN_POINT ( 'NONE',  ( -5.741379439399342921, 6.333533432351154069, 5.696782978553062371 ) ) ;
#4182 = PLANE ( 'NONE',  #3883 ) ;
#4183 = SURFACE_STYLE_FILL_AREA ( #2584 ) ;
#4184 = ORIENTED_EDGE ( 'NONE', *, *, #1483, .F. ) ;
#4185 = PRESENTATION_STYLE_ASSIGNMENT (( #603 ) ) ;
#4186 = MECHANICAL_DESIGN_GEOMETRIC_PRESENTATION_REPRESENTATION (  '', ( #3215 ), #1442 ) ;
#4187 = DIRECTION ( 'NONE',  ( -0.000000000000000000, -1.000000000000000000, 0.000000000000000000 ) ) ;
#4188 = ORIENTED_EDGE ( 'NONE', *, *, #410, .F. ) ;
#4189 = COLOUR_RGB ( '',0.2509803921568627416, 0.2509803921568627416, 0.2509803921568627416 ) ;
#4190 = EDGE_CURVE ( 'NONE', #75, #4200, #2056, .T. ) ;
#4191 = UNCERTAINTY_MEASURE_WITH_UNIT (LENGTH_MEASURE( 1.000000000000000082E-05 ), #1804, 'distance_accuracy_value', 'NONE');
#4192 = ADVANCED_FACE ( 'NONE', ( #1739 ), #3954, .T. ) ;
#4193 = PRESENTATION_LAYER_ASSIGNMENT (  '', '', ( #633 ) ) ;
#4194 = CARTESIAN_POINT ( 'NONE',  ( -5.637543338873777010, 6.511776695296637385, 5.666776695296635857 ) ) ;
#4195 = CARTESIAN_POINT ( 'NONE',  ( 5.490000000000000213, 6.334999999999999964, 5.490000000000000213 ) ) ;
#4196 = ORIENTED_EDGE ( 'NONE', *, *, #1244, .T. ) ;
#4197 = APPLICATION_PROTOCOL_DEFINITION ( 'draft international standard', 'automotive_design', 1998, #1757 ) ;
#4198 = DIRECTION ( 'NONE',  ( -1.000000000000000000, 0.000000000000000000, -0.000000000000000000 ) ) ;
#4199 = DIRECTION ( 'NONE',  ( -0.000000000000000000, -0.000000000000000000, -1.000000000000000000 ) ) ;
#4200 = VERTEX_POINT ( 'NONE', #3454 ) ;
#4201 = DIRECTION ( 'NONE',  ( -1.000000000000000000, 0.000000000000000000, 0.000000000000000000 ) ) ;
#4202 = LINE ( 'NONE', #328, #99 ) ;
#4203 = CARTESIAN_POINT ( 'NONE',  ( -5.637543338873777898, 6.450662243297308862, 5.727891147295966157 ) ) ;
#4204 = FILL_AREA_STYLE_COLOUR ( '', #57 ) ;
#4205 = ORIENTED_EDGE ( 'NONE', *, *, #3, .F. ) ;
#4206 = DIRECTION ( 'NONE',  ( -1.000000000000000000, 0.000000000000000000, 0.000000000000000000 ) ) ;
#4207 = CARTESIAN_POINT ( 'NONE',  ( 6.985000000000000320, 0.000000000000000000, 0.8800000000000000044 ) ) ;
#4208 = FACE_OUTER_BOUND ( 'NONE', #3664, .T. ) ;
#4209 = SURFACE_SIDE_STYLE ('',( #3595 ) ) ;
#4210 = VERTEX_POINT ( 'NONE', #3102 ) ;
#4211 = CARTESIAN_POINT ( 'NONE',  ( -5.899999999999998579, 0.3549999999999999822, 0.6500000000000001332 ) ) ;
#4212 = DIRECTION ( 'NONE',  ( 0.000000000000000000, 0.000000000000000000, 1.000000000000000000 ) ) ;
#4213 = CARTESIAN_POINT ( 'NONE',  ( 5.592658205452108788, 6.437658205452111204, 5.741379439399345586 ) ) ;
#4214 = EDGE_CURVE ( 'NONE', #3498, #19, #3593, .T. ) ;
#4215 = ADVANCED_FACE ( 'NONE', ( #2808 ), #1116, .F. ) ;
#4216 = VERTEX_POINT ( 'NONE', #197 ) ;
#4217 = FILL_AREA_STYLE ('',( #3968 ) ) ;
#4218 = DIRECTION ( 'NONE',  ( 0.000000000000000000, 0.000000000000000000, 1.000000000000000000 ) ) ;
#4219 = CARTESIAN_POINT ( 'NONE',  ( -1.149999999999999911, 0.000000000000000000, 5.900000000000000355 ) ) ;
#4220 =( GEOMETRIC_REPRESENTATION_CONTEXT ( 3 ) GLOBAL_UNCERTAINTY_ASSIGNED_CONTEXT ( ( #2389 ) ) GLOBAL_UNIT_ASSIGNED_CONTEXT ( ( #16, #40, #2348 ) ) REPRESENTATION_CONTEXT ( 'NONE', 'WORKASPACE' ) );
#4221 = ORIENTED_EDGE ( 'NONE', *, *, #4156, .F. ) ;
#4222 = DIRECTION ( 'NONE',  ( 0.000000000000000000, 0.000000000000000000, -1.000000000000000000 ) ) ;
#4223 = CARTESIAN_POINT ( 'NONE',  ( -6.985000000000000320, 0.000000000000000000, 0.8800000000000000044 ) ) ;
#4224 = FACE_OUTER_BOUND ( 'NONE', #1322, .T. ) ;
#4225 = VECTOR ( 'NONE', #1107, 1000.000000000000000 ) ;
#4226 =( LENGTH_UNIT ( ) NAMED_UNIT ( * ) SI_UNIT ( .MILLI., .METRE. ) );
#4227 = FILL_AREA_STYLE_COLOUR ( '', #1952 ) ;
#4228 = ORIENTED_EDGE ( 'NONE', *, *, #1923, .F. ) ;
#4229 = FACE_OUTER_BOUND ( 'NONE', #1183, .T. ) ;
#4230 = VECTOR ( 'NONE', #1746, 1000.000000000000000 ) ;
#4231 = PRESENTATION_STYLE_ASSIGNMENT (( #2230 ) ) ;
#4232 = COLOUR_RGB ( '',0.2509803921568627416, 0.2509803921568627416, 0.2509803921568627416 ) ;
#4233 = DIRECTION ( 'NONE',  ( 0.000000000000000000, 0.000000000000000000, 1.000000000000000000 ) ) ;
#4234 = ORIENTED_EDGE ( 'NONE', *, *, #3292, .F. ) ;
#4235 = MECHANICAL_DESIGN_GEOMETRIC_PRESENTATION_REPRESENTATION (  '', ( #2359 ), #604 ) ;
#4236 =( GEOMETRIC_REPRESENTATION_CONTEXT ( 3 ) GLOBAL_UNCERTAINTY_ASSIGNED_CONTEXT ( ( #33 ) ) GLOBAL_UNIT_ASSIGNED_CONTEXT ( ( #384, #1375, #3710 ) ) REPRESENTATION_CONTEXT ( 'NONE', 'WORKASPACE' ) );
#4237 = CARTESIAN_POINT ( 'NONE',  ( 0.000000000000000000, 1.554999999999999938, -5.900000000000000355 ) ) ;
#4238 = PRESENTATION_LAYER_ASSIGNMENT (  '', '', ( #3264 ) ) ;
#4239 = CARTESIAN_POINT ( 'NONE',  ( -5.490000000000001101, 6.511776695296638273, 5.666776695296636746 ) ) ;
#4240 = FILL_AREA_STYLE ('',( #3782 ) ) ;
#4241 = CIRCLE ( 'NONE', #2366, 0.4999999999999998890 ) ;
#4242 = AXIS2_PLACEMENT_3D ( 'NONE', #1142, #2758, #436 ) ;
#4243 =( LENGTH_UNIT ( ) NAMED_UNIT ( * ) SI_UNIT ( .MILLI., .METRE. ) );
#4244 = SURFACE_STYLE_USAGE ( .BOTH. , #1588 ) ;
#4245 = DIRECTION ( 'NONE',  ( -1.000000000000000000, 0.000000000000000000, 0.000000000000000000 ) ) ;
#4246 = CARTESIAN_POINT ( 'NONE',  ( -1.149999999999999911, 1.554999999999999938, 5.900000000000000355 ) ) ;
#4247 = STYLED_ITEM ( 'NONE', ( #3509 ), #1379 ) ;
#4248 = EDGE_CURVE ( 'NONE', #2414, #3911, #553, .T. ) ;
#4249 = ADVANCED_FACE ( 'NONE', ( #3083 ), #486, .T. ) ;
#4250 = CARTESIAN_POINT ( 'NONE',  ( -0.8800000000000000044, 1.409999999999999920, 6.700000000000000178 ) ) ;
#4251 = CARTESIAN_POINT ( 'NONE',  ( -6.700000000000000178, 0.000000000000000000, 0.000000000000000000 ) ) ;
#4252 = ORIENTED_EDGE ( 'NONE', *, *, #2679, .T. ) ;
#4253 = STYLED_ITEM ( 'NONE', ( #2881 ), #1637 ) ;
#4254 = FILL_AREA_STYLE_COLOUR ( '', #248 ) ;
#4255 = DIRECTION ( 'NONE',  ( -0.000000000000000000, 1.000000000000000000, 0.000000000000000000 ) ) ;
#4256 = VECTOR ( 'NONE', #249, 1000.000000000000000 ) ;
#4257 = DIRECTION ( 'NONE',  ( 0.000000000000000000, 0.000000000000000000, 1.000000000000000000 ) ) ;
#4258 = ORIENTED_EDGE ( 'NONE', *, *, #500, .T. ) ;
#4259 = DIRECTION ( 'NONE',  ( 1.000000000000000000, 0.000000000000000000, 0.000000000000000000 ) ) ;
#4260 = LINE ( 'NONE', #649, #2446 ) ;
#4261 =( GEOMETRIC_REPRESENTATION_CONTEXT ( 3 ) GLOBAL_UNCERTAINTY_ASSIGNED_CONTEXT ( ( #2998 ) ) GLOBAL_UNIT_ASSIGNED_CONTEXT ( ( #2220, #1912, #3201 ) ) REPRESENTATION_CONTEXT ( 'NONE', 'WORKASPACE' ) );
#4262 = CARTESIAN_POINT ( 'NONE',  ( 5.414906099201959755, 6.615410311702259349, 5.489999999999993108 ) ) ;
#4263 = MECHANICAL_DESIGN_GEOMETRIC_PRESENTATION_REPRESENTATION (  '', ( #1978 ), #3218 ) ;
#4264 = SURFACE_STYLE_FILL_AREA ( #2845 ) ;
#4265 = FILL_AREA_STYLE_COLOUR ( '', #3263 ) ;
#4266 =( NAMED_UNIT ( * ) PLANE_ANGLE_UNIT ( ) SI_UNIT ( $, .RADIAN. ) );
#4267 = LINE ( 'NONE', #1320, #537 ) ;
ENDSEC;
END-ISO-10303-21;
